surface,seed,condition,E_mu,E_Sigma,drift_loss,MTE@0.1,MTE@0.5,MTE@1.0,W2@1.0,sW2@0.1,sW2@0.2,sW2@0.5,sW2@1.0,MMD@1.0,survival@1.0,stopped@1.0
paraboloid,42,baseline,3.071467638015747,5.7199625968933105,3.0657267570495605,0.8302099826872216,1.236535438021323,1.2676156180245535,0.6928530841354397,0.5104691950296658,0.7300421294101395,0.8249235426238974,1.2929748850020948,0.2251887172460556,0.2800000011920929,0.04200000315904617
paraboloid,42,T+F (dec),0.11713729798793793,0.09051136672496796,0.44734129309654236,0.4268991856904232,1.0207407098067434,1.5329456874302456,1.3251780668056758,0.20873855758642293,0.3588981726874849,0.6285579004055768,1.0348863655155214,0.45214250683784485,0.2800000011920929,0.04200000315904617
paraboloid,42,T+F (enc),0.11713729798793793,0.09051136672496796,0.5973451137542725,0.42101636177181934,0.8240560660684916,0.9828602382114955,0.6173131101181286,0.16844036797758724,0.2698718819207888,0.5461691273119631,0.7450817463744331,0.3249853849411011,0.2800000011920929,0.04200000315904617
paraboloid,1042,baseline,2.7034053802490234,10.344493865966797,1.1381522417068481,0.7907672703664393,1.2138792130140568,1.4042669718697567,0.9599737631283303,0.34384069902195913,0.5494186567330064,0.6458703179504913,0.9626840762899302,0.2154117375612259,0.2980000078678131,0.06200000271201134
paraboloid,1042,T+F (dec),0.04910260811448097,0.062044717371463776,0.1513679325580597,0.8186245856678035,1.3693575380460037,1.6392483295210256,0.9504961893064349,0.4725850418797755,0.6274513007349228,0.7845871724324318,1.204055402411021,0.2981018126010895,0.2980000078678131,0.06200000271201134
paraboloid,1042,T+F (enc),0.04910260811448097,0.062044717371463776,0.5182822942733765,0.7808201711268096,1.115178331566566,1.214907652579698,0.8119319891762514,0.36764004167172,0.4523788200590183,0.33997774748603493,0.7622649529146868,0.1804775595664978,0.2980000078678131,0.06200000271201134
paraboloid,2042,baseline,0.6596967577934265,0.33781418204307556,3.2509384155273438,0.8050838269685444,1.2533925374348958,1.1511817874765038,0.6587494560121949,0.39901679184537214,0.5891615658776108,0.8681606014008932,0.38806169943272034,0.2327445149421692,0.26600000262260437,0.04800000041723251
paraboloid,2042,T+F (dec),0.05445057898759842,0.03325977176427841,0.45414090156555176,0.787001091137267,1.33108641609313,1.4403937777182214,1.0094488204110237,0.7046668496852745,0.9543228953189901,1.0873505289620573,1.1989742466252764,0.32056212425231934,0.26600000262260437,0.04800000041723251
paraboloid,2042,T+F (enc),0.05445057898759842,0.03325977176427841,0.7362107038497925,0.7537856520267955,1.1757238478887648,1.203528726907601,0.6476415546338481,0.5983996906378565,0.7570964548235032,0.5824804013645751,0.7716981758558674,0.19531279802322388,0.26600000262260437,0.04800000041723251
paraboloid,3042,baseline,0.2586650252342224,0.2100289911031723,6.451461315155029,0.9246196873700804,1.334958887811917,1.289996203254251,0.5507706746525426,0.3866185783423183,0.5624195590969452,0.4839525468368142,0.5240508155196898,0.17752063274383545,0.2720000147819519,0.05000000074505806
paraboloid,3042,T+F (dec),0.071581169962883,0.03644804656505585,0.4385438561439514,1.0514296977853035,2.049772803463153,2.5175628662109375,2.355421662801929,0.7539038630545226,1.185888074289853,1.9426222484821256,2.5648666189638547,0.4153421223163605,0.2720000147819519,0.05000000074505806
paraboloid,3042,T+F (enc),0.071581169962883,0.03644804656505585,0.4157181978225708,1.0190611033640522,1.6593868198679453,1.6918913897346048,1.2382701264004956,0.6579227217887136,0.9817614055922317,1.2939883431014416,1.1583717507449756,0.2823445796966553,0.2720000147819519,0.05000000074505806
paraboloid,4042,baseline,0.755115270614624,0.6465664505958557,2.193511724472046,1.0763341940923266,1.6346796209161931,1.6532658786638408,1.018522387282604,0.4637571792198732,0.8080314115695173,0.8429535600993108,0.9888507547808253,0.26462996006011963,0.28200000524520874,0.06000000238418579
paraboloid,4042,T+F (dec),0.08776608854532242,0.07615158706903458,0.3065893352031708,1.079818692486612,1.8441016457297585,2.2239189418495124,1.6789107004566197,0.5753439718378186,0.9462460541548255,1.2227539930505473,2.1171461609233337,0.3827017843723297,0.28200000524520874,0.06000000238418579
paraboloid,4042,T+F (enc),0.08776608854532242,0.07615158706903458,0.25285762548446655,1.0596680217089207,1.696420380563447,1.9275858994071364,1.3363931977550305,0.5150070323948495,0.8190260898149289,1.0084938639954653,1.9644114318279633,0.3161095976829529,0.28200000524520874,0.06000000238418579
paraboloid,5042,baseline,1.832313060760498,2.777921199798584,1.3138068914413452,0.9601251287774726,1.3476927359605628,1.3850958772407946,1.2281380536941944,0.6338980006564344,0.6696314859412942,0.8075215159653738,1.3739995876916713,0.5080612897872925,0.2580000162124634,0.06599999964237213
paraboloid,5042,T+F (dec),0.37211933732032776,0.6019513607025146,0.16735084354877472,0.964533208490728,1.7105069881875576,1.866573836452277,1.7802899220184174,0.7144763007235267,0.8862353146934993,1.1494303850862078,1.69532827011208,0.3770299553871155,0.2580000162124634,0.06599999964237213
paraboloid,5042,T+F (enc),0.37211933732032776,0.6019513607025146,0.11898975074291229,0.9060352367359203,1.4151485203816883,1.4097072394319283,1.2301119129135956,0.5294063926680062,0.5798863155961784,0.6287267870655506,1.282281615722118,0.3049948513507843,0.2580000162124634,0.06599999964237213
paraboloid,6042,baseline,1.9647536277770996,1.5192251205444336,1.8365117311477661,0.8187288796849188,1.1800058920552412,1.0964680839987362,0.9994624056597602,0.4854450407495332,0.5504714253631999,0.6221464918339902,0.6670836704753864,0.3388478457927704,0.2720000147819519,0.06000000238418579
paraboloid,6042,T+F (dec),0.10333014279603958,0.13985459506511688,0.5340849757194519,0.7355743273764455,1.2862133116234007,1.2693657594568588,0.8418723236800659,0.33405333025494194,0.39967088005409834,0.5002294915282838,0.7054488703453329,0.2658006548881531,0.2720000147819519,0.06000000238418579
paraboloid,6042,T+F (enc),0.10333014279603958,0.13985459506511688,0.588752269744873,0.734688040443454,1.2455821600485975,1.216696122113396,0.8337752778801358,0.30987711286238445,0.3601056077039845,0.4704346088771893,0.6304194320792236,0.248581200838089,0.2720000147819519,0.06000000238418579
paraboloid,7042,baseline,1.0530272722244263,1.1409159898757935,1.6830334663391113,0.8556165653178345,1.2825549897693453,1.3429529401991103,0.6857126817594833,0.43513291023271455,0.5559018231483149,0.5178282989394282,0.5941727538641898,0.16262368857860565,0.2880000174045563,0.058000002056360245
paraboloid,7042,T+F (dec),0.042311787605285645,0.046848759055137634,0.1441386491060257,0.8808541991111991,1.5950724283854167,1.854983647664388,1.2223929294781068,0.5733314118417581,0.8374780644497722,0.9650309326775215,1.45478436983829,0.3864399790763855,0.2880000174045563,0.058000002056360245
paraboloid,7042,T+F (enc),0.042311787605285645,0.046848759055137634,0.2289031594991684,0.8618945151173596,1.4327765943366528,1.496650801764594,0.7453267082179172,0.5255776057786267,0.7305841375945394,0.7389012416762514,1.0203793732970803,0.2746531069278717,0.2880000174045563,0.058000002056360245
paraboloid,8042,baseline,0.5231580138206482,1.0148890018463135,1.327428936958313,0.7677297592163086,1.1008878209284232,1.4555630154079862,1.1197601072659642,0.359392756013356,0.4852563490022917,0.7705940080318279,1.5369449090915153,0.2441132813692093,0.27000001072883606,0.058000002056360245
paraboloid,8042,T+F (dec),0.0922112688422203,0.04778461530804634,0.24095594882965088,0.7095821925571987,1.2486359528980808,1.554771253797743,0.9167082208376144,0.3291038356493067,0.48341962837321967,0.8366866374255253,1.586189773406795,0.3067133128643036,0.27000001072883606,0.058000002056360245
paraboloid,8042,T+F (enc),0.0922112688422203,0.04778461530804634,0.3027021586894989,0.7035707746233258,1.1144961281930756,1.3508243136935765,0.6886322906502935,0.29984096771443935,0.4264889979090099,0.6559877258760453,1.2284923212156074,0.2498440146446228,0.27000001072883606,0.058000002056360245
paraboloid,9042,baseline,0.9120296239852905,2.375515937805176,2.417351722717285,0.8630570062981828,1.2476492919921875,1.5863502448332225,1.0500249134314077,0.4231331168397833,0.4553106595581094,0.8020007711656775,1.0052032237919557,0.319326788187027,0.28200000524520874,0.04400000348687172
paraboloid,9042,T+F (dec),0.07578541338443756,0.13411450386047363,0.28810063004493713,0.7831929076610683,1.3845350341796876,2.0288655166084886,1.5908618237938503,0.445411310341689,0.5987479086239966,1.1946922705045269,1.4668507525111532,0.3780381977558136,0.28200000524520874,0.04400000348687172
paraboloid,9042,T+F (enc),0.07578541338443756,0.13411450386047363,0.2642354965209961,0.7838602612197136,1.368325439453125,1.9189457453734486,1.4561379664787895,0.43843592710476736,0.5836581653896564,1.1394483297297084,1.3188015446118073,0.3354351818561554,0.28200000524520874,0.04400000348687172
hyperbolic_paraboloid,42,baseline,0.13485290110111237,1.313427209854126,0.8403680920600891,0.6469277294813126,1.0801694482789004,1.0267376491001674,0.6071986087960218,0.30020397691083894,0.3249638288313699,0.4362521521044025,0.48111279763546466,0.22631770372390747,0.2800000011920929,0.04200000315904617
hyperbolic_paraboloid,42,T+F (dec),0.7407700419425964,1.8047044277191162,7.575424671173096,0.8050499047362194,1.4930631020911653,1.9208914620535715,1.6037318319720997,0.38367132833251605,0.49053524914903235,1.0694502956607377,1.6138479227626221,0.380206823348999,0.2800000011920929,0.04200000315904617
hyperbolic_paraboloid,42,T+F (enc),0.7407700419425964,1.8047044277191162,2.496856689453125,0.7574091106321339,1.0201494030486373,1.047520010811942,0.5645571301961305,0.3510207369170997,0.37127373835438293,0.62297938628909,0.5304535266675027,0.169447660446167,0.2800000011920929,0.04200000315904617
hyperbolic_paraboloid,1042,baseline,0.31759995222091675,0.36954039335250854,0.5869483351707458,0.7472158996989838,1.292813552799721,1.756928923946099,1.1545028318024095,0.3037160684256848,0.463195039258479,0.6060800419198873,1.2223691675510187,0.22702427208423615,0.2980000078678131,0.06200000271201134
hyperbolic_paraboloid,1042,T+F (dec),0.02245328202843666,0.017485428601503372,0.15430939197540283,0.8798785305235592,1.6088520035867797,2.159697052616401,1.4441586584583659,0.35888167869779364,0.5737869645353184,0.9874638958065699,1.7198163293313704,0.28464409708976746,0.2980000078678131,0.06200000271201134
hyperbolic_paraboloid,1042,T+F (enc),0.02245328202843666,0.017485428601503372,0.20139101147651672,0.8561003075410635,1.4423975607719564,1.8442620399014262,1.233703311544228,0.32114099399638957,0.49752297955977426,0.8370760656694926,1.4072666350804124,0.2233848124742508,0.2980000078678131,0.06200000271201134
hyperbolic_paraboloid,2042,baseline,0.15120843052864075,0.29507729411125183,2.1753926277160645,0.7553313405890214,1.095899430532304,1.1416109701744597,0.6452642403912744,0.24771526420775083,0.33966109245992576,0.4107373266629855,0.4671644310972984,0.22927287220954895,0.26600000262260437,0.04800000041723251
hyperbolic_paraboloid,2042,T+F (dec),0.03178142011165619,0.06140249967575073,0.15076246857643127,0.8590046397426672,1.6578975859142484,2.1068764593368186,1.2673030604633055,0.3833939755687723,0.510423400067015,0.9476664311253341,1.1069723955972743,0.31071189045906067,0.26600000262260437,0.04800000041723251
hyperbolic_paraboloid,2042,T+F (enc),0.03178142011165619,0.06140249967575073,0.7850013971328735,0.8344890527557909,1.423597426641555,1.6528220499368538,0.7442856975202615,0.3182362199316965,0.39987294461274964,0.6931403481020539,0.6430024151642841,0.25310543179512024,0.26600000262260437,0.04800000041723251
hyperbolic_paraboloid,3042,baseline,0.14209958910942078,0.17832814157009125,1.245974063873291,0.7939823937257483,1.1670149618120336,1.2836576349595015,0.5852201806755148,0.33232420376452626,0.41956924987269095,0.6615524726250509,0.5798483464761185,0.16922979056835175,0.2720000147819519,0.05000000074505806
hyperbolic_paraboloid,3042,T+F (dec),0.0037927289959043264,0.002405898179858923,0.213497593998909,0.8174882368607954,1.4471542586141557,1.9326503978056067,1.3070320893555616,0.49482596140593194,0.6587943264788182,1.2706569010399305,1.2165479547175906,0.30979761481285095,0.2720000147819519,0.05000000074505806
hyperbolic_paraboloid,3042,T+F (enc),0.0037927289959043264,0.002405898179858923,0.7687811851501465,0.806189357309278,1.3656838260479827,1.7185967389275045,1.1782218749626179,0.48087602778104616,0.6280700928426799,1.2111712357958102,1.1269942657508,0.25712910294532776,0.2720000147819519,0.05000000074505806
hyperbolic_paraboloid,4042,baseline,0.1613808274269104,0.2537532448768616,1.182173728942871,1.0473805590979188,1.5637209343187737,1.5285932392093307,0.9261405373612651,0.39760656055322435,0.6033631784189873,0.7403703810141807,1.346891351985577,0.22255772352218628,0.28200000524520874,0.06000000238418579
hyperbolic_paraboloid,4042,T+F (dec),0.07620326429605484,0.04115041345357895,0.21868965029716492,1.1195064387455937,1.9427256728663589,2.202012948110594,1.5292930660337023,0.5019390776277349,0.8239176172110367,1.2038230732883985,1.942754673575589,0.3044879138469696,0.28200000524520874,0.06000000238418579
hyperbolic_paraboloid,4042,T+F (enc),0.07620326429605484,0.04115041345357895,0.2665688097476959,1.1018761492085818,1.80052358453924,1.9228154175670435,1.2088292271171748,0.46354820786955747,0.7371232714504188,1.012675371139064,1.696325515563286,0.2734749913215637,0.28200000524520874,0.06000000238418579
hyperbolic_paraboloid,5042,baseline,0.8317157030105591,3.9456191062927246,0.9653924703598022,0.9429465493003091,1.4168809278424817,1.3944425361101018,0.9358693576888144,0.46494586689853346,0.5795001085301652,0.6269171947306112,0.904030006049381,0.3163646161556244,0.2580000162124634,0.06599999964237213
hyperbolic_paraboloid,5042,T+F (dec),0.03861333429813385,0.1772906482219696,0.29895997047424316,0.7961038107400412,1.524603248962177,1.6907960167226865,1.143367569698242,0.27422020164364114,0.4285106973255432,0.6254314432229792,1.171722391383526,0.30312278866767883,0.2580000162124634,0.06599999964237213
hyperbolic_paraboloid,5042,T+F (enc),0.03861333429813385,0.1772906482219696,0.3786652088165283,0.7893619076236263,1.4446620589252768,1.550880372986313,0.8999623869145476,0.25617939070120377,0.3862095048727724,0.5066894045418707,0.8886123609351875,0.2927686870098114,0.2580000162124634,0.06599999964237213
hyperbolic_paraboloid,6042,baseline,0.22740203142166138,1.4295865297317505,0.8991016745567322,0.9145060131728386,1.5632050281434546,1.5345993041992188,1.0406956887793861,0.4870751281169773,0.6349626141519185,0.8074026340426519,1.1217604538821717,0.2322915643453598,0.2720000147819519,0.06000000238418579
hyperbolic_paraboloid,6042,T+F (dec),0.02137255109846592,0.07864195853471756,0.1661527156829834,0.47339203284175385,0.8964847955178088,1.1807899475097656,1.044810138870802,0.2857905968321216,0.38756694587570095,0.6890335294518927,0.8084583006238552,0.3143342435359955,0.2720000147819519,0.06000000238418579
hyperbolic_paraboloid,6042,T+F (enc),0.02137255109846592,0.07864195853471756,0.24374161660671234,0.4644411734022233,0.7891112800658219,0.9857388664694393,0.8368871590126478,0.2636487065046984,0.3390658499366883,0.5533461128500614,0.6190524083537269,0.291119247674942,0.2720000147819519,0.06000000238418579
hyperbolic_paraboloid,7042,baseline,0.1449916511774063,0.08723509311676025,0.9731839895248413,0.7965684126127134,1.1140045054229624,1.1043468051486545,0.5722891506076082,0.33514446861084746,0.43193565859583555,0.4904505118736647,0.5050028931234337,0.1293042153120041,0.2880000174045563,0.058000002056360245
hyperbolic_paraboloid,7042,T+F (dec),0.011183932423591614,0.00438051950186491,0.26169151067733765,0.8926067604367428,1.5794207115313073,1.9782782660590277,1.389811782417602,0.5309095039303576,0.8084991032404125,1.1867996678116288,1.6209016892974772,0.293948769569397,0.2880000174045563,0.058000002056360245
hyperbolic_paraboloid,7042,T+F (enc),0.011183932423591614,0.00438051950186491,0.4393417537212372,0.8690139837727148,1.4363468156192765,1.6854337056477864,1.1467687950041723,0.49477369778922575,0.7323906288730432,1.0778477509509268,1.4188657822027941,0.23883593082427979,0.2880000174045563,0.058000002056360245
hyperbolic_paraboloid,8042,baseline,1.1487843990325928,8.578493118286133,1.566890001296997,0.7513015610831124,0.9937409840184128,1.1342096399377894,0.6666265061653259,0.38892614961539107,0.4372377802346777,0.5466641017807993,0.7636262062682455,0.1230410635471344,0.27000001072883606,0.058000002056360245
hyperbolic_paraboloid,8042,T+F (dec),0.01706547662615776,0.017723483964800835,0.2046366035938263,0.7958752768380302,1.509975069291364,2.0120406539351854,1.317312247078855,0.3806455388544563,0.5195651191350318,0.9308598098599885,1.2967102889557598,0.35377737879753113,0.27000001072883606,0.058000002056360245
hyperbolic_paraboloid,8042,T+F (enc),0.01706547662615776,0.017723483964800835,0.41297632455825806,0.7808264323643276,1.3037431012545384,1.5447131121600115,0.7884624775147417,0.3318331351005243,0.423011226807527,0.6336731378547181,0.7281999598640724,0.2569132149219513,0.27000001072883606,0.058000002056360245
hyperbolic_paraboloid,9042,baseline,0.6535006165504456,4.082369804382324,1.3897792100906372,0.7277352085197549,1.01841162109375,1.1845422839442044,0.8048501898613551,0.4143680717717296,0.52603872008843,0.5199359012201629,0.703378964807189,0.32090145349502563,0.28200000524520874,0.04400000348687172
hyperbolic_paraboloid,9042,T+F (dec),0.03785097599029541,0.13271233439445496,0.1562170386314392,0.977904466805479,1.52771533203125,1.9322154809397163,1.2329383548897404,0.5798772521546935,0.7086269119705876,1.0782606835243005,1.213630742240701,0.247475266456604,0.28200000524520874,0.04400000348687172
hyperbolic_paraboloid,9042,T+F (enc),0.03785097599029541,0.13271233439445496,0.383866548538208,0.9555987387501721,1.3990140380859375,1.702269642065603,0.9804633031736214,0.537146740765496,0.6462264485439622,0.9110819069119973,0.9966034715516012,0.20675265789031982,0.28200000524520874,0.04400000348687172
quartic_dome,42,baseline,1.8160489797592163,1.8832992315292358,0.43192869424819946,0.3622642466113934,0.6122213951627115,0.7274465288434709,0.4205185836613272,0.2554262499306671,0.26993111754362015,0.34802382036396523,0.44562864036629773,0.27729904651641846,0.2800000011920929,0.04200000315904617
quartic_dome,42,T+F (dec),0.2587485909461975,0.040878213942050934,0.4217531085014343,0.30398043014424414,0.6536353548666588,0.8097624642508371,0.4972887592886863,0.17489335028984737,0.21971391302262205,0.39061166804460834,0.530715218416024,0.3006892800331116,0.2800000011920929,0.04200000315904617
quartic_dome,42,T+F (enc),0.2587485909461975,0.040878213942050934,0.33818376064300537,0.3035850609862194,0.6687553233670113,0.846331296648298,0.519536773727054,0.17394349303256712,0.22648911383654027,0.3947020606580441,0.5172991827823001,0.30393537878990173,0.2800000011920929,0.04200000315904617
quartic_dome,1042,baseline,1.1882120370864868,0.7914084196090698,0.3101862668991089,0.6584516835372007,1.0758989185205623,1.2583460455772861,0.7434368975899771,0.3203318026516782,0.38845787632355905,0.5028244916065092,0.6843823303013261,0.18305793404579163,0.2980000078678131,0.06200000271201134
quartic_dome,1042,T+F (dec),0.6132122278213501,0.1877458691596985,0.2838394343852997,0.6739762270105443,1.1742047731761152,1.401186949454698,0.8049738379432477,0.32945916937927855,0.44138839613959857,0.48358155574247863,0.795868016463155,0.2570648789405823,0.2980000078678131,0.06200000271201134
quartic_dome,1042,T+F (enc),0.6132122278213501,0.1877458691596985,0.3921087086200714,0.6846854500887388,1.2240250030857922,1.4477938453623111,0.8488131261224686,0.34937969568203364,0.4805124984636557,0.502370423418248,0.8059368826100085,0.29529693722724915,0.2980000078678131,0.06200000271201134
quartic_dome,2042,baseline,0.510662317276001,0.12686264514923096,0.8457578420639038,0.5756597016987047,0.9627040075877357,0.9712611607142857,0.6408527693796621,0.26628213555117386,0.3689288817755541,0.4884731044555368,0.5154950545312632,0.23508954048156738,0.26600000262260437,0.04800000041723251
quartic_dome,2042,T+F (dec),0.1716178059577942,0.057810455560684204,0.4003407955169678,0.7849517956114652,1.4409077962239583,1.4918741785494007,0.9426897029783908,0.4126076651097475,0.5547810006887461,0.7830247141866198,0.6207266682206418,0.32021981477737427,0.26600000262260437,0.04800000041723251
quartic_dome,2042,T+F (enc),0.1716178059577942,0.057810455560684204,0.30089667439460754,0.7877538580643503,1.454968770345052,1.4718325048460996,0.8553183407301286,0.41975125620830916,0.5684967281107555,0.7823294121003896,0.6093110756326503,0.31612563133239746,0.26600000262260437,0.04800000041723251
quartic_dome,3042,baseline,0.624793291091919,0.3214851915836334,1.1155126094818115,0.8792792275845344,1.5123885425169077,1.6563978756175322,0.9808579217699067,0.40519104073800866,0.5749248046628632,0.8434264087484105,1.2129125322215542,0.3783239424228668,0.2720000147819519,0.05000000074505806
quartic_dome,3042,T+F (dec),0.34637704491615295,0.13733825087547302,0.5058430433273315,0.8788841907306679,1.535331839945779,1.638410680434283,0.7302565056163286,0.3958312606396016,0.6173957573116253,0.7680707363641048,0.8033687064083239,0.2439909130334854,0.2720000147819519,0.05000000074505806
quartic_dome,3042,T+F (enc),0.34637704491615295,0.13733825087547302,0.3608693480491638,0.8838419776798088,1.6000418591855177,1.7755546569824219,0.9006170708866981,0.4101734880978191,0.6510999892514789,0.902792197199868,1.102708651640934,0.29401302337646484,0.2720000147819519,0.05000000074505806
quartic_dome,4042,baseline,0.8346234560012817,0.3071382939815521,0.6327557563781738,0.879996144590564,1.4847231778231533,1.5306598852712212,0.6799606663073541,0.3807839154676184,0.6318149884323085,0.6679993698875737,0.8424602647178102,0.2669923007488251,0.28200000524520874,0.06000000238418579
quartic_dome,4042,T+F (dec),0.18150612711906433,0.04980124533176422,0.2265438288450241,0.8935952672730816,1.6162530147668086,1.870106798537234,1.2171257237966724,0.45103062642089525,0.7232772798429733,0.9504367040212617,1.5489346721315356,0.3274780511856079,0.28200000524520874,0.06000000238418579
quartic_dome,4042,T+F (enc),0.18150612711906433,0.04980124533176422,0.2743488848209381,0.8900762131829583,1.6057778560754024,1.8811571919326242,1.2054652645185726,0.4406943264315762,0.7010228842006849,0.9160186781163125,1.550937293375035,0.3252013623714447,0.28200000524520874,0.06000000238418579
quartic_dome,5042,baseline,0.8626812696456909,0.9734286069869995,0.5515649914741516,0.8838433904962225,1.4048229935424354,1.3783132863599201,0.6902048684290992,0.36481692335925986,0.40365964408610194,0.5071137882493579,0.9303120420983692,0.24962373077869415,0.2580000162124634,0.06599999964237213
quartic_dome,5042,T+F (dec),0.7721297740936279,0.8968808054924011,0.4834841787815094,0.8802600902515453,1.5201087191535978,1.5638560213783914,0.9566379420887311,0.376185025440938,0.4759956088831253,0.6473267784556295,1.1128840332556638,0.3158538043498993,0.2580000162124634,0.06599999964237213
quartic_dome,5042,T+F (enc),0.7721297740936279,0.8968808054924011,0.6975260376930237,0.874173812027816,1.493624979279578,1.5335175270257995,0.9266406739701256,0.3619789098896456,0.45142176397720435,0.612158268662587,1.0755148758087534,0.30616050958633423,0.2580000162124634,0.06599999964237213
quartic_dome,6042,baseline,0.7742617130279541,0.5991562604904175,0.7766448855400085,0.6983801215755782,1.235905684824065,1.3961130030014937,1.0984085129296648,0.36736060193580616,0.4597362826202529,0.64290489330848,1.1395705858153398,0.3952343463897705,0.2720000147819519,0.06000000238418579
quartic_dome,6042,T+F (dec),0.18383103609085083,0.09251172095537186,0.1966302990913391,0.6258579203735889,1.2512879859744095,1.3653821384205538,1.0780669266925422,0.3155853062063408,0.476981584497993,0.6450137509530383,1.1850260231960597,0.3110240399837494,0.2720000147819519,0.06000000238418579
quartic_dome,6042,T+F (enc),0.18383103609085083,0.09251172095537186,0.17531582713127136,0.625635626032489,1.2477395365557333,1.3583315681008732,1.103231633890523,0.3169441170770248,0.4827275010486612,0.6538319573969984,1.2184136947601636,0.31899136304855347,0.2720000147819519,0.06000000238418579
quartic_dome,7042,baseline,0.9080390334129333,0.654021680355072,0.562109112739563,0.6517223744665473,1.0537848280463027,1.0797186957465277,0.5498073613858592,0.3357788220473831,0.42620920892711317,0.4379148993873272,0.615467311816275,0.21048830449581146,0.2880000174045563,0.058000002056360245
quartic_dome,7042,T+F (dec),0.14528493583202362,0.05556156858801842,0.22992949187755585,0.6682134283796806,1.1668607271634615,1.3611990610758464,0.8731492675529348,0.3592680695045751,0.5077158254868998,0.6657359605661313,1.0554046236617773,0.2651421129703522,0.2880000174045563,0.058000002056360245
quartic_dome,7042,T+F (enc),0.14528493583202362,0.05556156858801842,0.21003542840480804,0.6679257296255506,1.15144286662231,1.3059688144259982,0.8029231362119676,0.3615706172401932,0.510269326774123,0.6404321542962055,0.9757681994322285,0.24722127616405487,0.2880000174045563,0.058000002056360245
quartic_dome,8042,baseline,1.0914593935012817,0.2552891671657562,0.4366367757320404,0.6455080849783761,1.0461906971278527,1.2008614999276621,0.5464049247026919,0.2705068855735127,0.39265965173484685,0.47737969386811274,0.6274337703598989,0.21074554324150085,0.27000001072883606,0.058000002056360245
quartic_dome,8042,T+F (dec),0.2965857684612274,0.0908515602350235,0.2703538239002228,0.6791770117623466,1.186510141459738,1.386640308521412,0.8505917713049411,0.44874697076851955,0.6196593269890388,0.646014906137646,0.5985752362780389,0.2501341998577118,0.27000001072883606,0.058000002056360245
quartic_dome,8042,T+F (enc),0.2965857684612274,0.0908515602350235,0.3829849660396576,0.6804474421909877,1.1848792871498963,1.409837962962963,0.9189711733347334,0.4561963980072155,0.6312514169008948,0.666425904101713,0.6568230184933054,0.2604880928993225,0.27000001072883606,0.058000002056360245
quartic_dome,9042,baseline,0.7720305323600769,0.9227451682090759,0.4934397339820862,0.36371978894204293,0.5755160522460937,0.7065937231618462,0.5139712843461338,0.26462924043821257,0.2623117624545962,0.38106869433085544,0.43061290213759223,0.22066207230091095,0.28200000524520874,0.04400000348687172
quartic_dome,9042,T+F (dec),0.2783222496509552,0.05490978807210922,0.22866004705429077,0.29518409762613573,0.5485303955078125,0.7451031191129212,0.5540385448829077,0.21710406789321757,0.2052207044111262,0.32487630635412285,0.44358904484725825,0.2661822438240051,0.28200000524520874,0.04400000348687172
quartic_dome,9042,T+F (enc),0.2783222496509552,0.05490978807210922,0.1912873089313507,0.2946064146604832,0.56118359375,0.7749680322958222,0.6561196354677293,0.22275546752860131,0.2202403840715505,0.367367546495525,0.40091248292347254,0.27830788493156433,0.28200000524520874,0.04400000348687172
sinusoidal,42,baseline,0.12357640266418457,0.23749631643295288,0.31827935576438904,0.2865523102554287,0.5937144344014332,0.755712890625,0.4071339595389438,0.15342217886667764,0.1898994883681504,0.35481054251950955,0.5000785946098684,0.2265959084033966,0.2800000011920929,0.04200000315904617
sinusoidal,42,T+F (dec),0.034910522401332855,0.01841016113758087,0.17662088572978973,0.27479650076885265,0.6560599535031426,0.9141960144042969,0.5327315009843193,0.1512343025978359,0.2157107217501585,0.4075837227371078,0.6827483959021181,0.2727152407169342,0.2800000011920929,0.04200000315904617
sinusoidal,42,T+F (enc),0.034910522401332855,0.01841016113758087,0.16170048713684082,0.27530179098082547,0.6594415535604147,0.9207859584263393,0.5335420329679987,0.14971919550492802,0.2115506191753456,0.3946238840534821,0.6397261910308557,0.2751314342021942,0.2800000011920929,0.04200000315904617
sinusoidal,1042,baseline,0.09708386659622192,0.17004697024822235,0.35957154631614685,0.6930279636170658,1.2446100738411943,1.5270497366886011,0.7525082793777383,0.21812370575795842,0.33099310184087655,0.49579099375527136,0.8017367900963939,0.20634981989860535,0.2980000078678131,0.06200000271201134
sinusoidal,1042,T+F (dec),0.028838220983743668,0.02438751794397831,0.1490427404642105,0.784460666715966,1.473669569731645,1.7642453596895973,0.7612450807308543,0.27943456930239663,0.37472669494414496,0.5035354432490196,1.014308899517445,0.25810685753822327,0.2980000078678131,0.06200000271201134
sinusoidal,1042,T+F (enc),0.028838220983743668,0.02438751794397831,0.19136252999305725,0.7818258238794543,1.4549599119278578,1.714539700706533,0.7092536287017291,0.2731135755110642,0.3639516404729437,0.48043176695540435,0.9721610746928634,0.246787890791893,0.2980000078678131,0.06200000271201134
sinusoidal,2042,baseline,0.09494296461343765,0.29974305629730225,0.5192669630050659,1.000757987039131,1.8494824606274802,1.7767633423769384,0.6998927011846344,0.439131505278167,0.6096023001978551,0.860060052096617,0.7796943096476366,0.24056735634803772,0.26600000262260437,0.04800000041723251
sinusoidal,2042,T+F (dec),0.03241004794836044,0.025821583345532417,0.16823679208755493,0.8792112250077097,1.6615836733863467,1.6387049165883458,0.7861343964537735,0.464998052028036,0.6127169834233094,0.7799892693405008,0.6263674565925175,0.2890196144580841,0.26600000262260437,0.04800000041723251
sinusoidal,2042,T+F (enc),0.03241004794836044,0.025821583345532417,0.2604447603225708,0.8691829212924891,1.6005726163349454,1.5346406635485197,0.6422060945637932,0.4363878610655476,0.5514412095803142,0.6931433533479269,0.48675205209650846,0.26087063550949097,0.26600000262260437,0.04800000041723251
sinusoidal,3042,baseline,0.08898688852787018,0.17263109982013702,0.3942582309246063,0.9894156107088414,1.7551543961710006,1.9317709978889017,0.7217253710999046,0.36866336032085884,0.5537051749909901,0.7932438568328637,0.9268661672038823,0.2207736074924469,0.2720000147819519,0.05000000074505806
sinusoidal,3042,T+F (dec),0.028333596885204315,0.012640568427741528,0.2424858808517456,1.0090857123059866,1.870480779391616,2.1359041999368107,1.013265693820355,0.43260419059282773,0.6911420401579105,0.9475714715654189,1.0970946240155004,0.2577808201313019,0.2720000147819519,0.05000000074505806
sinusoidal,3042,T+F (enc),0.028333596885204315,0.012640568427741528,0.2538738548755646,1.0062358712409922,1.837154103748834,2.0717194501091454,0.9062536328686146,0.42323277098060147,0.6702393070353653,0.8933194415624252,0.9933072661886797,0.24418969452381134,0.2720000147819519,0.05000000074505806
sinusoidal,4042,baseline,0.07536546140909195,0.10934139788150787,0.36009013652801514,0.6185219324074702,1.1203028361002605,1.338587334815492,0.6713671298584979,0.2425114179052629,0.3860514693365876,0.5771465715973194,0.7457864314832447,0.25931549072265625,0.28200000524520874,0.06000000238418579
sinusoidal,4042,T+F (dec),0.03829421475529671,0.02225649170577526,0.20352372527122498,0.836048713733731,1.499754472212358,1.6548230326767508,0.7503867709474912,0.29751536809940465,0.44794990302856946,0.6437758761653081,1.0823932726066186,0.3008597195148468,0.28200000524520874,0.06000000238418579
sinusoidal,4042,T+F (enc),0.03829421475529671,0.02225649170577526,0.2666970193386078,0.8329169879507863,1.4799779256184895,1.6258494059244792,0.7596245653360648,0.2904143499803185,0.4302323588534449,0.6404264439737466,1.0972370211425473,0.3010137975215912,0.28200000524520874,0.06000000238418579
sinusoidal,5042,baseline,0.14798879623413086,0.279295414686203,0.31428977847099304,0.9576048463255494,1.702777482486739,1.7911249205123547,0.8250379936039989,0.3097389821902079,0.45104501094420596,0.5903871860230112,1.0102349524289465,0.2776287794113159,0.2580000162124634,0.06599999964237213
sinusoidal,5042,T+F (dec),0.007238489575684071,0.004533801693469286,0.14377912878990173,0.9596534812843407,1.7970923392095248,1.9314901662427326,1.0003129217457252,0.39125045248370016,0.5751630211680094,0.7984288526056769,1.1709435770696004,0.307768851518631,0.2580000162124634,0.06599999964237213
sinusoidal,5042,T+F (enc),0.007238489575684071,0.004533801693469286,0.2350475937128067,0.9512816041380494,1.7537563647731205,1.8928894516109496,0.9863863732300636,0.3638623073868968,0.5347684356095423,0.7395475109589157,1.1229631568151803,0.30095240473747253,0.2580000162124634,0.06599999964237213
sinusoidal,6042,baseline,0.15917040407657623,0.15078336000442505,0.35090383887290955,0.7110743585662169,1.4160377322219488,1.5502328311695772,1.0486154879773626,0.3132763819689848,0.44876912020109877,0.6568630703040064,1.1033748089002313,0.2883084714412689,0.2720000147819519,0.06000000238418579
sinusoidal,6042,T+F (dec),0.02585398219525814,0.012433315627276897,0.1458287537097931,0.3652338372453194,0.6605971929595227,0.904012960546157,0.8086113561294546,0.2296555383095839,0.28639215872651813,0.5078662732980025,0.6497295716507538,0.3001643121242523,0.2720000147819519,0.06000000238418579
sinusoidal,6042,T+F (enc),0.02585398219525814,0.012433315627276897,0.1849972903728485,0.3623141990359134,0.6453357606422244,0.874135410084444,0.7699783940219,0.22437431710257424,0.2767122215335054,0.4823788904113471,0.6090754102647046,0.2946135103702545,0.2720000147819519,0.06000000238418579
sinusoidal,7042,baseline,0.0643419548869133,0.14569279551506042,0.43709343671798706,0.7505582565778153,1.3039613381410255,1.410810046725803,0.5616182320854697,0.33510911234318747,0.4579964651794156,0.4505475468508823,0.5445837115631667,0.21566171944141388,0.2880000174045563,0.058000002056360245
sinusoidal,7042,T+F (dec),0.041801922023296356,0.03193078190088272,0.19548162817955017,0.7551953151887734,1.3885200696113782,1.5312964121500652,0.8125048344731417,0.3761842145920048,0.5358006994910891,0.6342838135961628,0.6042670294458279,0.25167688727378845,0.2880000174045563,0.058000002056360245
sinusoidal,7042,T+F (enc),0.041801922023296356,0.03193078190088272,0.2858809232711792,0.7510448573444384,1.3640028286329555,1.4952212439643011,0.8096650301477338,0.36417131530193175,0.5093658932187799,0.5962001351985242,0.6064258882435679,0.2471930831670761,0.2880000174045563,0.058000002056360245
sinusoidal,8042,baseline,0.07802228629589081,0.0982239693403244,0.48716849088668823,0.5091823850359235,0.9878303242916883,1.1721524839048032,0.5684979731395541,0.2528736536559637,0.361744033070788,0.5934833922800844,1.0397198933808283,0.18367132544517517,0.27000001072883606,0.058000002056360245
sinusoidal,8042,T+F (dec),0.005130451638251543,0.003335636807605624,0.21634984016418457,0.5401195117405483,1.1443608074267375,1.546011013454861,0.8124389047760934,0.2526449450587161,0.3522380509218786,0.6709245227320411,1.0017302256788656,0.2657290995121002,0.27000001072883606,0.058000002056360245
sinusoidal,8042,T+F (enc),0.005130451638251543,0.003335636807605624,0.2075885534286499,0.5404502323695591,1.1395691677742479,1.5274169921875,0.7832628671098667,0.2525634172098417,0.3499685958942731,0.6584021388845704,1.0087653769592833,0.2638675570487976,0.27000001072883606,0.058000002056360245
sinusoidal,9042,baseline,0.09337100386619568,0.18041877448558807,0.352592796087265,0.6553668723757572,1.118205322265625,1.4575318681432845,0.6378324932307302,0.29892232594540635,0.40044739475627816,0.6968939109371853,0.8034039014875486,0.1832941770553589,0.28200000524520874,0.04400000348687172
sinusoidal,9042,T+F (dec),0.0612245537340641,0.029781043529510498,0.19431404769420624,0.7030763332014042,1.169400390625,1.5868273795919214,0.7162152411228345,0.29963077181607845,0.43786830109828057,0.7178939314899636,0.7309961216433579,0.22560179233551025,0.28200000524520874,0.04400000348687172
sinusoidal,9042,T+F (enc),0.0612245537340641,0.029781043529510498,0.2535843849182129,0.7001542414862679,1.15211572265625,1.556599718459109,0.6772904644777678,0.290479941299107,0.4136894928391703,0.6781305897672789,0.7064407575716787,0.21929481625556946,0.28200000524520874,0.04400000348687172
