surface,D,dynamics,condition,seed,recon,tangent,E_mu,E_Sigma,sigma_min_p5,sigma_min_median,stage2_loss,stage3_loss,E_drift,E_b,E_Lambda
paraboloid,11,rotation,ATLAS,42,0.00979001210494475,0.16958503425121307,0.1099257543683052,0.7910395860671997,,,0.016082128509879112,0.5869405269622803,,0.1099257543683052,2.770146369934082
paraboloid,11,rotation,baseline,42,0.0005932907912541519,0.03810412809252739,0.6557208895683289,1.0919486284255981,1.438917875289917,1.5896949768066406,0.6851014569401741,0.09530504420399666,1.3362475633621216,3.9643449783325195,3.8852627277374268
paraboloid,11,rotation,T,42,0.023943050341172653,0.05364767462015152,48.20277786254883,0.95233154296875,0.25572896003723145,0.49504855275154114,0.18412552028894424,0.15380561351776123,1.5261051654815674,169.36898803710938,8.724340438842773
paraboloid,11,rotation,F,42,0.024350201541727238,0.665092408657074,8.779940605163574,36.020931243896484,1.8006902933120728,1.8892357349395752,0.006834594067186117,1.3195408880710602,0.034572236239910126,8.908560752868652,36.23183822631836
paraboloid,11,rotation,C,42,0.001369105228646235,0.05352572351694107,0.5300745368003845,1.7689718008041382,2.172650098800659,2.3790738582611084,0.28664931654930115,0.1366926208138466,2.1936206817626953,1.6956843137741089,5.812621593475342
paraboloid,11,rotation,T+F,42,0.003794547847726128,0.011523090302944183,0.07185221463441849,0.3214399814605713,1.6362606287002563,1.8152471780776978,0.06708706170320511,0.03709322400391102,0.06715835630893707,0.36628952622413635,1.3741681575775146
paraboloid,11,rotation,ATLAS,1042,0.004521838304671374,0.19744163751602173,0.13365881145000458,1.149248480796814,,,0.013927631080150604,0.5368291139602661,,0.13365881145000458,4.126818656921387
paraboloid,11,rotation,baseline,1042,0.0005317369729957798,0.03398938104510307,0.5442305207252502,0.9762353897094727,1.4425395727157593,1.5717072486877441,2.69816717505455,0.13469742983579636,1.3969745635986328,7.984153747558594,6.28309440612793
paraboloid,11,rotation,T,1042,0.00020847664299336347,0.0005751013522967696,0.02939777448773384,0.011241946369409561,1.2314335107803345,1.4643819332122803,1.295836329460144,0.056668175384402275,2.169769525527954,6.12769079208374,2.8716814517974854
paraboloid,11,rotation,F,1042,0.028903871774673462,0.701612114906311,8.967743873596191,43.019229888916016,1.9330217838287354,2.116347551345825,0.004655944416299462,1.5517632067203522,0.024063849821686745,9.118414878845215,43.323638916015625
paraboloid,11,rotation,C,1042,0.0013549291444095697,0.05504908785223961,0.7098057270050049,2.3510777950286865,2.1866540908813477,2.439253091812134,0.7164240181446075,0.1624513417482376,1.2997145652770996,2.6295807361602783,6.666746139526367
paraboloid,11,rotation,T+F,1042,0.0009212399070913142,0.008515353314578533,0.08017302304506302,0.27182507514953613,1.8452787399291992,2.0237488746643066,0.4751089597120881,0.05131086893379688,0.06067097932100296,0.4558555483818054,2.717087745666504
paraboloid,11,rotation,ATLAS,2042,0.00434729355302724,0.20010775327682495,0.10311947762966156,0.8562301397323608,,,0.01667403057217598,0.4842999577522278,,0.10311947762966156,2.5662693977355957
paraboloid,11,rotation,baseline,2042,0.000719534233212471,0.031022336333990097,0.5558670163154602,1.0562145709991455,1.3501691818237305,1.478298544883728,1.1249035596847534,0.09678028151392937,0.9788918495178223,2.1098856925964355,3.516115665435791
paraboloid,11,rotation,T,2042,0.0005910115909170021,0.0015236662002280354,0.038673143833875656,0.03863723576068878,1.138197898864746,1.4416253566741943,0.32044459879398346,0.022862478159368038,2.088233709335327,4.8168158531188965,1.4435638189315796
paraboloid,11,rotation,F,2042,0.017809877341443844,0.4925312399864197,6.251370906829834,30.23321533203125,1.8858414888381958,2.004288911819458,0.040922680869698524,1.1624889969825745,0.0532119944691658,6.73773717880249,30.63608169555664
paraboloid,11,rotation,C,2042,0.0013989748602563684,0.05492207035422325,0.7005510330200195,1.793215274810791,2.044858932495117,2.3467752933502197,1.472360298037529,0.13108623027801514,1.5284225940704346,2.6200273036956787,4.8551025390625
paraboloid,11,rotation,T+F,2042,0.0004734379578043114,0.004357505589723587,0.03243141621351242,0.12253129482269287,1.4526174068450928,1.7564400434494019,0.10845212452113628,0.013677350245416164,0.10835804045200348,0.23357170820236206,0.6428948044776917
paraboloid,11,rotation,ATLAS,3042,0.005221518941900947,0.16754920780658722,0.0907653272151947,0.808571457862854,,,0.006875385530292988,0.1766636073589325,,0.0907653272151947,2.960179567337036
paraboloid,11,rotation,baseline,3042,0.000592431476847692,0.02769250050187111,0.3387698531150818,0.4132743179798126,1.3358547687530518,1.5573410987854004,0.40737012028694153,0.14440949633717537,1.4141740798950195,3.2085928916931152,4.367530345916748
paraboloid,11,rotation,T,3042,0.0004607439887794581,0.0015888519119471312,0.013354255817830563,0.03733944147825241,1.2734404802322388,1.5690882205963135,0.9563877582550049,0.01963528525084257,2.009868860244751,2.3684263229370117,0.6889247894287109
paraboloid,11,rotation,F,3042,0.01937245645306327,0.545492947101593,6.295294761657715,17.55290412902832,1.6766331195831299,1.8712592124938965,0.027361255139112473,1.3595098853111267,0.05665265768766403,6.372532367706299,18.533613204956055
paraboloid,11,rotation,C,3042,0.004215922545302998,0.07996049523353577,0.7623808979988098,1.8774042129516602,2.254976987838745,2.5329935550689697,0.43019650876522064,0.2652933970093727,0.7260090112686157,1.464404821395874,5.845860481262207
paraboloid,11,rotation,T+F,3042,0.00020607389425012198,0.0037186825647950172,0.05958012491464615,0.07983031868934631,1.7661867141723633,1.9333391189575195,0.0266666142269969,0.048312220722436905,0.02874089777469635,0.22225365042686462,1.0082178115844727
paraboloid,11,rotation,ATLAS,4042,0.01465658030726693,0.1879025250673294,0.10565004497766495,0.8549675345420837,,,0.027722856029868126,0.4137022793292999,,0.10565004497766495,2.743713617324829
paraboloid,11,rotation,baseline,4042,0.0003975607793439518,0.025631526485085487,0.5269724130630493,0.6370016932487488,1.4174492359161377,1.5538510084152222,1.3815274834632874,0.1487375721335411,1.9711631536483765,7.260293006896973,5.314621925354004
paraboloid,11,rotation,T,4042,0.00029646831733936614,0.0010927696712315083,0.023357464000582695,0.02360769733786583,1.2550809383392334,1.5097291469573975,1.1750683784484863,0.05551863834261894,3.8868908882141113,7.095500946044922,4.620540142059326
paraboloid,11,rotation,F,4042,0.016813935203985733,0.4995998442173004,5.130177974700928,19.873855590820312,1.5256519317626953,1.965333104133606,0.03016689419746399,1.0529762208461761,0.07678544521331787,5.071540355682373,22.5526180267334
paraboloid,11,rotation,C,4042,0.000700306316668337,0.047798942774534225,0.9583995342254639,1.2996892929077148,2.1553995609283447,2.409735679626465,1.3188673853874207,0.16415822505950928,1.0689011812210083,2.4002645015716553,6.555606842041016
paraboloid,11,rotation,T+F,4042,0.00047804944386536425,0.004660492762923241,0.0628143846988678,0.08744146674871445,1.666223406791687,1.9215022325515747,0.07702062837779522,0.017394657246768475,0.08216056227684021,0.2599959671497345,0.5396018028259277
paraboloid,11,rotation,ATLAS,5042,0.0107207636941563,0.1873919516801834,0.10256845504045486,0.8491477966308594,,,0.057548653334379196,1.8280563354492188,,0.10256845504045486,2.810694694519043
paraboloid,11,rotation,baseline,5042,0.0009461607445370067,0.036377474665641785,0.561933696269989,0.59489905834198,1.4099578857421875,1.589976191520691,0.4996136724948883,0.1289592608809471,0.8535503149032593,3.7549498081207275,4.721120357513428
paraboloid,11,rotation,T,5042,0.002131279557943344,0.009958700276911259,0.05290496349334717,0.2465740293264389,1.2833061218261719,1.4829356670379639,0.26329417526721954,0.028068515472114086,1.432802677154541,3.571554660797119,0.8965930938720703
paraboloid,11,rotation,F,5042,0.018985076384110885,0.47683775424957275,6.067726135253906,25.028005599975586,1.8344478607177734,2.0893731117248535,0.01441377867013216,1.4938633441925049,0.05517566204071045,5.741633892059326,26.795318603515625
paraboloid,11,rotation,C,5042,0.001097157174213366,0.06213033199310303,0.9633501768112183,1.279665470123291,2.0037925243377686,2.4630258083343506,0.7775516882538795,0.2217690795660019,1.032900333404541,3.9313836097717285,6.910576343536377
paraboloid,11,rotation,T+F,5042,0.00013467799660495737,0.0015995281282812357,0.04085197299718857,0.03972984105348587,1.638152837753296,1.8000682592391968,0.17462699674069881,0.010297355009242892,0.07373538613319397,0.16910189390182495,0.3438660204410553
paraboloid,11,rotation,ATLAS,6042,0.01551957834850658,0.1903916895389557,0.1545134037733078,1.3792915344238281,,,0.10524381697177887,2.70231556892395,,0.1545134037733078,5.3769755363464355
paraboloid,11,rotation,baseline,6042,0.00041465190323916346,0.018292313441634178,0.4251595139503479,0.49590691924095154,1.4768500328063965,1.6713136434555054,0.6453013122081757,0.14111566171050072,0.8917103409767151,3.59383487701416,5.1391987800598145
paraboloid,11,rotation,T,6042,0.0025668538768183102,0.0062850178219377995,0.0744149461388588,0.21210023760795593,1.4041192531585693,1.5940313339233398,0.24637559801340103,0.07809465378522873,2.1175026893615723,3.3180453777313232,3.445763111114502
paraboloid,11,rotation,F,6042,0.015757743607867847,0.3924839496612549,5.133574485778809,20.917266845703125,1.5869776010513306,1.7283869981765747,0.07384240813553333,1.5839707553386688,0.07569842040538788,5.184567451477051,22.766578674316406
paraboloid,11,rotation,C,6042,0.00064086126671596,0.03652346879243851,0.6586633324623108,1.0698504447937012,2.2038705348968506,2.567666530609131,0.5645245313644409,0.14815136790275574,2.0134947299957275,3.1405529975891113,5.993955612182617
paraboloid,11,rotation,T+F,6042,0.0007608416913585229,0.004841063171625137,0.06396588683128357,0.134230375289917,1.593204140663147,1.8790066242218018,0.12397989071905613,0.046259934082627296,0.04758334159851074,1.1430617570877075,2.9862475395202637
paraboloid,11,rotation,ATLAS,7042,0.003275423903356899,0.18302442133426666,0.13626916706562042,1.1201504468917847,,,0.007606104481965303,0.3546578884124756,,0.13626916706562042,3.4078025817871094
paraboloid,11,rotation,baseline,7042,0.0005796766755255786,0.022592423483729362,0.31399160623550415,0.4386134743690491,1.4053083658218384,1.6102073192596436,2.3383982479572296,0.122931107878685,0.7661449909210205,1.2930775880813599,2.050981044769287
paraboloid,11,rotation,T,7042,0.0004458738152276386,0.0011332519352436066,0.017189685255289078,0.02015260048210621,1.3363993167877197,1.508874773979187,0.5790700912475586,0.01737599214538932,1.2326475381851196,1.2550735473632812,0.6128677129745483
paraboloid,11,rotation,F,7042,0.011039747433228926,0.28160589933395386,2.901698350906372,9.0748291015625,1.6278899908065796,1.7310452461242676,0.029553884640336037,1.1813006401062012,0.07866421341896057,3.0851051807403564,10.756919860839844
paraboloid,11,rotation,C,7042,0.0008500624786723744,0.03579745441675186,0.33024340867996216,0.7748280763626099,2.178553819656372,2.504305362701416,1.9784919917583466,0.21161384508013725,1.6917206048965454,2.0294065475463867,4.600780487060547
paraboloid,11,rotation,T+F,7042,0.0003936020234091715,0.004757419694215059,0.0624275766313076,0.11419661343097687,1.632442593574524,1.9237711429595947,0.16262567415833473,0.026276493910700083,0.07284316420555115,0.4638696312904358,0.7269687652587891
paraboloid,11,rotation,ATLAS,8042,0.017218286340886898,0.17403490841388702,0.09865055978298187,0.8001850843429565,,,0.014512555673718452,0.789820671081543,,0.09865055978298187,2.9437332153320312
paraboloid,11,rotation,baseline,8042,0.0004730465059930628,0.03381012752652168,0.6541440486907959,0.9047231078147888,1.4495919942855835,1.5907377004623413,0.4831746518611908,0.08630019426345825,0.48407304286956787,1.975700855255127,2.4463768005371094
paraboloid,11,rotation,T,8042,0.0004571443000300364,0.0018609213875606656,0.023461591452360153,0.04448898509144783,1.2596434354782104,1.4616451263427734,2.516244947910309,0.017235253006219864,1.479361653327942,3.451512336730957,0.8840895891189575
paraboloid,11,rotation,F,8042,0.01368148218501698,0.4883253276348114,4.301557540893555,19.532453536987305,1.563001275062561,1.973787546157837,0.01873614825308323,0.92396280169487,0.037913016974925995,4.635478973388672,21.743091583251953
paraboloid,11,rotation,C,8042,0.0014400124888528478,0.09838058799505234,2.35180401802063,3.0383975505828857,1.987143635749817,2.3250844478607178,0.28874919563531876,0.2989296317100525,1.205540418624878,6.028321743011475,8.64418888092041
paraboloid,11,rotation,T+F,8042,0.0009202397513118657,0.008058636449277401,0.08719079196453094,0.1673700511455536,1.5501515865325928,1.8058441877365112,0.14888282865285873,0.05945905111730099,0.16830073297023773,2.2702717781066895,3.744065999984741
paraboloid,11,rotation,ATLAS,9042,0.00568527186458761,0.15899033844470978,0.0873422920703888,0.7701625823974609,,,0.058944735676050186,2.1006295680999756,,0.0873422920703888,2.952085494995117
paraboloid,11,rotation,baseline,9042,0.0009184318848631599,0.024369776248931885,0.4119947552680969,0.6294407844543457,1.302327275276184,1.462963342666626,1.1444776803255081,0.12048830464482307,2.024273157119751,5.3708624839782715,5.325311660766602
paraboloid,11,rotation,T,9042,0.0004815266213633797,0.0008501216070726514,0.034299593418836594,0.021580198779702187,1.1757830381393433,1.496374487876892,0.30838601291179657,0.031024031341075897,1.242459774017334,3.3153209686279297,1.5203111171722412
paraboloid,11,rotation,F,9042,0.015821921554478733,0.3959517776966095,3.3704609870910645,15.469902038574219,1.6611191034317017,1.908624529838562,0.13192114233970642,1.2018258273601532,0.05371304601430893,4.974828720092773,19.037443161010742
paraboloid,11,rotation,C,9042,0.0014401443979956887,0.058627668768167496,0.7639138698577881,1.2851758003234863,2.0547783374786377,2.2612783908843994,1.1914107948541641,0.24316822737455368,2.849722385406494,5.424134731292725,6.629714012145996
paraboloid,11,rotation,T+F,9042,0.0007522695443846962,0.007121461443603039,0.07489126920700073,0.1685030162334442,1.596034288406372,1.7934070825576782,0.30979790911078453,0.07319339737296104,0.09527339041233063,1.4079434871673584,4.110576152801514
hyperbolic_paraboloid,11,rotation,ATLAS,42,0.0009842635217038069,0.16618850827217102,0.09860558807849884,0.8916070461273193,,,7.635066140210256e-05,0.002696102252230048,,0.09860558807849884,3.1061317920684814
hyperbolic_paraboloid,11,rotation,baseline,42,0.0007587119259617546,0.020224833860993385,0.5189430713653564,0.608782172203064,1.321235179901123,1.4342408180236816,0.4982008785009384,0.1423511803150177,2.0102334022521973,5.45496129989624,2.529609203338623
hyperbolic_paraboloid,11,rotation,T,42,0.003125572069124742,0.027769116684794426,0.12604643404483795,0.30370184779167175,0.4377192258834839,1.471503734588623,0.5977261960506439,0.08120029419660568,2.9988903999328613,10.411328315734863,3.0219430923461914
hyperbolic_paraboloid,11,rotation,F,42,0.02459286559711803,0.56414794921875,1.8684735298156738,36.60560607910156,1.6475353240966797,1.9975351095199585,0.007351082982495427,1.76789128780365,0.03321424126625061,2.047954797744751,37.283111572265625
hyperbolic_paraboloid,11,rotation,C,42,0.0021405931223522534,0.03665696829557419,0.6302231550216675,0.9346942901611328,1.844078779220581,2.034649610519409,0.49734731018543243,0.1787240132689476,2.024388551712036,4.008087635040283,5.248035907745361
hyperbolic_paraboloid,11,rotation,T+F,42,0.04157748276537115,0.1508471667766571,1.9515492916107178,3.4367122650146484,0.9679988622665405,1.69956374168396,0.25720835477113724,0.29941922426223755,1.462470293045044,8.715447425842285,11.194265365600586
hyperbolic_paraboloid,11,rotation,ATLAS,1042,0.0008823131634430451,0.12093893438577652,0.08899427205324173,0.6214232444763184,,,8.000617526704445e-05,0.0021437585819512606,,0.08899427205324173,2.2825779914855957
hyperbolic_paraboloid,11,rotation,baseline,1042,0.0010866167193109338,0.021977493539452553,0.5222076177597046,0.6006548404693604,1.293192744255066,1.467110276222229,0.3138086199760437,0.1148267574608326,1.4222110509872437,7.036661624908447,3.9951512813568115
hyperbolic_paraboloid,11,rotation,T,1042,0.022081259976733814,0.0471799299120903,12.916139602661133,1.1118733882904053,0.2793685495853424,0.7680962085723877,0.5927689075469971,0.4569385349750519,2.654402732849121,31.328189849853516,17.368728637695312
hyperbolic_paraboloid,11,rotation,F,1042,0.019590738144787876,0.5551896095275879,3.3528449535369873,34.69969177246094,1.5962101221084595,1.8155101537704468,0.021716976538300514,1.009840190410614,0.12684331834316254,3.785731077194214,37.020084381103516
hyperbolic_paraboloid,11,rotation,C,1042,0.0017264779995788228,0.05805584788322449,0.8813462257385254,0.9519391059875488,2.2355942726135254,2.5389513969421387,0.4452679604291916,0.21060705184936523,1.3069243431091309,2.8499608039855957,7.420483589172363
hyperbolic_paraboloid,11,rotation,T+F,1042,0.042712647806514396,0.1467936933040619,1.6966880559921265,3.8131022453308105,1.074545979499817,1.7320563793182373,0.25343962758779526,0.16267762333154678,1.0149073600769043,5.735129356384277,9.153356552124023
hyperbolic_paraboloid,11,rotation,ATLAS,2042,0.0007498335431922566,0.17082510888576508,0.11262492835521698,0.8475135564804077,,,6.17955083725974e-05,0.002007978269830346,,0.11262492835521698,2.7278058528900146
hyperbolic_paraboloid,11,rotation,baseline,2042,0.000449661123143001,0.016581285744905472,0.31129539012908936,0.58493971824646,1.3936587572097778,1.5404345989227295,0.6442845314741135,0.11724347993731499,2.923044443130493,5.260234832763672,3.057835102081299
hyperbolic_paraboloid,11,rotation,T,2042,0.029826868664134632,0.06990857422351837,6.266740798950195,1.4199833869934082,0.31472498178482056,0.5220296382904053,0.5319137871265411,0.15145915001630783,3.86075758934021,51.84138107299805,8.14013671875
hyperbolic_paraboloid,11,rotation,F,2042,0.013502080332149159,0.32797375321388245,2.2241947650909424,20.667692184448242,1.610060453414917,1.7992513179779053,0.02648402750492096,1.0773442089557648,0.07147568464279175,2.714275360107422,22.343090057373047
hyperbolic_paraboloid,11,rotation,C,2042,0.0015562132678248665,0.052345726639032364,0.7984555959701538,0.8126776814460754,1.9510154724121094,2.1776070594787598,1.364239513874054,0.2074781358242035,3.3769214153289795,3.0213980674743652,5.6598076820373535
hyperbolic_paraboloid,11,rotation,T+F,2042,0.04822200536727905,0.3311736583709717,5.206266403198242,5.529095649719238,1.2021158933639526,1.6234514713287354,0.18473287671804428,0.9603074193000793,0.6713231801986694,6.110654354095459,9.551874160766602
hyperbolic_paraboloid,11,rotation,ATLAS,3042,0.0006448789076371627,0.1906699389219284,0.11372347176074982,0.973641574382782,,,7.077625195961446e-05,0.0018801171099767089,,0.11372347176074982,3.3866865634918213
hyperbolic_paraboloid,11,rotation,baseline,3042,0.0008001561191948978,0.016513215377926826,0.3621552586555481,0.3044496178627014,1.3352959156036377,1.464012622833252,0.4186311811208725,0.11057375371456146,2.034477710723877,4.717476844787598,4.041816711425781
hyperbolic_paraboloid,11,rotation,T,3042,0.021037436344406822,0.10978200286626816,4.466736793518066,1.1228617429733276,0.24435070157051086,0.4158017039299011,2.6584060192108154,0.12080584093928337,7.203090667724609,250.15586853027344,10.145127296447754
hyperbolic_paraboloid,11,rotation,F,3042,0.005966366692022843,0.17427389323711395,1.1360862255096436,4.634012222290039,1.3694586753845215,1.7778074741363525,0.06247383542358875,0.6066894084215164,0.10290026664733887,1.3621995449066162,8.645708084106445
hyperbolic_paraboloid,11,rotation,C,3042,0.0008588758381930264,0.02402983047068119,0.46868836879730225,0.5084876418113708,1.9510507583618164,2.110443592071533,0.5713030099868774,0.13283738121390343,2.1742076873779297,4.580629825592041,3.034099578857422
hyperbolic_paraboloid,11,rotation,T+F,3042,0.021625086665153503,0.18632003664970398,2.5090668201446533,3.476057529449463,0.6644985675811768,1.6055595874786377,1.3883933126926422,0.22826095670461655,3.188396692276001,7.947135925292969,8.365570068359375
hyperbolic_paraboloid,11,rotation,ATLAS,4042,0.0007746787741780281,0.1608947366476059,0.13085225224494934,0.774194598197937,,,0.00010781060700537637,0.012392687611281872,,0.13085225224494934,2.0565121173858643
hyperbolic_paraboloid,11,rotation,baseline,4042,0.000746201215819879,0.01875927858054638,0.32867059111595154,0.505415141582489,1.3411521911621094,1.494895339012146,0.3939547836780548,0.07670901343226433,1.90662682056427,4.92564058303833,3.4903409481048584
hyperbolic_paraboloid,11,rotation,T,4042,0.0006780708632008596,0.0029296246357262135,0.04586492478847504,0.07327570021152496,1.1545103788375854,1.4974663257598877,0.32886265218257904,0.03817920945584774,2.1730809211730957,6.165099620819092,2.2979116439819336
hyperbolic_paraboloid,11,rotation,F,4042,0.004697518592531031,0.1601511389017105,1.139595866203308,3.461866617202759,1.4728730916976929,1.7456904649734497,0.03853006474673748,0.3930198550224304,0.09471940249204636,2.0544793605804443,9.675129890441895
hyperbolic_paraboloid,11,rotation,C,4042,0.002191773531111804,0.04614562913775444,0.38751667737960815,0.8292514681816101,1.9893462657928467,2.188156843185425,0.6082183569669724,0.12943925336003304,2.3794612884521484,3.5742111206054688,4.3217902183532715
hyperbolic_paraboloid,11,rotation,T+F,4042,0.044651567935943604,0.18685424327850342,1.3440427780151367,2.739748477935791,1.090545654296875,1.7207505702972412,0.5321711003780365,0.35515160858631134,2.1514835357666016,6.981558322906494,9.940584182739258
hyperbolic_paraboloid,11,rotation,ATLAS,5042,0.0012099980799989266,0.16292361915111542,0.1206224262714386,1.1844720840454102,,,0.00016086956020444632,0.004236599896103144,,0.1206224262714386,3.249547243118286
hyperbolic_paraboloid,11,rotation,baseline,5042,0.0007332926616072655,0.02452126517891884,0.39937159419059753,0.6649783849716187,1.3993867635726929,1.535291314125061,0.1605425477027893,0.13879887014627457,0.659164547920227,3.275071382522583,2.74470853805542
hyperbolic_paraboloid,11,rotation,T,5042,0.018935748121955177,0.038943156599998474,18.827369689941406,0.8711157441139221,0.1471794992685318,1.111496925354004,0.26759979128837585,0.23659461736679077,0.9956387281417847,64.2333984375,13.65931510925293
hyperbolic_paraboloid,11,rotation,F,5042,0.025936327197334984,0.70261150598526,2.108736038208008,35.78594970703125,1.7942382097244263,1.9076560735702515,0.0018003212753683329,1.7332144379615784,0.01045171171426773,2.1487820148468018,36.094200134277344
hyperbolic_paraboloid,11,rotation,C,5042,0.0012666591527787123,0.033468108624219894,0.6034443378448486,0.8373149633407593,2.3281095027923584,2.5243232250213623,0.24632085114717484,0.15527384728193283,1.0455307960510254,2.4407429695129395,3.93863582611084
hyperbolic_paraboloid,11,rotation,T+F,5042,0.000584030608561906,0.005402662325650454,0.05211147293448448,0.22565272450447083,1.7942390441894531,1.9574440717697144,0.06745964754372835,0.02795732021331787,0.0992157980799675,0.27763959765434265,1.2625775337219238
hyperbolic_paraboloid,11,rotation,ATLAS,6042,0.0006583435460925102,0.1349995732307434,0.10679711401462555,0.858057975769043,,,5.204347689868882e-05,0.0030022882856428623,,0.10679711401462555,2.5763535499572754
hyperbolic_paraboloid,11,rotation,baseline,6042,0.00033724458295513284,0.01520513091236353,0.4726395606994629,0.5799218416213989,1.3734498023986816,1.4744288921356201,0.2517063245177269,0.09188158065080643,1.0437405109405518,3.5270652770996094,5.043275356292725
hyperbolic_paraboloid,11,rotation,T,6042,0.028760419650511307,0.03593827411532402,47.007164001464844,0.6862545013427734,0.21662794053554535,0.3371916711330414,0.21172040700912476,0.15005943179130554,2.0341744422912598,126.69267272949219,7.456348419189453
hyperbolic_paraboloid,11,rotation,F,6042,0.008031486787579277,0.22321660816669464,2.0834646224975586,13.054783821105957,1.5010217428207397,1.901923656463623,0.04882664605975151,0.7140091061592102,0.11091005802154541,2.652778148651123,15.138136863708496
hyperbolic_paraboloid,11,rotation,C,6042,0.0015656653453003275,0.03567434474825859,0.5926594138145447,0.7204086780548096,2.113215684890747,2.489328145980835,0.5727550238370895,0.12101462483406067,1.4718719720840454,1.8278485536575317,2.9383764266967773
hyperbolic_paraboloid,11,rotation,T+F,6042,0.050842106342315674,0.18552906811237335,1.1326066255569458,3.4274978637695312,1.2385480403900146,1.8834797143936157,0.2518234997987747,0.185079887509346,1.0085484981536865,5.402581214904785,6.944096088409424
hyperbolic_paraboloid,11,rotation,ATLAS,7042,0.000683773181993853,0.1488734632730484,0.09472538530826569,0.7463241815567017,,,0.0001551153400214389,0.014679551124572754,,0.09472538530826569,2.2080469131469727
hyperbolic_paraboloid,11,rotation,baseline,7042,0.00030038247562267566,0.013634215109050274,0.2506030797958374,0.2604832649230957,1.4051966667175293,1.4711525440216064,0.8022947907447815,0.09613955020904541,2.0951058864593506,3.7363014221191406,3.591581344604492
hyperbolic_paraboloid,11,rotation,T,7042,0.04489828510717912,0.12139904499053955,10.265275955200195,1.9075195789337158,0.30860671401023865,0.754873514175415,0.5194456726312637,0.2929666340351105,1.5067024230957031,44.4013557434082,11.830760955810547
hyperbolic_paraboloid,11,rotation,F,7042,0.002370768480680206,0.09522166103124619,0.7522329688072205,1.374178171157837,1.4418854713439941,1.7123688459396362,0.044694652780890465,0.32084836810827255,0.07243707776069641,1.103636384010315,5.5606794357299805
hyperbolic_paraboloid,11,rotation,C,7042,0.0009200516241517934,0.022835470736026764,0.24322813749313354,0.3834719955921173,2.0253567695617676,2.238107919692993,0.3799259066581726,0.14969182759523392,1.0961629152297974,1.9167134761810303,4.3602213859558105
hyperbolic_paraboloid,11,rotation,T+F,7042,0.01726190203970129,0.10648780316114426,1.2365493774414062,1.60982084274292,0.6667233109474182,1.7801882028579712,0.22607792168855667,0.22897742688655853,0.5389038324356079,6.049234390258789,6.292646408081055
hyperbolic_paraboloid,11,rotation,ATLAS,8042,0.0014897359704429452,0.16068165004253387,0.08844830840826035,0.7050431370735168,,,8.483721467200667e-05,0.00822733249515295,,0.08844830840826035,2.370229959487915
hyperbolic_paraboloid,11,rotation,baseline,8042,0.0003593832423741167,0.017206478863954544,0.37500810623168945,0.46315300464630127,1.3088634014129639,1.4747040271759033,0.3706926852464676,0.0922100581228733,1.2951589822769165,3.0476489067077637,2.5478286743164062
hyperbolic_paraboloid,11,rotation,T,8042,0.03953252868218855,0.12176442891359329,10.950748443603516,1.9381738901138306,0.18634220957756042,1.0206681489944458,772.4175415039062,0.29225119948387146,11.795612335205078,131.67161560058594,15.458440780639648
hyperbolic_paraboloid,11,rotation,F,8042,0.014227827841585333,0.4097861349582672,1.4423738718032837,23.127742767333984,1.484465479850769,1.8977090120315552,0.017318759113550186,0.8347432017326355,0.046931516379117966,1.5123698711395264,25.133459091186523
hyperbolic_paraboloid,11,rotation,C,8042,0.0019658729434013367,0.048417624086141586,0.3972364664077759,1.3595893383026123,2.150834083557129,2.3511531352996826,0.6788646578788757,0.22278108447790146,2.123796224594116,2.688516139984131,4.571109771728516
hyperbolic_paraboloid,11,rotation,T+F,8042,0.0004846835085614161,0.0066436175256967545,0.12604446709156036,0.24671334028244019,1.7461341619491577,1.9422394037246704,0.03927159681916237,0.03658750280737877,0.08787932991981506,0.7555961608886719,2.6380958557128906
hyperbolic_paraboloid,11,rotation,ATLAS,9042,0.0012939189645377073,0.15963271260261536,0.14323851466178894,0.7954738140106201,,,0.00010729240602813661,0.0026444667018949986,,0.14323851466178894,3.035247802734375
hyperbolic_paraboloid,11,rotation,baseline,9042,0.0013231957669962537,0.018032200634479523,0.3991290330886841,0.49684643745422363,1.2145297527313232,1.3935660123825073,0.15733405947685242,0.10547022707760334,1.1334950923919678,5.650306224822998,2.519385814666748
hyperbolic_paraboloid,11,rotation,T,9042,0.017993905327536842,0.08910423517227173,2.849665641784668,1.0315712690353394,0.22128650546073914,1.0564355850219727,6.97628927230835,0.2699272409081459,5.0680084228515625,22.75677490234375,7.771024703979492
hyperbolic_paraboloid,11,rotation,F,9042,0.012682593681595543,0.3476220965385437,2.6517977714538574,18.77643585205078,1.493855595588684,1.8251521587371826,0.04381015710532665,1.0659256875514984,0.14317403733730316,3.2713491916656494,22.971282958984375
hyperbolic_paraboloid,11,rotation,C,9042,0.0009004979987036098,0.04112166538834572,0.5527846813201904,1.1670540571212769,2.0924742221832275,2.31656813621521,0.6626485884189606,0.21956931799650192,3.286151885986328,2.7737839221954346,4.866347312927246
hyperbolic_paraboloid,11,rotation,T+F,9042,0.003779005936600945,0.02924186736345291,0.6186398863792419,0.7345554232597351,1.8354053497314453,2.059190034866333,0.08984477259218693,0.09408514946699142,0.252833753824234,1.5046380758285522,3.6368236541748047
quartic_dome,11,rotation,ATLAS,42,0.0014145541936159134,0.0960945263504982,0.3454757034778595,0.38863182067871094,,,0.00011284057109151036,0.00023384539235848933,,0.3454757034778595,0.7094122171401978
quartic_dome,11,rotation,baseline,42,0.00042823456566442144,0.06308725476264954,1.1743851900100708,0.839970588684082,1.3239126205444336,1.4634417295455933,0.060732610523700714,0.04657985456287861,0.5151024460792542,2.3847289085388184,1.1051898002624512
quartic_dome,11,rotation,T,42,0.0011708263985135338,0.011803051456809044,0.1667371392250061,0.26301026344299316,1.170781135559082,1.372003197669983,0.1546817310154438,0.022422628477215767,0.6388379335403442,2.0840659141540527,1.7158039808273315
quartic_dome,11,rotation,F,42,0.008939236402511597,0.40243232250213623,2.981987476348877,6.7908735275268555,1.8634477853775024,2.10296630859375,0.004807955236174166,0.15966765582561493,0.016257207840681076,3.016909599304199,6.984164237976074
quartic_dome,11,rotation,C,42,0.001574978232383728,0.08739449083805084,1.210885763168335,1.0095301866531372,2.5813541412353516,2.8637046813964844,0.056261828169226646,0.05514287017285824,0.39729344844818115,2.1638739109039307,1.3719595670700073
quartic_dome,11,rotation,T+F,42,0.0009068977934393016,0.01203246507793665,0.23832277953624725,0.21579816937446594,1.5917162895202637,1.7106053829193115,0.025393943302333355,0.02412468008697033,0.047039926052093506,0.8452922105789185,1.6276873350143433
quartic_dome,11,rotation,ATLAS,1042,0.0007481521672823212,0.05300823971629143,0.3317473232746124,0.37722888588905334,,,0.00012697215424850583,0.000194482461665757,,0.3317473232746124,0.7023413777351379
quartic_dome,11,rotation,baseline,1042,0.0005262583832849156,0.08265002071857452,1.3034675121307373,0.9675399661064148,1.413984775543213,1.504366159439087,0.10941507294774055,0.0533133577555418,0.48417648673057556,2.42563533782959,3.159674882888794
quartic_dome,11,rotation,T,1042,0.000768174332651225,0.009556331671774387,0.22760702669620514,0.13614095747470856,1.1782227754592896,1.282881259918213,0.20541957765817642,0.01963755115866661,0.8183908462524414,3.844987392425537,1.377214789390564
quartic_dome,11,rotation,F,1042,0.013684761795130644,0.5693235993385315,4.402611255645752,8.68073844909668,1.8967427015304565,2.0822784900665283,0.004477901733480394,0.21073298156261444,0.024224134162068367,4.437399864196777,8.733609199523926
quartic_dome,11,rotation,C,1042,0.0016922192140059037,0.13636960089206696,2.1689205169677734,1.52013099193573,2.479036331176758,2.669569730758667,0.3190382122993469,0.09312301874160767,1.0540672540664673,3.5537948608398438,4.8762969970703125
quartic_dome,11,rotation,T+F,1042,0.00029950167729773307,0.008892533369362354,0.2539081275463104,0.1580924540758133,1.3388267755508423,1.627362608909607,0.05201171152293682,0.022210820578038692,0.1603110283613205,0.8853528499603271,1.166475772857666
quartic_dome,11,rotation,ATLAS,2042,0.0013976160606200044,0.06959857791662216,0.33478063344955444,0.3304903507232666,,,0.00017411851149518043,0.00040661677485331893,,0.33478063344955444,0.5241461992263794
quartic_dome,11,rotation,baseline,2042,0.00048722271722826093,0.06042466312646866,0.7445217370986938,0.49868226051330566,1.3924344778060913,1.508981466293335,0.17405688017606735,0.049677178263664246,1.0993221998214722,3.455355405807495,0.7477355599403381
quartic_dome,11,rotation,T,2042,0.0008686571805314584,0.005982618313282728,0.27952876687049866,0.08271999657154083,1.1610980033874512,1.3775726556777954,0.10284985601902008,0.010880745016038418,0.580370306968689,0.9530331492424011,0.5208495259284973
quartic_dome,11,rotation,F,2042,0.005876510658047416,0.29250890016555786,2.5090034008026123,5.253245830535889,1.6443278789520264,1.8886942863464355,0.004937408491969109,0.16437972337007523,0.03158535063266754,2.9205844402313232,5.561681747436523
quartic_dome,11,rotation,C,2042,0.0059043487364595585,0.3062531054019928,2.2318437099456787,6.250925064086914,2.7003748416900635,3.020327091217041,0.21207912266254425,0.15618566051125526,1.3191235065460205,3.268840789794922,6.656743049621582
quartic_dome,11,rotation,T+F,2042,0.0006161889653991569,0.007923001423478127,0.18575356900691986,0.0841006189584732,1.2147716283798218,1.609391689300537,0.032009297981858253,0.008428284898400307,0.06941728293895721,0.3426039516925812,0.3118091821670532
quartic_dome,11,rotation,ATLAS,3042,0.0016000308096408844,0.08010680973529816,0.2768898606300354,0.3051043152809143,,,0.0004745729092974216,0.0006460594013333321,,0.2768898606300354,0.560861349105835
quartic_dome,11,rotation,baseline,3042,0.00043848233128135854,0.06958090513944626,0.5127590298652649,0.48760342597961426,1.4344305992126465,1.587693214416504,0.10386472567915916,0.05290198512375355,0.5887652039527893,1.52436101436615,0.8009063601493835
quartic_dome,11,rotation,T,3042,0.0010602317581122572,0.009860473684966564,0.14507004618644714,0.1404850035905838,1.2471132278442383,1.430406093597412,0.17966636270284653,0.020348585210740566,1.2017418146133423,2.24623966217041,1.5922731161117554
quartic_dome,11,rotation,F,3042,0.01137344403700395,0.48343920707702637,3.1105690002441406,8.075963020324707,1.7797669172286987,1.86570143699646,0.004377175588160753,0.2116919457912445,0.02584252320230007,3.185244560241699,9.586289405822754
quartic_dome,11,rotation,C,3042,0.003938487307591872,0.11024220287799835,0.961126446723938,0.9859092235565186,2.4588942527770996,2.8161063194274902,0.24039167910814285,0.07176343537867069,1.2790348529815674,3.0825040340423584,1.3258992433547974
quartic_dome,11,rotation,T+F,3042,0.0004484372382814234,0.009644935838878155,0.20529501140117645,0.10770656168460846,1.581079363822937,1.714413046836853,0.02173068094998598,0.007585363229736686,0.04793432354927063,0.416973352432251,0.38788437843322754
quartic_dome,11,rotation,ATLAS,4042,0.0014189850030974908,0.08962355554103851,0.3673657774925232,0.3914114832878113,,,0.004047806840389967,0.005471133626997471,,0.3673657774925232,0.6589905619621277
quartic_dome,11,rotation,baseline,4042,0.00038568472320383245,0.07767190039157867,1.1472866535186768,0.5163312554359436,1.3324438333511353,1.4525020122528076,0.1318364292383194,0.06319247931241989,0.7053326964378357,2.091856002807617,1.0209556818008423
quartic_dome,11,rotation,T,4042,0.0008393228900703517,0.008929678238928318,0.21887651085853577,0.13581372797489166,1.1747475862503052,1.4243907928466797,0.13276096060872078,0.005710873287171125,0.8101902604103088,1.6987769603729248,0.33672553300857544
quartic_dome,11,rotation,F,4042,0.0075621449134566565,0.3719681203365326,2.5253353118896484,5.578291893005371,1.5456258058547974,1.8289703130722046,0.0071213936898857355,0.1428557112812996,0.022870443761348724,2.440709352493286,5.85546350479126
quartic_dome,11,rotation,C,4042,0.010818862779573961,0.31812670826911926,2.0739846229553223,6.189637184143066,2.7309494018554688,2.918549060821533,0.10266000404953957,0.11827254667878151,0.7702181935310364,2.1885128021240234,6.585933685302734
quartic_dome,11,rotation,T+F,4042,0.00047135107557881963,0.008455833420157433,0.15286001563072205,0.11551022529602051,1.3458675146102905,1.6332803964614868,0.026850208640098572,0.006739800097420812,0.06493343412876129,0.3887365162372589,0.3708575665950775
quartic_dome,11,rotation,ATLAS,5042,0.0012897507033564827,0.09988585859537125,0.25391077995300293,0.31059229373931885,,,0.0004045320674777031,0.000625793298240751,,0.25391077995300293,0.5240281224250793
quartic_dome,11,rotation,baseline,5042,0.000996828925880519,0.08742723613977432,0.9893518090248108,0.9557701349258423,1.4094558954238892,1.4966342449188232,0.062084656208753586,0.046082817018032074,0.38660022616386414,1.4560354948043823,1.446664571762085
quartic_dome,11,rotation,T,5042,0.0005440565503456376,0.007579078897833824,0.1546349972486496,0.11332421004772186,1.16478431224823,1.4054824113845825,0.06032977253198624,0.005279339384287596,0.39880073070526123,1.6004372835159302,0.4201590120792389
quartic_dome,11,rotation,F,5042,0.009169971401041204,0.41245195269584656,2.9250786304473877,6.20072603225708,1.7385742664337158,1.9094349145889282,0.006317171500995755,0.1673491671681404,0.041282348334789276,2.8341774940490723,6.475550651550293
quartic_dome,11,rotation,C,5042,0.003400746055624702,0.21260568499565125,2.072951078414917,3.128540515899658,2.4443957805633545,2.926741361618042,0.09736752137541771,0.09258813410997391,0.4913749098777771,2.7661752700805664,3.385370969772339
quartic_dome,11,rotation,T+F,5042,0.0006146342916922135,0.0067094555124640465,0.12681566178798676,0.14967063069343567,1.4098610877990723,1.5959126949310303,0.04998321831226349,0.0037299117539077997,0.0519401878118515,0.25524166226387024,0.31182289123535156
quartic_dome,11,rotation,ATLAS,6042,0.0020256616513837466,0.08884511888027191,0.25268056988716125,0.31100836396217346,,,0.0004275267128832638,0.0009234844474121928,,0.25268056988716125,0.6094058752059937
quartic_dome,11,rotation,baseline,6042,0.0006655065596780994,0.06924320757389069,0.97885662317276,0.9748079180717468,1.349790096282959,1.518970251083374,0.07934172078967094,0.05891145020723343,0.5820672512054443,2.0638020038604736,2.7489895820617676
quartic_dome,11,rotation,T,6042,0.0009645675732330842,0.010695045813918114,0.22811400890350342,0.12413875013589859,1.2708594799041748,1.3767399787902832,0.08363547921180725,0.013551466632634401,0.6644265055656433,2.502849578857422,1.0238124132156372
quartic_dome,11,rotation,F,6042,0.00563911111517386,0.32867035269737244,2.634638786315918,5.997586250305176,1.5960791110992432,1.8204946517944336,0.0064637381583452225,0.1307312250137329,0.05467446520924568,2.97385311126709,6.0646820068359375
quartic_dome,11,rotation,C,6042,0.002435910938815637,0.16225895285606384,1.1450608968734741,3.2552576065063477,2.55250883102417,2.902237892150879,0.11466792970895767,0.08040332049131393,0.6877424120903015,1.4698926210403442,4.1026811599731445
quartic_dome,11,rotation,T+F,6042,0.000161215832287615,0.011457335203886032,0.1439163088798523,0.11713702976703644,1.4444409608840942,1.595568060874939,0.033716131933033466,0.018459012731909752,0.13141249120235443,0.7679163217544556,1.0785496234893799
quartic_dome,11,rotation,ATLAS,7042,0.0007585473358631134,0.062212422490119934,0.27474308013916016,0.2813906669616699,,,0.00014941528206691146,0.0002789689169730991,,0.27474308013916016,0.4665607511997223
quartic_dome,11,rotation,baseline,7042,0.0012865376404740593,0.0757400244474411,0.6376025676727295,0.39184755086898804,1.2838685512542725,1.4461464881896973,0.0927201509475708,0.04819999821484089,0.5724048614501953,1.8429290056228638,0.7792397737503052
quartic_dome,11,rotation,T,7042,0.0012088938700881872,0.01254226639866829,0.1348438709974289,0.15084534883499146,1.1839927434921265,1.3818213939666748,0.16667810827493668,0.006043915171176195,0.7428171038627625,1.4119716882705688,0.37853506207466125
quartic_dome,11,rotation,F,7042,0.0077997127717191524,0.3180445432662964,2.229682445526123,4.640104293823242,1.5491836071014404,1.871582269668579,0.010423485189676285,0.12057487666606903,0.034131970256567,2.184329032897949,4.88067626953125
quartic_dome,11,rotation,C,7042,0.001546683975241401,0.10548335313796997,0.7904561161994934,0.7132662534713745,2.574721336364746,2.788083553314209,0.4925781488418579,0.09052770212292671,1.0944414138793945,2.843700885772705,4.99703311920166
quartic_dome,11,rotation,T+F,7042,0.000633105296980251,0.010265310294926167,0.13244953751564026,0.09491477906703949,1.489382266998291,1.6480735540390015,0.020681838504970074,0.00671271956525743,0.06415635347366333,0.3191969692707062,0.34426549077033997
quartic_dome,11,rotation,ATLAS,8042,0.0007108181545680219,0.05187581852078438,0.2766774296760559,0.23669806122779846,,,0.002141679171472788,0.003043306292966008,,0.2766774296760559,0.45559442043304443
quartic_dome,11,rotation,baseline,8042,0.00044772054322741246,0.07773979753255844,1.314935564994812,0.7113276720046997,1.4621778726577759,1.5847432613372803,0.12839991599321365,0.045868576504290104,0.5317530035972595,3.1167256832122803,1.1379120349884033
quartic_dome,11,rotation,T,8042,0.001251339658417485,0.014540525153279305,0.18232794106006622,0.1877772957086563,1.2009916305541992,1.4611907005310059,0.15170663967728615,0.025599170476198196,0.92350172996521,2.5150222778320312,1.961965799331665
quartic_dome,11,rotation,F,8042,0.007052057846025987,0.36115527153015137,2.6371827125549316,6.276629447937012,1.584860920906067,1.8904322385787964,0.0023556213127449155,0.11852442845702171,0.018807411193847656,2.491302013397217,6.385270595550537
quartic_dome,11,rotation,C,8042,0.005591355264186859,0.15445049107074738,1.9299464225769043,1.6277823448181152,2.1236772537231445,2.406846046447754,0.12201076745986938,0.09376147761940956,0.7802894115447998,4.305980205535889,2.466744899749756
quartic_dome,11,rotation,T+F,8042,0.00035568441010334277,0.005949920974671841,0.14783816039562225,0.07252181321382523,1.4385775327682495,1.6908092498779297,0.03087657131254673,0.01919377315789461,0.08904583007097244,0.6358751654624939,0.9853906631469727
quartic_dome,11,rotation,ATLAS,9042,0.0009494528851725838,0.05809807777404785,0.31535282731056213,0.23533587157726288,,,0.00024727574782446027,0.00037792089278809726,,0.31535282731056213,0.49183446168899536
quartic_dome,11,rotation,baseline,9042,0.0005886518735099922,0.07813631743192673,1.1724432706832886,0.6183072328567505,1.2592670917510986,1.360465168952942,0.05715026333928108,0.047697700560092926,0.38148388266563416,1.7848103046417236,0.9381043910980225
quartic_dome,11,rotation,T,9042,0.0009862305596470833,0.009394479915499687,0.1756754219532013,0.12875321507453918,1.1842347383499146,1.3880029916763306,0.21902889013290405,0.006489129038527608,1.0824445486068726,2.7985615730285645,0.28508931398391724
quartic_dome,11,rotation,F,9042,0.0072622380473397,0.3711335361003876,2.5087835788726807,6.619810104370117,1.5438083410263062,1.8359427452087402,0.0028963087825104594,0.1393459364771843,0.01954396814107895,2.4448471069335938,6.772787094116211
quartic_dome,11,rotation,C,9042,0.002866123210300099,0.1502738744020462,1.295694351196289,2.28446626663208,2.686267852783203,2.8367085456848145,0.08304627984762192,0.06782289408147335,0.3871426284313202,1.6462479829788208,2.733732223510742
quartic_dome,11,rotation,T+F,9042,0.00041391573507677424,0.01004340685904026,0.19186902046203613,0.1353038251399994,1.5837914943695068,1.6793421506881714,0.03485076129436493,0.007343597011640668,0.08964459598064423,0.49108630418777466,0.4586130976676941
sinusoidal,11,rotation,ATLAS,42,0.0020399969071149826,0.0948299989104271,0.09665485471487045,0.2271094024181366,,,6.930484960321337e-05,0.00033095269463956356,,0.09665485471487045,0.4298296570777893
sinusoidal,11,rotation,baseline,42,0.00044958280738104474,0.03959737345576286,0.3840121030807495,0.5573086142539978,1.4391950368881226,1.6512280702590942,0.09671752527356148,0.0333013441413641,0.5467256307601929,1.6647615432739258,0.6210936307907104
sinusoidal,11,rotation,T,42,0.0003007506232031367,0.0011539302067831159,0.017279936000704765,0.014312442392110825,1.3308407068252563,1.5183156728744507,0.1250081304460764,0.0016827847575768828,0.7084560394287109,1.6917566061019897,0.10684564709663391
sinusoidal,11,rotation,F,42,0.003958646208047867,0.21763846278190613,1.1098905801773071,4.242847442626953,2.220144033432007,2.3089096546173096,0.0036293682642281055,0.13809532299637794,0.020360276103019714,1.145633578300476,4.411614418029785
sinusoidal,11,rotation,C,42,0.0021798710592768407,0.06948254257440567,0.37997618317604065,0.742272138595581,2.967609405517578,3.0998926162719727,0.04837135970592499,0.06133219785988331,0.08393199741840363,0.4526023864746094,1.054978609085083
sinusoidal,11,rotation,T+F,42,0.0013243043795228004,0.0027597970329225063,0.024272408336400986,0.08979013562202454,2.1315994262695312,2.256589412689209,0.017014460638165474,0.004071391187608242,0.013547396287322044,0.05311127007007599,0.2616068720817566
sinusoidal,11,rotation,ATLAS,1042,0.0011673205616799269,0.07370946556329727,0.07134206593036652,0.2255307137966156,,,4.221007111482322e-05,0.00017619166465010494,,0.07134206593036652,0.4528306722640991
sinusoidal,11,rotation,baseline,1042,0.00040961776606061244,0.040573932230472565,0.3238902986049652,0.526640772819519,1.3835184574127197,1.6297118663787842,0.07116483524441719,0.025513403583317995,0.5286920070648193,1.052747368812561,0.6148173213005066
sinusoidal,11,rotation,T,1042,0.0001609030349010771,0.001343760290183127,0.014421096071600914,0.01312163658440113,1.4525809288024902,1.5203403234481812,0.163450188934803,0.0013762340531684458,0.7163059115409851,1.4364651441574097,0.09477917850017548
sinusoidal,11,rotation,F,1042,0.0032585175199942155,0.20938484370708466,1.1045513153076172,4.014647960662842,2.0546586513519287,2.1567399501800537,0.0049679846270009875,0.09366237744688988,0.028521200641989708,1.1633572578430176,4.134891510009766
sinusoidal,11,rotation,C,1042,0.0015636531805450265,0.13041427731513977,0.845821738243103,1.5903382301330566,3.2795042991638184,3.4362661838531494,0.008371635340154171,0.06674632243812084,0.047442059963941574,0.8599036931991577,1.8220874071121216
sinusoidal,11,rotation,T+F,1042,7.294160737232728e-05,0.001359466346912086,0.022628501057624817,0.018281856551766396,1.8010082244873047,1.9011321067810059,0.020268349442631006,0.02116953209042549,0.013659574091434479,0.2035548835992813,1.1581727266311646
sinusoidal,11,rotation,ATLAS,2042,0.0014733968471938913,0.09011418372392654,0.06783133000135422,0.22581243515014648,,,7.821529288776219e-05,0.0004041316278744489,,0.06783133000135422,0.4069991111755371
sinusoidal,11,rotation,baseline,2042,0.000458586241372607,0.04360708221793175,0.26042696833610535,0.4590819180011749,1.3631223440170288,1.5968209505081177,0.0953727439045906,0.02486842218786478,0.6889136433601379,1.5768253803253174,0.5291948318481445
sinusoidal,11,rotation,T,2042,9.166059846227819e-05,0.0008343388908542693,0.009009952656924725,0.009907756000757217,1.3395884037017822,1.5191562175750732,0.15111517161130905,0.0011527385213412344,0.6055051684379578,1.521345615386963,0.07363039255142212
sinusoidal,11,rotation,F,2042,0.002595913511785594,0.1911209672689438,0.9519907832145691,3.0198941230773926,1.8521020412445068,1.9854121208190918,0.0032741203904151917,0.08555681258440018,0.01463671587407589,0.9714651703834534,3.1021482944488525
sinusoidal,11,rotation,C,2042,0.0022290342233397746,0.1659221351146698,0.8638271689414978,2.3453731536865234,2.938615322113037,3.132448673248291,0.4514016658067703,0.07769837602972984,1.4365785121917725,3.6358110904693604,2.438802480697632
sinusoidal,11,rotation,T+F,2042,5.091451087289236e-05,0.0009679978247731924,0.01306119654327631,0.011041933670639992,1.7049680948257446,1.8683427572250366,0.018508559092879295,0.0013408113736659288,0.058936331421136856,0.0751393586397171,0.09218493103981018
sinusoidal,11,rotation,ATLAS,3042,0.0006628823466598988,0.07579855620861053,0.07502599060535431,0.2480960339307785,,,5.5956581491045654e-05,0.00022966810502111912,,0.07502599060535431,0.5081864595413208
sinusoidal,11,rotation,baseline,3042,0.002047554335810921,0.036804862320423126,0.31707215309143066,0.596957802772522,1.476684331893921,1.5850908756256104,0.02872587740421295,0.0239907531067729,0.2608645260334015,1.3169710636138916,0.7127623558044434
sinusoidal,11,rotation,T,3042,0.0006868062032894654,0.001978732878342271,0.012921793386340141,0.03625263273715973,1.2750575542449951,1.5485039949417114,0.13857507705688477,0.0021108121145516634,0.9973013401031494,1.9705164432525635,0.1271311342716217
sinusoidal,11,rotation,F,3042,0.00486002726988359,0.241349458694458,0.8233609199523926,4.034555435180664,2.0278170108795166,2.1499290466308594,0.00566994259133935,0.12685026600956917,0.026848014444112778,0.933472216129303,4.127785682678223
sinusoidal,11,rotation,C,3042,0.0014851145784963262,0.09856989979743958,0.5338545441627502,0.8052331209182739,2.9020302295684814,3.0765092372894287,0.014550094492733479,0.07407942414283752,0.09360067546367645,0.6060377955436707,0.9965379238128662
sinusoidal,11,rotation,T+F,3042,0.0008941142057830638,0.0036474131047725677,0.026501834392547607,0.10673989355564117,1.7487260103225708,2.0454318523406982,0.010335330851376057,0.004929824499413371,0.04096235707402229,0.08269651234149933,0.41863498091697693
sinusoidal,11,rotation,ATLAS,4042,0.0009208056567744775,0.08214100450277328,0.06819801777601242,0.16268056631088257,,,6.629709241678938e-05,0.000256463565165177,,0.06819801777601242,0.338470995426178
sinusoidal,11,rotation,baseline,4042,0.00035765165971084076,0.028922751545906067,0.17621147632598877,0.33523255586624146,1.4457334280014038,1.6365829706192017,0.14145801216363907,0.019667295273393393,0.5282860398292542,1.7280610799789429,0.5069481134414673
sinusoidal,11,rotation,T,4042,0.00017702541398731145,0.0007250765338540077,0.008022179827094078,0.013204301707446575,1.3480761051177979,1.4700692892074585,0.06496244668960571,0.0022172951721586287,0.3007552921772003,0.8521408438682556,0.17738719284534454
sinusoidal,11,rotation,F,4042,0.0024590499021790242,0.17266879975795746,0.6902354955673218,2.5171852111816406,2.016720771789551,2.1041367053985596,0.012037368491292,0.09938502311706543,0.027164403349161148,0.731253445148468,2.782100200653076
sinusoidal,11,rotation,C,4042,0.0011603172699158843,0.08795206248760223,0.3934401273727417,1.3247971534729004,2.718217611312866,2.9249794483184814,0.014857425820082426,0.05106082744896412,0.08171790838241577,0.4952329397201538,1.5996677875518799
sinusoidal,11,rotation,T+F,4042,9.309375573965636e-05,0.0006399972480721772,0.009764387272298336,0.01147670578211546,1.6748989820480347,2.1007049083709717,0.04000276979058981,0.0016453316202387214,0.01879049278795719,0.07282018661499023,0.12659426033496857
sinusoidal,11,rotation,ATLAS,5042,0.0021165678785605864,0.1393248736858368,0.09108421951532364,0.21168500185012817,,,0.00012589205289259553,0.0007668117759749293,,0.09108421951532364,0.4411252737045288
sinusoidal,11,rotation,baseline,5042,0.000508743803948164,0.03225190192461014,0.34233447909355164,0.3368379473686218,1.48471999168396,1.600561261177063,0.07141543179750443,0.03574616741389036,0.4473136067390442,1.2937248945236206,0.6093328595161438
sinusoidal,11,rotation,T,5042,0.003288932821967385,0.005328470375388861,0.027539318427443504,0.14288219809532166,1.1990388631820679,1.4081655740737915,0.045644206926226616,0.0048245585057884455,0.37131017446517944,1.2850525379180908,0.26566314697265625
sinusoidal,11,rotation,F,5042,0.0035232183608141813,0.2006816416978836,1.0077035427093506,3.3496949672698975,1.9723421335220337,2.1072654724121094,0.003605907200835645,0.11913397908210754,0.016361989080905914,1.0052273273468018,3.4946396350860596
sinusoidal,11,rotation,C,5042,0.0014023279601877387,0.07843008637428284,0.44923847913742065,1.1652497053146362,2.831298828125,2.914001941680908,0.03167276456952095,0.06836369261145592,0.16007807850837708,0.5843788385391235,1.2956008911132812
sinusoidal,11,rotation,T+F,5042,1.885874636090276e-05,0.0009809144539758563,0.01795112155377865,0.0199764184653759,1.8171888589859009,1.9635884761810303,0.026777641847729683,0.0033456647070124745,0.050923243165016174,0.05891316756606102,0.21333512663841248
sinusoidal,11,rotation,ATLAS,6042,0.003971465270627628,0.14733634889125824,0.12302768230438232,0.30755147337913513,,,0.00035572517663240433,0.001287710154429078,,0.12302768230438232,0.5549048185348511
sinusoidal,11,rotation,baseline,6042,0.000821855596520684,0.029428943991661072,0.3604293167591095,0.4660849869251251,1.473437786102295,1.5841418504714966,0.04472257383167744,0.05100978258997202,0.40683358907699585,1.2910081148147583,0.6122035980224609
sinusoidal,11,rotation,T,6042,0.0004098384895107963,0.0017772977007552981,0.018871869891881943,0.04100356251001358,1.3753812313079834,1.5088001489639282,0.08393589407205582,0.0026948865270242095,0.5190566182136536,1.082695484161377,0.1541002094745636
sinusoidal,11,rotation,F,6042,0.002776900983669541,0.16936074197292328,0.902856171131134,2.682803153991699,1.9467706680297852,2.0701000690460205,0.010540726128965616,0.1475733518600464,0.023730825632810593,0.8983309864997864,2.79062819480896
sinusoidal,11,rotation,C,6042,0.0016909915615211833,0.07034698128700256,0.6080154776573181,1.3352104425430298,3.0299136638641357,3.484212636947632,0.03785764519125223,0.07713467068970203,0.14765654504299164,0.7263322472572327,1.5747792720794678
sinusoidal,11,rotation,T+F,6042,2.5590455731038343e-05,0.0009095962159335613,0.023767691105604172,0.02193470671772957,1.676011085510254,1.9567241668701172,0.04221738036721945,0.024185627698898315,0.022103121504187584,0.20978683233261108,1.140987753868103
sinusoidal,11,rotation,ATLAS,7042,0.002687291665510698,0.11267045140266418,0.08748309314250946,0.19954824447631836,,,0.00012803422578144819,0.0011763421352952719,,0.08748309314250946,0.4590047597885132
sinusoidal,11,rotation,baseline,7042,0.0006173416464166207,0.04077236354351044,0.17724214494228363,0.30039775371551514,1.3948551416397095,1.5710175037384033,0.07528111152350903,0.04640509933233261,0.4311278462409973,1.1072243452072144,0.61856609582901
sinusoidal,11,rotation,T,7042,0.0007939098233526403,0.0035119822714477777,0.012204636819660664,0.04945926368236542,1.3719689846038818,1.4899623394012451,0.06459496356546879,0.0030974558321759105,0.44947177171707153,1.0131826400756836,0.1977095603942871
sinusoidal,11,rotation,F,7042,0.002467854625799439,0.17963933944702148,0.6172805428504944,2.1656765937805176,1.9768953323364258,2.075418710708618,0.002966992906294763,0.11661303043365479,0.015116458758711815,0.665605902671814,2.4789299964904785
sinusoidal,11,rotation,C,7042,0.0029521042650396175,0.13638104498386383,0.4293751120567322,1.532832384109497,3.0149784088134766,3.2497947216033936,0.2011600360274315,0.10588681697845459,0.37102314829826355,0.7375093102455139,1.836266040802002
sinusoidal,11,rotation,T+F,7042,0.00013299835634163836,0.0011355855967849493,0.010304732248187065,0.013813909143209457,1.6639150381088257,2.067434787750244,0.02500480692833662,0.0034306850284337997,0.042335327714681625,0.06252478063106537,0.2283777892589569
sinusoidal,11,rotation,ATLAS,8042,0.003121070225130428,0.10366340726613998,0.09033924341201782,0.2335478514432907,,,0.0001841997291194275,0.0008757216855883598,,0.09033924341201782,0.5006084442138672
sinusoidal,11,rotation,baseline,8042,0.0007778235118497502,0.04694855585694313,0.3758043348789215,0.7497777938842773,1.4804913997650146,1.6063122749328613,0.041903313249349594,0.06061869952827692,0.3191151022911072,0.8272089958190918,1.0905673503875732
sinusoidal,11,rotation,T,8042,0.0003773150118914518,0.0013451462145894766,0.015478887595236301,0.03644833341240883,1.3306854963302612,1.6054648160934448,0.07360560446977615,0.003962123766541481,0.3084165155887604,0.5133487582206726,0.37309810519218445
sinusoidal,11,rotation,F,8042,0.0034570985219695353,0.21453996002674103,0.9708201885223389,3.721773862838745,2.095189332962036,2.198418617248535,0.00409418495837599,0.1492890827357769,0.012002318166196346,1.0503498315811157,3.877063751220703
sinusoidal,11,rotation,C,8042,0.0024001622064547105,0.15009011328220367,0.6315123438835144,2.6460747718811035,2.6512722969055176,3.1141650676727295,0.19479116424918175,0.11366352066397667,0.568246603012085,1.3351819515228271,2.785815715789795
sinusoidal,11,rotation,T+F,8042,0.00019664050672541964,0.001207992434501648,0.023957304656505585,0.02751823328435421,1.8215978145599365,2.114196538925171,0.03135746158659458,0.0030195825966075063,0.006760689429938793,0.03769548237323761,0.1721111387014389
sinusoidal,11,rotation,ATLAS,9042,0.001097426749765873,0.05582806468009949,0.07733509689569473,0.15070781111717224,,,4.259769411874004e-05,0.0001709263597149402,,0.07733509689569473,0.3573153018951416
sinusoidal,11,rotation,baseline,9042,0.0004980825311080976,0.03554311394691467,0.28845247626304626,0.46798330545425415,1.5367565155029297,1.588791847229004,0.03993740864098072,0.03706931555643678,0.3061330318450928,0.8707984685897827,0.6090461015701294
sinusoidal,11,rotation,T,9042,0.00068684315986254,0.0026096489746123552,0.015068014152348042,0.05458832532167435,1.3723609447479248,1.4906234741210938,0.09671207889914513,0.0028220383101142943,0.2724783718585968,1.220163345336914,0.14055338501930237
sinusoidal,11,rotation,F,9042,0.0032017102295702152,0.18022438883781433,0.8588653206825256,3.065415859222412,1.9312984943389893,2.0330471992492676,0.007758099818602204,0.1388336904346943,0.024820292368531227,0.9268856644630432,3.2996909618377686
sinusoidal,11,rotation,C,9042,0.0007830734618685462,0.06538760662078857,0.34582090377807617,0.9766236543655396,2.9341061115264893,3.2908318042755127,0.013809862080961466,0.0537051185965538,0.027654465287923813,0.45215466618537903,1.1438720226287842
sinusoidal,11,rotation,T+F,9042,3.603553738106381e-05,0.0006756585789844394,0.012830788269639015,0.009611982852220535,1.8356555700302124,1.917685866355896,0.020557605661451817,0.002236865577287972,0.030574439093470573,0.06178250536322594,0.12587223947048187
