surface,D,dynamics,condition,seed,recon,tangent,E_mu,E_Sigma,sigma_min_p5,sigma_min_median,stage2_loss,stage3_loss
paraboloid,11,mb,ATLAS,42,0.000340832228010351,0.00545113068073988,0.9021885395050049,0.0005235097487457097,,,,
paraboloid,11,mb,baseline,42,4.537098654757508e-06,0.0022623410914093256,0.0067966231144964695,0.0005279264296405017,1.1159422397613525,1.1514108180999756,0.0023479414272255133,1.3604901141661685e-05
paraboloid,11,mb,T,42,1.581347202194262e-06,1.3136322195350658e-05,5.5668173445155844e-05,2.5700885544210905e-06,1.0138802528381348,1.1501272916793823,0.0027615281121273127,4.821816129866161e-07
paraboloid,11,mb,F,42,3.935046367008578e-05,0.014926954172551632,0.037559136748313904,0.0030987714417278767,1.3244519233703613,1.4055854082107544,0.0012031788106209465,0.00010756497899170167
paraboloid,11,mb,C,42,0.0012190920216116037,0.27367034554481506,0.5643254518508911,0.08355583250522614,6.760007858276367,7.492308139801025,0.5116935329777854,0.0008569736133462616
paraboloid,11,mb,T+F,42,2.4406667555674423e-08,1.2443572813936044e-05,7.367698708549142e-05,2.595662863313919e-06,1.1654776334762573,1.2640340328216553,0.004619691454406295,1.3273756443205847e-07
paraboloid,11,mb,ATLAS,1042,0.0005761516619135033,0.010980007238686085,0.5840621590614319,0.0005611350061371922,,,,
paraboloid,11,mb,baseline,1042,4.077349744461984e-06,0.0025633631739765406,0.008469533175230026,0.0004078044730704278,1.1474255323410034,1.2041739225387573,0.0005632062218085464,1.3271824043061184e-05
paraboloid,11,mb,T,1042,2.1259814027210022e-06,2.670388676051516e-05,0.00010090666182804853,4.173238266957924e-06,0.9821904301643372,1.1064937114715576,0.0004210236407483795,3.0727000778694803e-07
paraboloid,11,mb,F,1042,0.002128862183202397,0.4024507999420166,1.5422762632369995,0.18712088465690613,1.5818027257919312,1.720516562461853,0.001083603802336646,0.001622923932570432
paraboloid,11,mb,C,1042,0.002290390601212328,0.425564706325531,1.6528279781341553,0.19781135022640228,13.845480918884277,13.90311336517334,0.7846981244427818,0.0017240595438384584
paraboloid,11,mb,T+F,1042,4.0797919547747537e-08,2.4187158487620763e-05,9.4204893684946e-05,4.476144567888696e-06,1.128965139389038,1.1719975471496582,0.00023960419431594865,1.8983912042358497e-07
paraboloid,11,mb,ATLAS,2042,0.0007323995232582092,0.01610042341053486,0.7315436005592346,0.0006264545954763889,,,,
paraboloid,11,mb,baseline,2042,6.799975711725313e-06,0.004713429603725672,0.011948632076382637,0.0005689102108590305,1.0815411806106567,1.168027639389038,0.00033617596324932365,2.0412887092139238e-05
paraboloid,11,mb,T,2042,1.8766285475893794e-06,2.0870815205853432e-05,6.484019104391336e-05,3.3596654702705564e-06,1.1071354150772095,1.1778080463409424,0.00034563031346936313,3.8884630880277526e-07
paraboloid,11,mb,F,2042,2.9030970340086654e-05,0.013285632245242596,0.041016705334186554,0.002110133646056056,1.3199191093444824,1.3877816200256348,0.005541264054565025,7.256672090859086e-05
paraboloid,11,mb,C,2042,0.0022965542633425107,0.427333801984787,1.6302237510681152,0.1756812334060669,13.214035034179688,13.313091278076172,0.5661354405539376,0.0016541007540321776
paraboloid,11,mb,T+F,2042,5.2537106140252116e-08,2.9133059797459282e-05,0.00012535162386484444,5.44265094504226e-06,1.2052870988845825,1.2644116878509521,0.00029675372414723303,2.1179398653917554e-07
paraboloid,11,mb,ATLAS,3042,0.000638389451937242,0.013910933397710323,0.5935286283493042,0.0005372134037315845,,,,
paraboloid,11,mb,baseline,3042,1.9625344562386586e-06,0.0009972858242690563,0.002068017376586795,8.975517266662791e-05,1.1244845390319824,1.215612530708313,0.000368506003204467,6.164384915661815e-06
paraboloid,11,mb,T,3042,1.012178720636505e-06,1.5008231457613874e-05,3.445979382377118e-05,2.367881961617968e-06,1.0473506450653076,1.121982455253601,0.0011093636858277023,6.013205344450918e-07
paraboloid,11,mb,F,3042,3.923617821948772e-05,0.015097332186996937,0.03698601946234703,0.002699011005461216,1.3576842546463013,1.43032705783844,0.000565332907301906,9.614610306536113e-05
paraboloid,11,mb,C,3042,0.002417340705340559,0.43169957399368286,1.3647726774215698,0.15056070685386658,12.824992179870605,12.883564949035645,0.777646758726665,0.00176489950224225
paraboloid,11,mb,T+F,3042,3.922846241783356e-08,1.859242911450565e-05,4.81202696391847e-05,2.7741702979255933e-06,1.270460844039917,1.3316746950149536,0.0010660191889785761,1.5662157640658085e-07
paraboloid,11,mb,ATLAS,4042,0.0009948677298697558,0.02042369171977043,0.7926980257034302,0.0006294961785897613,,,,
paraboloid,11,mb,baseline,4042,3.634361002530733e-06,0.002272727433592081,0.004221747629344463,0.00037829455686733127,1.0611255168914795,1.126047134399414,0.0011754744087478944,9.173016483795696e-06
paraboloid,11,mb,T,4042,7.494461235844276e-07,1.3067509826214518e-05,3.4334683732595295e-05,1.7217855656781467e-06,1.0152848958969116,1.113486886024475,0.0006519300347593214,6.339168895205408e-07
paraboloid,11,mb,F,4042,3.783032827248628e-05,0.016960253939032555,0.04291566461324692,0.0028834021650254726,1.3425263166427612,1.420539140701294,0.0010268452045108592,9.062509759262736e-05
paraboloid,11,mb,C,4042,0.002248275855725462,0.4478534460067749,1.4356911182403564,0.17993435263633728,14.42835521697998,14.466673851013184,0.6533373594284058,0.001724902424030006
paraboloid,11,mb,T+F,4042,2.032702701109718e-08,1.5745465134386905e-05,4.765061748912558e-05,2.6001507649198174e-06,1.102879285812378,1.196007490158081,0.0008413126509237502,1.8295565545096387e-07
paraboloid,11,mb,ATLAS,5042,0.00039388082752173597,0.006764797959476709,0.753190815448761,0.0007586725987493992,,,,
paraboloid,11,mb,baseline,5042,4.431063478643244e-06,0.003129662247374654,0.00838476326316595,0.00041206495370715857,1.0361820459365845,1.1301738023757935,0.00031126324237058204,1.721512879677383e-05
paraboloid,11,mb,T,5042,8.730829987061125e-07,1.1626072591752745e-05,4.316524064051919e-05,2.2333201741275843e-06,1.0679680109024048,1.1318180561065674,0.0001899562994367443,7.576861094094056e-07
paraboloid,11,mb,F,5042,3.216410087506202e-05,0.01418357715010643,0.03822740912437439,0.002296443097293377,1.265628457069397,1.3497320413589478,0.0027322360879874657,9.032128478533455e-05
paraboloid,11,mb,C,5042,0.002383300187912854,0.45045435428619385,1.960446834564209,0.185833141207695,15.283333778381348,15.327228546142578,0.3670528829097748,0.0018194427913320915
paraboloid,11,mb,T+F,5042,3.753094740039325e-08,1.7462822142988443e-05,6.764270074199885e-05,3.3764449653972406e-06,1.1769942045211792,1.2344013452529907,0.0004980283307044633,3.1164153061321744e-07
paraboloid,11,mb,ATLAS,6042,0.0009579358791763133,0.019150476902723312,0.8164689540863037,0.0006433320231735706,,,,
paraboloid,11,mb,baseline,6042,3.8703517268665815e-06,0.002955187112092972,0.005245749372988939,0.0004169066669419408,1.136739730834961,1.1950856447219849,0.0031754293512286885,1.3127471382696448e-05
paraboloid,11,mb,T,6042,9.37730791602834e-07,1.159950716100866e-05,4.507318953983486e-05,1.7624616930334014e-06,0.9986999034881592,1.1004127264022827,0.0037618589703924954,7.76212772279905e-07
paraboloid,11,mb,F,6042,3.192057589661669e-05,0.01492166705429554,0.0455535352230072,0.0028677883092314005,1.3627355098724365,1.435162901878357,0.0009429654913089637,9.280062555002846e-05
paraboloid,11,mb,C,6042,0.002485643056305972,0.45408210158348083,1.8353211879730225,0.18730860948562622,12.936217308044434,13.01869010925293,0.602056941815785,0.0017846390172573073
paraboloid,11,mb,T+F,6042,8.209634023098095e-08,3.4377237170701846e-05,0.00011831925075966865,6.511044375656638e-06,1.2625837326049805,1.333807349205017,0.003743553800242288,2.3957695662245116e-07
paraboloid,11,mb,ATLAS,7042,0.0004195151850581169,0.007985105738043785,1.0774574279785156,0.0007326191989704967,,,,
paraboloid,11,mb,baseline,7042,2.8111796630334784e-06,0.0015928453067317605,0.004482835531234741,0.00013215802027843893,1.0843031406402588,1.144999384880066,0.003226781796131815,8.775997749970494e-06
paraboloid,11,mb,T,7042,1.1981404565052467e-06,1.839772994571831e-05,8.841873204801232e-05,3.932873369194567e-06,1.1344680786132812,1.2178194522857666,0.00034330065786239823,3.9416495464398136e-07
paraboloid,11,mb,F,7042,3.6919261963868685e-05,0.013888398185372353,0.03974878787994385,0.002326477551832795,1.3219908475875854,1.40841543674469,0.001126594251088266,9.147430786729924e-05
paraboloid,11,mb,C,7042,0.002824654294685884,0.4468390643596649,1.6824378967285156,0.15278737246990204,17.269126892089844,17.306493759155273,0.7775310150214604,0.0017827751580625772
paraboloid,11,mb,T+F,7042,5.182848574556622e-08,1.975857412617188e-05,5.648181104334071e-05,3.635134362411918e-06,1.2758008241653442,1.3320438861846924,0.0017495970408033048,3.606890126255686e-07
paraboloid,11,mb,ATLAS,8042,0.0009705696932294152,0.021587016060948372,0.5862167477607727,0.0006463894387707114,,,,
paraboloid,11,mb,baseline,8042,5.781315849162638e-06,0.0049739498645067215,0.010462126694619656,0.000946100102737546,1.095321774482727,1.1953800916671753,0.0002188597760063463,1.9705653877671076e-05
paraboloid,11,mb,T,8042,1.453071738730862e-06,1.5455601896974258e-05,5.6086762924678624e-05,3.1334061532106716e-06,1.0236918926239014,1.1002088785171509,0.0002882111875806004,4.684915657955051e-07
paraboloid,11,mb,F,8042,4.184933442791755e-05,0.017756059765815735,0.03488651663064957,0.003130537923425436,1.305855631828308,1.384126901626587,0.00041485659104572345,0.00010076091192396624
paraboloid,11,mb,C,8042,0.0009728534655137496,0.2659692168235779,0.6580584049224854,0.07872568815946579,9.900501251220703,10.613807678222656,0.5790220669337681,0.0006696861403595124
paraboloid,11,mb,T+F,8042,4.295853014727155e-08,3.249111250624992e-05,0.00010625167487887666,6.384854259522399e-06,1.1705126762390137,1.2482036352157593,0.0003285352452491809,4.902736431436747e-07
paraboloid,11,mb,ATLAS,9042,0.0004592257213186134,0.008633634075522423,0.8481239676475525,0.0004831331316381693,,,,
paraboloid,11,mb,baseline,9042,3.7930559218776496e-06,0.002401199424639344,0.0051986402831971645,0.0004556280910037458,1.0561800003051758,1.1292741298675537,0.0010580730449873954,1.1371246533339477e-05
paraboloid,11,mb,T,9042,1.198585695502433e-06,1.302161854255246e-05,4.667048415285535e-05,2.1296305021678563e-06,0.9971780180931091,1.0643455982208252,0.000868044257263786,2.8836592491643387e-07
paraboloid,11,mb,F,9042,3.6599852716211565e-05,0.015144018456339836,0.03560653328895569,0.00317292008548975,1.407895803451538,1.4901279211044312,0.007271244722817626,9.759704309025048e-05
paraboloid,11,mb,C,9042,0.0026387079534205523,0.42547133564949036,1.7772822380065918,0.18253116309642792,14.861407279968262,14.91617202758789,0.7789179597582135,0.001689457201531955
paraboloid,11,mb,T+F,9042,1.1976948661123804e-07,1.4363227819558233e-05,6.175243470352143e-05,3.7613178847095696e-06,1.1734930276870728,1.237563967704773,0.0009352487062902323,1.5646596348720516e-07
hyperbolic_paraboloid,11,mb,ATLAS,42,0.00019715576093982566,0.005676033440977335,0.8482566475868225,0.00047472427831962705,,,,
hyperbolic_paraboloid,11,mb,baseline,42,1.4898660910231145e-05,0.007194881327450275,0.013060210272669792,0.0016700251726433635,1.1036269664764404,1.1686086654663086,0.001408702735456505,4.294402866175265e-05
hyperbolic_paraboloid,11,mb,T,42,6.5459210997108706e-06,2.8571017537615262e-05,0.00016889904509298503,7.176642611739226e-06,1.1160215139389038,1.2102792263031006,0.00047419964435643384,6.614238259317062e-07
hyperbolic_paraboloid,11,mb,F,42,3.8461577126078986e-05,0.014835084788501263,0.029476279392838478,0.0030298405326902866,1.3234213590621948,1.4081224203109741,0.0007487124156406415,7.703688918679421e-05
hyperbolic_paraboloid,11,mb,C,42,0.0026649031788110733,0.43345075845718384,1.2461786270141602,0.19359256327152252,9.623811721801758,10.040934562683105,0.4425761231354305,0.0017161281347008689
hyperbolic_paraboloid,11,mb,T+F,42,4.208661928053268e-08,1.4134915545582771e-05,7.113251194823533e-05,3.1944364309310913e-06,1.3266032934188843,1.3664690256118774,0.0006648534992044526,1.2278319059890107e-07
hyperbolic_paraboloid,11,mb,ATLAS,1042,0.0003659222275018692,0.011950867250561714,0.5171664953231812,0.0005399995716288686,,,,
hyperbolic_paraboloid,11,mb,baseline,1042,2.094759441785176e-06,0.0017042680410668254,0.00292748655192554,0.00021948656649328768,1.0987203121185303,1.1851645708084106,0.00021358771066713546,9.075291667873639e-06
hyperbolic_paraboloid,11,mb,T,1042,1.020268510646102e-06,1.686831637925934e-05,5.2779141697101295e-05,2.585855099823675e-06,1.1266618967056274,1.1774804592132568,0.00027468330725761395,2.0490690287390733e-07
hyperbolic_paraboloid,11,mb,F,1042,2.8761852511458777e-05,0.014645473100244999,0.027098141610622406,0.0021746705751866102,1.2221204042434692,1.3252123594284058,0.0015378613024950027,6.214757273223117e-05
hyperbolic_paraboloid,11,mb,C,1042,0.002550195055929097,0.4475959539413452,1.1094344854354858,0.20388230681419373,11.550346374511719,11.59406566619873,0.5256878818784442,0.0017173167683982424
hyperbolic_paraboloid,11,mb,T+F,1042,4.392127162976645e-08,9.340279575553723e-06,2.422920078970492e-05,1.4866411675029667e-06,1.3237459659576416,1.3675193786621094,0.0004215316314782415,6.164108055730009e-08
hyperbolic_paraboloid,11,mb,ATLAS,2042,0.0004427285695617849,0.016387872397899628,0.5755383968353271,0.0006832677172496915,,,,
hyperbolic_paraboloid,11,mb,baseline,2042,2.0800034690182656e-06,0.001413249527104199,0.0025661515537649393,0.00013633158232551068,1.1325384378433228,1.1865122318267822,0.0004473624908964017,6.59418440461325e-06
hyperbolic_paraboloid,11,mb,T,2042,6.071973488856615e-07,1.2729059562843759e-05,5.850899106008001e-05,2.5889398784784134e-06,1.1314347982406616,1.1532936096191406,0.00015555934182235172,2.1463277732891584e-07
hyperbolic_paraboloid,11,mb,F,2042,2.4729064369404856e-05,0.013118809089064598,0.024121858179569244,0.0014852515887469053,1.2642896175384521,1.3495298624038696,0.00043520131189974824,4.966285346849223e-05
hyperbolic_paraboloid,11,mb,C,2042,0.002177900719371709,0.4449789524078369,1.4968676567077637,0.1844732016324997,13.413002967834473,13.497262954711914,0.5885890977723258,0.0017116274185744779
hyperbolic_paraboloid,11,mb,T+F,2042,2.1167852279094488e-08,1.1016497410309967e-05,3.3482396247563884e-05,2.042171217908617e-06,1.2769341468811035,1.3042815923690796,0.00048458526310111793,5.952584710858641e-08
hyperbolic_paraboloid,11,mb,ATLAS,3042,0.0003775900907137177,0.01585516333580017,0.6166046261787415,0.0006242161616683006,,,,
hyperbolic_paraboloid,11,mb,baseline,3042,1.1769033418121664e-05,0.00422331877052784,0.0072353295981884,0.0005288836546242237,1.0017881393432617,1.066831350326538,0.0003468106349048737,2.0946194126736373e-05
hyperbolic_paraboloid,11,mb,T,3042,3.7140357149341567e-06,1.505280852143187e-05,6.388634210452437e-05,3.3425239962525666e-06,1.0693601369857788,1.2129161357879639,0.001217034923943824,5.127386698079915e-07
hyperbolic_paraboloid,11,mb,F,3042,3.0689867509698324e-05,0.014759702607989311,0.022994037717580795,0.0021010921336710453,1.2904807329177856,1.4204353094100952,0.006669306246164654,6.677276854004179e-05
hyperbolic_paraboloid,11,mb,C,3042,0.0012737053700468757,0.25088104605674744,0.4578987956047058,0.07899755239486694,10.133919715881348,11.217233657836914,0.05631446944815772,0.0010605484546561325
hyperbolic_paraboloid,11,mb,T+F,3042,2.5129609908121478e-08,1.2220893040648662e-05,2.6594145310809836e-05,1.7735162600729382e-06,1.2926925420761108,1.3393442630767822,0.0015245731005312077,1.2701540340133632e-07
hyperbolic_paraboloid,11,mb,ATLAS,4042,0.0004162775691259991,0.02142631635069847,0.5956035256385803,0.0005550358328036964,,,,
hyperbolic_paraboloid,11,mb,baseline,4042,1.1425596643345093e-06,0.0009453936945647001,0.001237963791936636,8.204165351344272e-05,1.207566738128662,1.2337712049484253,0.0004171692063599559,3.8005498806472005e-06
hyperbolic_paraboloid,11,mb,T,4042,7.37702645313799e-07,9.796314770937897e-06,4.689370689447969e-05,1.7259678770642495e-06,1.1193827390670776,1.2091338634490967,0.00041217636317014694,1.8494057891465282e-07
hyperbolic_paraboloid,11,mb,F,4042,3.5514970394698054e-05,0.01811443269252777,0.04028257727622986,0.0032640756107866764,1.2746608257293701,1.3882057666778564,0.00033301286124956926,7.943878206008646e-05
hyperbolic_paraboloid,11,mb,C,4042,0.002302635969086127,0.46125903725624084,1.3052701950073242,0.18588131666183472,12.929931640625,12.974781036376953,0.6675247507435935,0.0016741140113611306
hyperbolic_paraboloid,11,mb,T+F,4042,1.3127618620439369e-07,1.6068701370386407e-05,5.5035026889527217e-05,4.199274371785577e-06,1.242358684539795,1.3084056377410889,0.0005118483802237149,1.1881171449853614e-07
hyperbolic_paraboloid,11,mb,ATLAS,5042,0.00021324423141777515,0.006967372726649046,0.7105750441551208,0.00076426996383816,,,,
hyperbolic_paraboloid,11,mb,baseline,5042,1.8532990163128653e-06,0.00129098875913769,0.002593690063804388,0.00015420641284435987,1.1175965070724487,1.204789638519287,0.0005541430229121554,6.088133951769643e-06
hyperbolic_paraboloid,11,mb,T,5042,2.1141361437251116e-06,1.333478849119274e-05,7.545707921963185e-05,3.2278330763801932e-06,1.1609941720962524,1.2100626230239868,0.0004641722438723913,3.0127212978316364e-07
hyperbolic_paraboloid,11,mb,F,5042,3.579999214376915e-05,0.016743477433919907,0.037586238235235214,0.002729433123022318,1.297928810119629,1.3858983516693115,0.0005927950717575316,7.819210025315572e-05
hyperbolic_paraboloid,11,mb,C,5042,0.002629560333761302,0.4676533639431,1.7810373306274414,0.19558532536029816,13.472369194030762,13.518935203552246,0.3553769311734608,0.0017991828000439064
hyperbolic_paraboloid,11,mb,T+F,5042,7.847702156802618e-08,2.5750918211997487e-05,0.00010416771692689508,5.617103852273431e-06,1.3073680400848389,1.344495415687561,0.001720742488812123,1.2968803478738016e-07
hyperbolic_paraboloid,11,mb,ATLAS,6042,0.0006071225824681195,0.02174338325858116,0.6164892315864563,0.0007137864013202488,,,,
hyperbolic_paraboloid,11,mb,baseline,6042,1.723072604032826e-06,0.0008217873983085155,0.0023490493185818195,0.00014794770686421543,1.0811591148376465,1.1876039505004883,0.00043301910461325733,4.823501740247593e-06
hyperbolic_paraboloid,11,mb,T,6042,1.1512471577258443e-06,1.353965126327239e-05,8.142965816659853e-05,2.7414903343014885e-06,1.177020788192749,1.2057360410690308,0.004444133839569986,3.279447895465637e-07
hyperbolic_paraboloid,11,mb,F,6042,2.516556361859495e-05,0.01081993617117405,0.024062026292085648,0.0016751441871747375,1.3470016717910767,1.4432188272476196,0.00046769006959428746,5.064497028277921e-05
hyperbolic_paraboloid,11,mb,C,6042,0.0023755764758045025,0.4695315361022949,1.794485330581665,0.2009352445602417,17.555086135864258,17.589984893798828,0.5422388953821999,0.001755341504966574
hyperbolic_paraboloid,11,mb,T+F,6042,7.38271368887085e-08,1.1339815500832628e-05,4.571661338559352e-05,3.052221472898964e-06,1.2812070846557617,1.3648372888565063,0.0007214637464910213,8.331304712783094e-08
hyperbolic_paraboloid,11,mb,ATLAS,7042,0.0002114325761795044,0.00882343202829361,0.9821786880493164,0.0006895364494994283,,,,
hyperbolic_paraboloid,11,mb,baseline,7042,3.141058352246711e-06,0.0014594609383493662,0.003286950057372451,0.00018058557179756463,1.094802975654602,1.2173177003860474,0.0013556240758459484,7.840414582460653e-06
hyperbolic_paraboloid,11,mb,T,7042,9.987923311365938e-06,3.9551334339194e-05,0.00014406244736164808,1.5120018360903487e-05,1.1241925954818726,1.1606495380401611,0.0007325360784307122,5.132120374387991e-07
hyperbolic_paraboloid,11,mb,F,7042,2.6939383877271954e-05,0.011089972220361233,0.02148568257689476,0.001678398228250444,1.215689778327942,1.3412166833877563,0.001320532922233854,5.815576670491802e-05
hyperbolic_paraboloid,11,mb,C,7042,0.002388586544177749,0.45408526062965393,1.2719389200210571,0.16211599111557007,14.272912979125977,14.312588691711426,0.6355277683053698,0.001786466155733381
hyperbolic_paraboloid,11,mb,T+F,7042,1.8720588328009893e-07,9.508560651738662e-06,3.752862539840862e-05,2.6890149911196204e-06,1.295584797859192,1.350407600402832,0.0009256098003658865,1.1090010535294173e-07
hyperbolic_paraboloid,11,mb,ATLAS,8042,0.0005197517404502088,0.024596931412816048,0.4780380129814148,0.0007220765110105276,,,,
hyperbolic_paraboloid,11,mb,baseline,8042,5.594044606286016e-06,0.0025407972279936075,0.0034913693089038134,0.00035147598828189075,1.018570899963379,1.130721092224121,0.00016177027906191403,1.2466689050987562e-05
hyperbolic_paraboloid,11,mb,T,8042,1.9022787786194717e-06,1.9253220671089366e-05,5.364784738048911e-05,4.176863512839191e-06,1.1423752307891846,1.1764265298843384,0.000493870788237213,4.865447087760393e-07
hyperbolic_paraboloid,11,mb,F,8042,3.328842153264718e-05,0.016380364075303078,0.026652056723833084,0.0023020883090794086,1.3185828924179077,1.4047812223434448,0.0011282848385495267,7.033890454165106e-05
hyperbolic_paraboloid,11,mb,C,8042,0.0022228937596082687,0.4593338668346405,1.4701547622680664,0.22501704096794128,17.517637252807617,17.56877326965332,0.45346869102546145,0.0016042805010718958
hyperbolic_paraboloid,11,mb,T+F,8042,4.148365529875842e-08,2.3846127078286372e-05,7.324133912334219e-05,5.602260443993146e-06,1.2614871263504028,1.3202811479568481,0.00042170459346380085,3.111512703363977e-07
hyperbolic_paraboloid,11,mb,ATLAS,9042,0.00020830345932732928,0.00944561418145895,0.6121636629104614,0.0005363205564208329,,,,
hyperbolic_paraboloid,11,mb,baseline,9042,3.944420975378969e-06,0.002362001920118928,0.00468492042273283,0.00040523370262235403,0.920451819896698,1.0450674295425415,0.00032854943336652856,1.3758471141045447e-05
hyperbolic_paraboloid,11,mb,T,9042,4.892181591871618e-06,4.000694025307894e-05,0.000150444102473557,1.017298473016126e-05,1.1320608854293823,1.1773996353149414,0.0007676875642833433,3.9031049985689084e-07
hyperbolic_paraboloid,11,mb,F,9042,3.306547296233475e-05,0.013850484974682331,0.024100864306092262,0.002333898562937975,1.3401883840560913,1.430159091949463,0.00040546651871409267,6.533845277902271e-05
hyperbolic_paraboloid,11,mb,C,9042,0.0024470614100044422,0.44534119963645935,1.3489220142364502,0.19503706693649292,13.465696334838867,13.515700340270996,0.6521882287093571,0.00170299517256873
hyperbolic_paraboloid,11,mb,T+F,9042,3.033293761621859e-08,1.0253109394398052e-05,2.7649770345306024e-05,2.371323489569477e-06,1.3455467224121094,1.3693701028823853,0.0009992236196662166,7.770680911432595e-08
quartic_dome,11,mb,ATLAS,42,0.00031568099405955184,0.005903393961489201,0.8539971113204956,0.00039743632078170776,,,,
quartic_dome,11,mb,baseline,42,4.745303489140827e-06,0.0025659087114036083,0.006790267303586006,0.0005180947482585907,1.1345113515853882,1.1735340356826782,0.0004398401568843318,9.150118720364325e-06
quartic_dome,11,mb,T,42,2.7357552674154495e-06,2.488841892045457e-05,0.00018441976862959564,5.8841433201450855e-06,0.9534416794776917,1.0538370609283447,0.0006440448300314269,3.021621820055641e-07
quartic_dome,11,mb,F,42,3.387950974601236e-05,0.012747910805046558,0.02729337476193905,0.0022848770022392273,1.3460155725479126,1.4202930927276611,0.0008680947648826987,6.711385607819207e-05
quartic_dome,11,mb,C,42,0.00217633457346396,0.3821679651737213,1.5817289352416992,0.13462695479393005,12.202500343322754,12.32560920715332,0.6583352259227208,0.0012779009827811802
quartic_dome,11,mb,T+F,42,6.108128693747196e-08,3.1351697543868795e-05,0.00020861455413978547,6.7722144194704015e-06,1.222626805305481,1.2748146057128906,0.000760559512335541,1.5082892040092182e-07
quartic_dome,11,mb,ATLAS,1042,0.0005240127105604519,0.011762385256588459,0.5356367826461792,0.00041360390605404973,,,,
quartic_dome,11,mb,baseline,1042,3.3483986705753277e-06,0.0019616330973803997,0.004027995280921459,0.00037606392288580537,1.1431249380111694,1.2108262777328491,0.0002325004752492532,6.362926472190468e-06
quartic_dome,11,mb,T,1042,1.6477523868988184e-06,2.61802470049588e-05,0.00013852055417373776,4.728575731860474e-06,1.0235098600387573,1.0691450834274292,0.00013523114570749125,1.5859889706299718e-07
quartic_dome,11,mb,F,1042,3.647061054256152e-05,0.014133153483271599,0.029019592329859734,0.002275161212310195,1.2260046005249023,1.3852347135543823,0.0006180903624876269,5.462163348316348e-05
quartic_dome,11,mb,C,1042,0.0019449490037831392,0.37499168515205383,1.5290131568908691,0.14047086238861084,16.34299087524414,16.421783447265625,0.7224884991134916,0.0012392839583169138
quartic_dome,11,mb,T+F,1042,6.94041608023161e-08,6.245953409234062e-05,0.0002590327931102365,9.58222517510876e-06,1.1845608949661255,1.2652662992477417,0.00046643539514791755,3.2891796308831545e-07
quartic_dome,11,mb,ATLAS,2042,0.0006508809006349607,0.015701372176408768,0.6207997798919678,0.0005087667377665639,,,,
quartic_dome,11,mb,baseline,2042,4.8507813930469146e-06,0.003198101418092847,0.005672505125403404,0.00038106489228084683,1.1077308654785156,1.181072473526001,0.0001928793743510531,9.585187204460713e-06
quartic_dome,11,mb,T,2042,3.2993692994668065e-06,3.106038275291212e-05,0.00017353316070511937,4.893894583801739e-06,0.9968164563179016,1.0861200094223022,0.0001715439772981751,3.235560654957226e-07
quartic_dome,11,mb,F,2042,3.051768131130798e-05,0.014051617123186588,0.03264922276139259,0.0020423789974302053,1.3510632514953613,1.3906739950180054,0.0002330806091777049,5.399445815003544e-05
quartic_dome,11,mb,C,2042,0.0019691557708111677,0.3765350878238678,1.5591671466827393,0.1320335865020752,15.015498161315918,15.094132423400879,0.5672395953110286,0.0012104859509106194
quartic_dome,11,mb,T+F,2042,5.505505255727754e-08,4.88878067699261e-05,0.00021963230392429978,9.42510087043047e-06,1.110695242881775,1.1849429607391357,0.00028127061003553014,3.4315984415960496e-07
quartic_dome,11,mb,ATLAS,3042,0.0005765443413772366,0.014854023233056068,0.5771262049674988,0.0004767780483234674,,,,
quartic_dome,11,mb,baseline,3042,4.057951710737226e-06,0.002037703525274992,0.004201780539005995,0.000239711269387044,1.136871337890625,1.1927850246429443,0.0008698671216344726,7.023789618999997e-06
quartic_dome,11,mb,T,3042,1.5530660510359502e-06,3.156112870783545e-05,0.00013657347881235182,5.493611752172001e-06,0.931233286857605,1.0054645538330078,0.0004546330996423161,1.8781872362134372e-07
quartic_dome,11,mb,F,3042,3.2863161653618924e-05,0.013329599052667618,0.021658167243003845,0.0017874868353828788,1.382340908050537,1.4522913694381714,0.0016544199398984866,5.957486843856584e-05
quartic_dome,11,mb,C,3042,0.0020529712465676394,0.37936800718307495,1.3396258354187012,0.12281598150730133,14.771867752075195,14.83970832824707,0.7657796740531921,0.0012933639643181647
quartic_dome,11,mb,T+F,3042,4.8145120052305916e-08,3.479928636807017e-05,9.788003808353096e-05,5.4041456678532995e-06,1.1606922149658203,1.2513196468353271,0.0017157103117954517,2.498337343987649e-07
quartic_dome,11,mb,ATLAS,4042,0.0008515289730646393,0.02060769312083721,0.6623870134353638,0.00045821425737813115,,,,
quartic_dome,11,mb,baseline,4042,3.3459327823948115e-06,0.0021047797054052353,0.0035247066989541054,0.00028735751402564347,1.0675584077835083,1.1187762022018433,0.0006750052894598671,5.68649459507599e-06
quartic_dome,11,mb,T,4042,1.7182216900189153e-06,2.4199378458433785e-05,9.218906780006364e-05,3.7652544051525183e-06,1.0014283657073975,1.0713552236557007,0.00029253676309183774,8.157959021965715e-07
quartic_dome,11,mb,F,4042,3.361237626946108e-05,0.014477787539362907,0.029089706018567085,0.0026346626691520214,1.391359567642212,1.4430336952209473,0.0021673135925084352,5.472806982912256e-05
quartic_dome,11,mb,C,4042,0.0019470808858221228,0.39321765303611755,1.2955918312072754,0.1326366364955902,13.104015350341797,13.147615432739258,0.6375241237027305,0.0012874356471002102
quartic_dome,11,mb,T+F,4042,7.917916698054549e-08,5.942536154179834e-05,0.00017276137077715248,1.2319770576141309e-05,1.3416014909744263,1.4181139469146729,0.0014909855505850697,4.1273768098497907e-07
quartic_dome,11,mb,ATLAS,5042,0.0003536186308007349,0.00724030239507556,0.6605229377746582,0.0005396559135988355,,,,
quartic_dome,11,mb,baseline,5042,3.3895303204189986e-06,0.00207733316347003,0.00524249579757452,0.00024986884091049433,1.0336095094680786,1.1501061916351318,0.00035145691487871645,8.87639063356411e-06
quartic_dome,11,mb,T,5042,1.6702053306454963e-06,3.260543599026278e-05,0.00013979173672851175,5.944692929915618e-06,0.952717125415802,1.0045528411865234,0.00014549730154353062,1.7984703098201343e-07
quartic_dome,11,mb,F,5042,3.0921822392635725e-05,0.013766203075647354,0.02725588157773018,0.0018891860963776708,1.3894126415252686,1.4512779712677002,0.00037193224332960587,5.979626439511776e-05
quartic_dome,11,mb,C,5042,0.0020415188575332813,0.3966108560562134,1.7320234775543213,0.13893884420394897,14.761070251464844,14.805959701538086,0.7334744376795632,0.0013060251117816993
quartic_dome,11,mb,T+F,5042,1.106078570956015e-07,5.7384510000701994e-05,0.00023555041116196662,1.1932207598874811e-05,1.149855375289917,1.236221432685852,0.0002336295770614275,3.901887371934468e-07
quartic_dome,11,mb,ATLAS,6042,0.000861906615847891,0.01903293840587139,0.7021420001983643,0.0005425082053989172,,,,
quartic_dome,11,mb,baseline,6042,2.521032993999225e-06,0.001671047299169004,0.003302424680441618,0.00022765010362491012,1.1335899829864502,1.1923717260360718,0.0004120882575599743,6.0234947990725885e-06
quartic_dome,11,mb,T,6042,2.0770636514167893e-06,3.205086977686733e-05,0.00015989951498340815,4.453961992112454e-06,1.0547175407409668,1.1121951341629028,0.00028036653488275727,3.341785860097194e-07
quartic_dome,11,mb,F,6042,2.5812510020014916e-05,0.011305538937449455,0.03042474575340748,0.0018009550403803587,1.3951128721237183,1.4672622680664062,0.0004372744421873774,5.494662192566986e-05
quartic_dome,11,mb,C,6042,0.002131360667673024,0.397857129573822,1.6940163373947144,0.13644170761108398,13.10437297821045,13.192422866821289,0.6446744799613953,0.0012924155619527613
quartic_dome,11,mb,T+F,6042,7.604655200504401e-08,6.421966827474535e-05,0.00023932165640871972,9.033050446305424e-06,1.257245659828186,1.3329061269760132,0.007106521266645619,2.4237309454682485e-07
quartic_dome,11,mb,ATLAS,7042,0.0003718191503801129,0.009166544303297997,0.9686444997787476,0.0005916130030527711,,,,
quartic_dome,11,mb,baseline,7042,2.6459345628443938e-06,0.0011331677669659257,0.002383530605584383,0.00014350892161019146,1.074934959411621,1.1326311826705933,0.0005059114940065358,4.147549751516115e-06
quartic_dome,11,mb,T,7042,1.509121747486378e-06,1.8066115444526076e-05,9.278260404244065e-05,2.785753849821049e-06,0.9826157689094543,1.0559908151626587,0.0007619255089334079,1.941121671019833e-07
quartic_dome,11,mb,F,7042,3.1533553159203045e-05,0.011824407614767551,0.022798877209424973,0.001630349550396204,1.3697946071624756,1.424939513206482,0.0004457947299150484,5.60840692612276e-05
quartic_dome,11,mb,C,7042,0.0024029272185130553,0.39132726192474365,1.5052857398986816,0.1206621527671814,14.01443862915039,14.065055847167969,0.8436234252793449,0.0012705507022993906
quartic_dome,11,mb,T+F,7042,4.574413672096191e-08,2.9562843337771483e-05,0.00014362645742949098,5.672458883054787e-06,1.2074995040893555,1.27967369556427,0.0014411016766514098,2.664994391515003e-07
quartic_dome,11,mb,ATLAS,8042,0.0008506838401610202,0.022017814218997955,0.5060208439826965,0.0005269336979836226,,,,
quartic_dome,11,mb,baseline,8042,5.014659440017898e-06,0.004186305683106184,0.005017949268221855,0.0007539526559412479,1.1130419969558716,1.1899493932724,0.00022359417614227693,1.0098485030799306e-05
quartic_dome,11,mb,T,8042,8.194961496470072e-07,2.4835451768012717e-05,0.00013578584184870124,4.823749350180151e-06,0.9631170630455017,1.0172300338745117,0.00019924099615309387,5.173275456270079e-07
quartic_dome,11,mb,F,8042,3.1426900849592954e-05,0.013426746241748333,0.02402341552078724,0.001953194383531809,1.3279093503952026,1.3970649242401123,0.0006332371600105294,5.7260679958354945e-05
quartic_dome,11,mb,C,8042,0.001957165246660059,0.39036354422569275,1.3672901391983032,0.13941916823387146,13.141206741333008,13.385421752929688,0.4396018407174519,0.0012036555978868688
quartic_dome,11,mb,T+F,8042,5.0774696608806895e-08,4.9786936870077625e-05,0.0001205869994009845,8.11666359368246e-06,1.1892138719558716,1.2776130437850952,0.00026615289243636653,8.668806279794288e-07
quartic_dome,11,mb,ATLAS,9042,0.0004084487868980928,0.010200195014476776,0.7229985594749451,0.00039934253436513245,,,,
quartic_dome,11,mb,baseline,9042,2.9446038586849515e-06,0.0016155027551576495,0.003125967225059867,0.0002307890827069059,1.0417399406433105,1.1011992692947388,0.00040884234061065527,5.120014390870763e-06
quartic_dome,11,mb,T,9042,1.7951563429299064e-06,3.223217936465517e-05,0.00014225122868083417,5.749457159254234e-06,1.013750433921814,1.080585241317749,0.00046170014372494606,1.7335759951363018e-07
quartic_dome,11,mb,F,9042,3.078594719144431e-05,0.012608226388692856,0.019135387614369392,0.002018663799390197,1.4375169277191162,1.5247437953948975,0.000704886537278071,5.804353453900798e-05
quartic_dome,11,mb,C,9042,0.00225668688389388,0.37525415420532227,1.6399039030075073,0.13947749137878418,14.530415534973145,14.570562362670898,0.7357283192021506,0.0012137229038801575
quartic_dome,11,mb,T+F,9042,1.4031450684177055e-07,8.94607583177276e-05,0.00025858593289740384,1.6646215954096988e-05,1.19163179397583,1.3066984415054321,0.0004591896223636078,2.9365576738525435e-07
