N,D,K_pairs,surface,seed,condition,E_mu,E_Sigma,drift_loss,diff_loss,MTE@0.1,MTE@0.5,MTE@1.0,W2@1.0,MMD@1.0,survival@1.0,ae_loss,recon_per_dim,phase1_converged
20,11,4,paraboloid,42,baseline,0.8652,1.1968,0.013708,0.016858,0.5919,1.4374,2.1291,1.8635,0.2193,0.765,,,
20,11,4,paraboloid,42,K(Phat),0.5032,0.5741,0.012247,0.012596,0.5671,1.3791,2.0636,1.853,0.2198,0.765,,,
20,11,4,paraboloid,1042,baseline,0.3938,0.4743,0.005286,0.01291,1.2026,2.1432,2.8092,1.8017,0.222,0.72,,,
20,11,4,paraboloid,1042,K(Phat),0.2116,0.3074,0.003611,0.011411,1.191,2.107,2.7448,1.7154,0.2149,0.72,,,
20,11,4,paraboloid,2042,baseline,0.1785,0.1856,0.005523,0.010305,1.5205,2.9205,3.3147,1.7488,0.2364,0.785,,,
20,11,4,paraboloid,2042,K(Phat),0.1018,0.0885,0.005365,0.009816,1.5259,2.9014,3.2629,1.6927,0.2355,0.785,,,
20,11,4,paraboloid,3042,baseline,0.1476,0.1792,0.002909,0.046448,1.0867,2.0622,2.7626,1.871,0.2437,0.745,,,
20,11,4,paraboloid,3042,K(Phat),0.1059,0.2126,0.001742,0.043105,1.0482,2.0053,2.7278,1.8906,0.2524,0.745,,,
20,11,4,paraboloid,4042,baseline,0.3858,0.4291,0.006149,0.046835,0.9757,2.1362,2.5664,1.7771,0.2124,0.76,,,
20,11,4,paraboloid,4042,K(Phat),0.26,0.4111,0.005357,0.026,1.09,2.2713,2.6595,1.4993,0.1682,0.76,,,
20,11,4,paraboloid,5042,baseline,0.2847,0.2471,0.006441,0.010034,1.5059,2.7838,3.4576,2.1279,0.284,0.765,,,
20,11,4,paraboloid,5042,K(Phat),0.0953,0.1423,0.003915,0.008196,1.4998,2.7269,3.3225,1.9964,0.2758,0.765,,,
20,11,4,paraboloid,6042,baseline,0.3661,0.3041,0.006066,0.016805,0.9066,1.7709,1.9942,1.2566,0.1105,0.73,,,
20,11,4,paraboloid,6042,K(Phat),0.269,0.6505,0.003726,0.01013,0.6537,1.3044,1.7409,1.7755,0.2548,0.73,,,
20,11,4,paraboloid,7042,baseline,0.191,0.3099,0.012585,0.037444,1.1054,2.1631,2.6701,1.6965,0.2053,0.765,,,
20,11,4,paraboloid,7042,K(Phat),0.0667,0.1175,0.007028,0.013238,1.0948,2.1519,2.6291,1.6475,0.1962,0.765,,,
20,11,4,paraboloid,8042,baseline,0.252,0.5456,0.010351,0.053912,0.9301,1.8577,2.0897,1.5052,0.1366,0.795,,,
20,11,4,paraboloid,8042,K(Phat),0.1643,0.4008,0.009281,0.036328,0.9118,1.8446,2.0525,1.4463,0.1356,0.795,,,
20,11,4,paraboloid,9042,baseline,0.284,0.2997,0.003972,0.022885,0.5641,1.237,2.0498,1.6885,0.2132,0.76,,,
20,11,4,paraboloid,9042,K(Phat),0.2195,0.4695,0.004757,0.009987,0.5801,1.2326,2.0259,1.7038,0.2023,0.76,,,
20,11,4,hyperbolic_paraboloid,42,baseline,0.1333,0.1065,0.004743,0.004822,1.038,2.517,3.0474,1.8889,0.2357,0.765,,,
20,11,4,hyperbolic_paraboloid,42,K(Phat),0.0851,0.1416,0.004183,0.004967,1.0339,2.5086,3.0823,1.8868,0.2276,0.765,,,
20,11,4,hyperbolic_paraboloid,1042,baseline,0.1397,0.113,0.00511,0.003377,1.14,1.9274,2.5046,1.2613,0.1714,0.72,,,
20,11,4,hyperbolic_paraboloid,1042,K(Phat),0.1149,0.0729,0.004982,0.002734,1.1401,1.9314,2.5271,1.2833,0.1671,0.72,,,
20,11,4,hyperbolic_paraboloid,2042,baseline,0.0881,0.1211,0.004635,0.005963,0.9447,2.2461,2.8784,1.5231,0.1986,0.785,,,
20,11,4,hyperbolic_paraboloid,2042,K(Phat),0.0528,0.0483,0.003849,0.006356,0.9419,2.2734,2.8375,1.5394,0.1824,0.785,,,
20,11,4,hyperbolic_paraboloid,3042,baseline,0.154,0.1299,0.005799,0.046113,1.1708,2.4277,3.0175,1.514,0.1628,0.745,,,
20,11,4,hyperbolic_paraboloid,3042,K(Phat),0.0581,0.1312,0.005082,0.012898,1.3168,2.4915,2.9307,1.4267,0.1531,0.745,,,
20,11,4,hyperbolic_paraboloid,4042,baseline,0.1323,0.1386,0.00565,0.008144,1.5162,2.7785,3.0145,1.4824,0.1902,0.76,,,
20,11,4,hyperbolic_paraboloid,4042,K(Phat),0.1219,0.6032,0.002747,0.009178,1.5262,2.7398,2.9375,1.2458,0.1386,0.76,,,
20,11,4,hyperbolic_paraboloid,5042,baseline,0.1526,0.2379,0.002427,0.006895,1.4213,2.6205,3.1078,1.341,0.1423,0.765,,,
20,11,4,hyperbolic_paraboloid,5042,K(Phat),0.0864,0.1795,0.002674,0.005717,1.4346,2.6262,3.1067,1.2944,0.1333,0.765,,,
20,11,4,hyperbolic_paraboloid,6042,baseline,0.1938,0.1513,0.003932,0.007365,0.5638,1.1935,1.5614,1.3873,0.1676,0.73,,,
20,11,4,hyperbolic_paraboloid,6042,K(Phat),0.1532,0.1759,0.004332,0.008296,0.5567,1.1691,1.5118,1.3289,0.1551,0.73,,,
20,11,4,hyperbolic_paraboloid,7042,baseline,0.1055,0.2168,0.006569,0.020812,1.087,2.3548,2.6512,1.4001,0.1576,0.765,,,
20,11,4,hyperbolic_paraboloid,7042,K(Phat),0.0583,0.2123,0.003723,0.019471,1.0977,2.3908,2.7109,1.4686,0.1621,0.765,,,
20,11,4,hyperbolic_paraboloid,8042,baseline,0.1432,0.1521,0.003149,0.00661,1.1418,2.1514,2.37,1.2882,0.1353,0.795,,,
20,11,4,hyperbolic_paraboloid,8042,K(Phat),0.0596,0.0842,0.002447,0.005654,1.124,2.1299,2.3353,1.2729,0.1298,0.795,,,
20,11,4,hyperbolic_paraboloid,9042,baseline,0.175,0.2745,0.004617,0.008383,0.4946,1.0915,1.5016,1.3249,0.113,0.76,,,
20,11,4,hyperbolic_paraboloid,9042,K(Phat),0.1455,0.1632,0.005173,0.008693,0.4849,1.0906,1.4893,1.3495,0.1112,0.76,,,
20,201,99,paraboloid,42,baseline,1.9865,6.8208,0.000608,0.000206,1.4745,2.8176,3.6071,1.9539,0.1964,0.765,,,
20,201,99,paraboloid,42,K(Phat),2.3308,6.9142,0.000771,0.000191,1.5295,2.8446,3.5432,2.0158,0.1937,0.765,,,
20,201,99,paraboloid,1042,baseline,1.5579,3.2787,0.00044,0.000163,1.173,2.0026,2.7531,1.822,0.185,0.72,,,
20,201,99,paraboloid,1042,K(Phat),1.4947,3.1906,0.00033,0.0001,1.1794,2.0548,2.814,1.8429,0.2072,0.72,,,
20,201,99,paraboloid,2042,baseline,0.8384,2.0063,0.000408,0.000156,0.6619,1.6016,2.0892,1.9556,0.2245,0.785,,,
20,201,99,paraboloid,2042,K(Phat),0.924,1.6787,0.000397,0.000164,0.6363,1.672,2.1934,1.9203,0.2174,0.785,,,
20,201,99,paraboloid,3042,baseline,0.757,1.1851,0.000201,0.000105,0.7087,1.5498,2.4499,2.4998,0.2947,0.745,,,
20,201,99,paraboloid,3042,K(Phat),0.7911,1.2653,0.000421,0.000117,0.722,1.4769,2.3873,2.4839,0.2973,0.745,,,
20,201,99,paraboloid,4042,baseline,1.2875,2.0539,0.000377,0.000349,1.1072,2.1556,2.5051,1.9417,0.207,0.76,,,
20,201,99,paraboloid,4042,K(Phat),1.1728,1.7114,0.000268,0.000287,1.104,2.1812,2.4523,1.7221,0.1646,0.76,,,
20,201,99,paraboloid,5042,baseline,1.138,2.3864,0.000159,0.000133,1.2025,2.293,2.8038,1.937,0.2171,0.765,,,
20,201,99,paraboloid,5042,K(Phat),1.1002,2.3124,0.000194,0.000119,1.2109,2.2884,2.7636,1.9348,0.2231,0.765,,,
20,201,99,paraboloid,6042,baseline,1.4572,1.6103,0.000123,4e-05,0.6018,1.3587,1.8429,2.1231,0.2397,0.73,,,
20,201,99,paraboloid,6042,K(Phat),1.2864,1.8691,0.000189,4.2e-05,0.6069,1.3426,1.8756,2.0858,0.236,0.73,,,
20,201,99,paraboloid,7042,baseline,0.6717,1.3781,0.000629,0.000302,1.2561,2.5459,3.214,2.4943,0.206,0.765,,,
20,201,99,paraboloid,7042,K(Phat),0.5496,2.1913,0.000557,0.000266,1.2224,2.4039,2.9614,2.3099,0.2089,0.765,,,
20,201,99,paraboloid,8042,baseline,1.137,1.7478,0.000233,0.000451,0.7837,1.6406,2.1629,1.9975,0.1444,0.795,,,
20,201,99,paraboloid,8042,K(Phat),0.9274,1.6836,0.000261,0.000283,0.8326,1.7349,2.2596,1.9074,0.1473,0.795,,,
20,201,99,paraboloid,9042,baseline,1.1299,1.1609,0.000146,0.000155,1.6495,2.7626,3.4191,2.1408,0.2582,0.76,,,
20,201,99,paraboloid,9042,K(Phat),0.8056,1.5603,7.5e-05,0.000127,1.6874,2.7019,3.2225,2.0656,0.2378,0.76,,,
20,201,99,hyperbolic_paraboloid,42,baseline,1.8318,6.5707,0.001138,0.000261,1.3014,2.5595,3.1174,2.042,0.209,0.765,,,
20,201,99,hyperbolic_paraboloid,42,K(Phat),1.6648,4.4967,0.000342,0.000198,1.2467,2.5963,3.1668,2.2434,0.2214,0.765,,,
20,201,99,hyperbolic_paraboloid,1042,baseline,0.7785,1.3207,0.000374,7.3e-05,1.3107,2.1455,2.7058,1.4294,0.1266,0.72,,,
20,201,99,hyperbolic_paraboloid,1042,K(Phat),0.7613,1.893,0.000287,6.5e-05,1.1641,1.9681,2.51,1.3908,0.1576,0.72,,,
20,201,99,hyperbolic_paraboloid,2042,baseline,0.7813,1.8509,0.000335,6.9e-05,0.6281,1.4136,1.6938,1.4908,0.1334,0.785,,,
20,201,99,hyperbolic_paraboloid,2042,K(Phat),0.7563,1.9691,0.000303,8e-05,0.5581,1.482,1.8015,1.4961,0.1536,0.785,,,
20,201,99,hyperbolic_paraboloid,3042,baseline,0.4835,0.9571,0.00035,0.000148,1.4447,2.6739,3.12,1.8594,0.1386,0.745,,,
20,201,99,hyperbolic_paraboloid,3042,K(Phat),0.5612,1.2838,0.00029,0.000185,1.7041,2.8588,3.2783,1.9776,0.2683,0.745,,,
20,201,99,hyperbolic_paraboloid,4042,baseline,0.5719,0.9224,0.000223,3.6e-05,1.1643,2.1689,2.4129,1.712,0.157,0.76,,,
20,201,99,hyperbolic_paraboloid,4042,K(Phat),0.5768,0.6634,0.000254,2.6e-05,1.1919,2.2,2.4381,1.8403,0.1835,0.76,,,
20,201,99,hyperbolic_paraboloid,5042,baseline,0.8647,2.2581,0.000283,9.5e-05,1.1981,2.2814,2.8247,1.584,0.1294,0.765,,,
20,201,99,hyperbolic_paraboloid,5042,K(Phat),0.8527,2.1022,0.00022,7.8e-05,1.1919,2.3002,2.8994,1.6959,0.1607,0.765,,,
20,201,99,hyperbolic_paraboloid,6042,baseline,0.8681,0.9287,0.000302,3.6e-05,1.1959,2.3832,2.6939,1.4651,0.1494,0.73,,,
20,201,99,hyperbolic_paraboloid,6042,K(Phat),0.8166,0.9735,0.000245,3.8e-05,1.2546,2.432,2.7614,1.5117,0.1639,0.73,,,
20,201,99,hyperbolic_paraboloid,7042,baseline,0.888,4.8932,0.001039,0.000399,1.1455,2.312,2.4811,1.8217,0.1885,0.765,,,
20,201,99,hyperbolic_paraboloid,7042,K(Phat),0.6198,1.4583,0.00075,0.000196,1.0739,2.2092,2.432,1.4745,0.1451,0.765,,,
20,201,99,hyperbolic_paraboloid,8042,baseline,0.9503,2.1491,0.00012,0.000148,1.118,1.82,2.1915,1.3968,0.203,0.795,,,
20,201,99,hyperbolic_paraboloid,8042,K(Phat),0.8162,1.8233,7.6e-05,0.000135,1.0581,1.865,2.2686,1.4187,0.1914,0.795,,,
20,201,99,hyperbolic_paraboloid,9042,baseline,0.8677,1.8108,6.4e-05,8.6e-05,1.5487,2.4856,2.9125,1.5694,0.1506,0.76,,,
20,201,99,hyperbolic_paraboloid,9042,K(Phat),0.8444,2.1098,6.7e-05,7.5e-05,1.5726,2.4974,2.9175,1.6122,0.164,0.76,,,
50,11,4,paraboloid,42,baseline,0.1152,0.1782,0.016896,0.014538,0.5073,1.286,1.9224,1.7401,0.212,0.765,,,
50,11,4,paraboloid,42,K(Phat),0.0419,0.1349,0.01257,0.009181,0.498,1.3087,1.9974,1.8395,0.2247,0.765,,,
50,11,4,paraboloid,1042,baseline,0.1569,0.1566,0.003278,0.009699,1.1779,2.1841,2.7645,1.728,0.2437,0.72,,,
50,11,4,paraboloid,1042,K(Phat),0.1055,0.0768,0.002193,0.007898,1.1859,2.153,2.7177,1.6644,0.2368,0.72,,,
50,11,4,paraboloid,2042,baseline,0.1277,0.204,0.011059,0.012115,0.9612,2.3752,2.9627,1.7848,0.2214,0.785,,,
50,11,4,paraboloid,2042,K(Phat),0.0469,0.0499,0.005606,0.005557,0.9462,2.3678,2.9453,1.8796,0.2436,0.785,,,
50,11,4,paraboloid,3042,baseline,0.0368,0.0303,0.005664,0.031451,1.1213,2.1134,2.7291,1.7912,0.1677,0.745,,,
50,11,4,paraboloid,3042,K(Phat),0.0305,0.0301,0.004023,0.031131,1.1204,2.0965,2.6734,1.7146,0.1606,0.745,,,
50,11,4,paraboloid,4042,baseline,0.1882,0.4395,0.032501,0.046011,0.8691,1.9522,2.3838,1.5565,0.1643,0.76,,,
50,11,4,paraboloid,4042,K(Phat),0.0833,0.2073,0.019766,0.019174,1.0923,2.2581,2.5753,1.5379,0.1837,0.76,,,
50,11,4,paraboloid,5042,baseline,0.1317,0.2842,0.006738,0.014222,1.0839,2.1599,2.7733,1.9073,0.2668,0.765,,,
50,11,4,paraboloid,5042,K(Phat),0.0461,0.0922,0.004084,0.008685,1.0708,2.1436,2.7529,1.8873,0.2693,0.765,,,
50,11,4,paraboloid,6042,baseline,0.0489,0.0411,0.003649,0.007085,1.1571,2.3861,2.8039,1.8913,0.2664,0.73,,,
50,11,4,paraboloid,6042,K(Phat),0.0456,0.1635,0.003131,0.008038,1.1554,2.3535,2.7604,1.8859,0.2654,0.73,,,
50,11,4,paraboloid,7042,baseline,0.0813,0.1941,0.00797,0.030573,1.0783,2.1669,2.7333,1.9452,0.2286,0.765,,,
50,11,4,paraboloid,7042,K(Phat),0.0368,0.0561,0.00724,0.015929,1.0768,2.1558,2.7373,1.9243,0.2423,0.765,,,
50,11,4,paraboloid,8042,baseline,0.1116,0.1091,0.015969,0.047783,0.8898,1.8954,2.1714,1.4981,0.1444,0.795,,,
50,11,4,paraboloid,8042,K(Phat),0.0641,0.1462,0.009313,0.043111,0.8773,1.8614,2.1384,1.5049,0.1353,0.795,,,
50,11,4,paraboloid,9042,baseline,0.0686,0.0658,0.006793,0.015983,0.5797,1.4633,2.3405,2.0848,0.3213,0.76,,,
50,11,4,paraboloid,9042,K(Phat),0.0418,0.0476,0.0059,0.013277,0.5839,1.463,2.3222,2.0463,0.3241,0.76,,,
50,11,4,hyperbolic_paraboloid,42,baseline,0.0767,0.1277,0.004357,0.024226,0.9212,2.202,2.792,1.6333,0.1809,0.765,,,
50,11,4,hyperbolic_paraboloid,42,K(Phat),0.0305,0.0311,0.003134,0.023332,0.9137,2.1804,2.7384,1.5658,0.1663,0.765,,,
50,11,4,hyperbolic_paraboloid,1042,baseline,0.0474,0.0467,0.004921,0.003388,1.1257,2.0798,2.8183,1.5954,0.2142,0.72,,,
50,11,4,hyperbolic_paraboloid,1042,K(Phat),0.0276,0.0283,0.00317,0.002985,1.1287,2.0948,2.8686,1.6373,0.2174,0.72,,,
50,11,4,hyperbolic_paraboloid,2042,baseline,0.0414,0.038,0.005343,0.005099,1.5442,3.0027,3.417,1.8029,0.2138,0.785,,,
50,11,4,hyperbolic_paraboloid,2042,K(Phat),0.0283,0.0247,0.004526,0.004974,1.5451,3.0117,3.4346,1.8511,0.2162,0.785,,,
50,11,4,hyperbolic_paraboloid,3042,baseline,0.0362,0.0573,0.003657,0.033332,1.1069,2.2894,2.8749,1.3471,0.1531,0.745,,,
50,11,4,hyperbolic_paraboloid,3042,K(Phat),0.0341,0.0838,0.002646,0.032873,1.1152,2.2997,2.8307,1.2909,0.1371,0.745,,,
50,11,4,hyperbolic_paraboloid,4042,baseline,0.028,0.0242,0.004345,0.004566,1.5462,2.8495,3.0986,1.4506,0.1855,0.76,,,
50,11,4,hyperbolic_paraboloid,4042,K(Phat),0.0157,0.0323,0.002672,0.003497,1.5448,2.8368,3.0484,1.4348,0.1824,0.76,,,
50,11,4,hyperbolic_paraboloid,5042,baseline,0.0654,0.1152,0.00754,0.00968,1.4168,2.6406,3.1509,1.4244,0.1549,0.765,,,
50,11,4,hyperbolic_paraboloid,5042,K(Phat),0.0292,0.0536,0.006811,0.007407,1.4208,2.6461,3.1611,1.407,0.1512,0.765,,,
50,11,4,hyperbolic_paraboloid,6042,baseline,0.053,0.1498,0.00534,0.020188,0.9109,1.8106,2.227,1.207,0.1193,0.73,,,
50,11,4,hyperbolic_paraboloid,6042,K(Phat),0.0479,0.2995,0.004625,0.02237,0.922,1.8257,2.2124,1.1949,0.119,0.73,,,
50,11,4,hyperbolic_paraboloid,7042,baseline,0.0287,0.0508,0.006486,0.011455,1.1426,2.3077,2.6236,1.5911,0.2077,0.765,,,
50,11,4,hyperbolic_paraboloid,7042,K(Phat),0.017,0.0297,0.005861,0.010185,1.1311,2.3022,2.6197,1.601,0.2065,0.765,,,
50,11,4,hyperbolic_paraboloid,8042,baseline,0.0291,0.106,0.00442,0.006624,1.1329,2.2415,2.3987,1.2914,0.1417,0.795,,,
50,11,4,hyperbolic_paraboloid,8042,K(Phat),0.0194,0.028,0.002812,0.032832,1.3579,2.4039,2.8683,1.4705,0.1657,0.795,,,
50,11,4,hyperbolic_paraboloid,9042,baseline,0.0207,0.0339,0.00438,0.006349,0.4925,1.2557,1.7652,1.6128,0.1781,0.76,,,
50,11,4,hyperbolic_paraboloid,9042,K(Phat),0.0155,0.0273,0.003885,0.005617,0.4879,1.2363,1.7268,1.5508,0.1649,0.76,,,
50,201,99,paraboloid,42,baseline,0.6344,1.1094,0.000233,5.8e-05,1.8252,3.1974,3.8321,2.2898,0.2253,0.765,,,
50,201,99,paraboloid,42,K(Phat),0.3731,0.5327,0.000209,3.8e-05,1.6451,3.0946,3.8183,2.3191,0.2074,0.765,,,
50,201,99,paraboloid,1042,baseline,0.4187,0.5832,0.000148,2.9e-05,1.0548,1.8904,2.5963,1.6321,0.2127,0.72,,,
50,201,99,paraboloid,1042,K(Phat),0.507,0.5908,0.000154,3e-05,1.0962,1.9506,2.6801,1.7574,0.2436,0.72,,,
50,201,99,paraboloid,2042,baseline,0.4579,0.8318,0.000224,8.5e-05,0.6423,1.6062,2.241,2.155,0.2357,0.785,,,
50,201,99,paraboloid,2042,K(Phat),0.3932,0.7943,0.00016,7.4e-05,0.5437,1.5463,2.1439,2.0576,0.2173,0.785,,,
50,201,99,paraboloid,3042,baseline,0.2865,0.4474,0.000194,7.2e-05,0.6916,1.4097,2.3486,2.4124,0.2765,0.745,,,
50,201,99,paraboloid,3042,K(Phat),0.214,0.3392,0.000231,5.6e-05,2.2375,2.6346,3.2728,3.1538,0.5083,0.745,,,
50,201,99,paraboloid,4042,baseline,0.4864,0.9196,0.000294,8.1e-05,1.2368,2.3533,2.7654,2.0155,0.2393,0.76,,,
50,201,99,paraboloid,4042,K(Phat),0.3292,0.4406,0.000408,6.8e-05,1.2128,2.3355,2.7418,2.0806,0.2485,0.76,,,
50,201,99,paraboloid,5042,baseline,0.5407,0.8715,0.000112,0.000113,1.0881,2.1945,2.7423,1.8505,0.1801,0.765,,,
50,201,99,paraboloid,5042,K(Phat),0.4315,0.4118,8.7e-05,9.7e-05,1.0598,2.1717,2.7905,1.8078,0.167,0.765,,,
50,201,99,paraboloid,6042,baseline,0.5249,0.5406,0.000256,0.000137,0.9364,1.8292,2.0899,1.4622,0.1286,0.73,,,
50,201,99,paraboloid,6042,K(Phat),0.3248,0.4879,0.000254,0.000123,1.1771,1.9616,2.1696,1.4243,0.1987,0.73,,,
50,201,99,paraboloid,7042,baseline,0.2599,0.6813,0.000318,0.000106,1.5358,2.5891,2.936,1.3995,0.1815,0.765,,,
50,201,99,paraboloid,7042,K(Phat),0.2044,0.5078,0.00028,9.9e-05,2.3967,3.2448,3.5054,2.2262,0.4504,0.765,,,
50,201,99,paraboloid,8042,baseline,0.7896,0.8083,0.000581,0.000174,1.2506,2.4197,3.0567,1.9041,0.242,0.795,,,
50,201,99,paraboloid,8042,K(Phat),0.8107,0.6782,0.000604,0.000153,1.3297,2.5237,3.1662,2.0805,0.2718,0.795,,,
50,201,99,paraboloid,9042,baseline,0.2891,0.1823,0.000244,4.2e-05,1.1154,2.1377,2.9168,1.9323,0.2321,0.76,,,
50,201,99,paraboloid,9042,K(Phat),0.318,0.8615,0.000228,5.2e-05,1.7427,2.4983,3.1148,2.0436,0.3443,0.76,,,
50,201,99,hyperbolic_paraboloid,42,baseline,0.2754,1.0511,0.000247,9.3e-05,0.9626,2.1217,2.6412,1.3228,0.1447,0.765,,,
50,201,99,hyperbolic_paraboloid,42,K(Phat),0.2091,0.5362,0.000211,7.2e-05,0.9414,2.1672,2.7376,1.2856,0.1242,0.765,,,
50,201,99,hyperbolic_paraboloid,1042,baseline,0.232,0.4916,0.000265,2.6e-05,1.6477,2.6542,3.165,1.4293,0.1796,0.72,,,
50,201,99,hyperbolic_paraboloid,1042,K(Phat),0.2244,0.3493,0.000291,2.3e-05,1.619,2.6233,3.1305,1.4033,0.1594,0.72,,,
50,201,99,hyperbolic_paraboloid,2042,baseline,0.3019,0.9713,0.000416,8.5e-05,1.4137,2.5055,2.969,1.5741,0.2362,0.785,,,
50,201,99,hyperbolic_paraboloid,2042,K(Phat),0.2663,0.5927,0.000405,5.8e-05,1.0625,2.3198,2.8214,1.4107,0.1351,0.785,,,
50,201,99,hyperbolic_paraboloid,3042,baseline,0.1114,0.296,0.000151,0.000111,3.1937,3.9659,4.137,3.0593,0.6495,0.745,,,
50,201,99,hyperbolic_paraboloid,3042,K(Phat),0.0955,0.2581,9.1e-05,0.0001,1.3187,2.5339,2.8423,1.4428,0.1416,0.745,,,
50,201,99,hyperbolic_paraboloid,4042,baseline,0.2271,0.2982,0.000182,2.6e-05,1.3124,2.2971,2.5778,1.7505,0.2112,0.76,,,
50,201,99,hyperbolic_paraboloid,4042,K(Phat),0.159,0.5106,0.000214,3.1e-05,1.225,2.2149,2.4534,1.5945,0.1611,0.76,,,
50,201,99,hyperbolic_paraboloid,5042,baseline,0.479,0.6341,0.000456,5.1e-05,1.3893,2.4312,3.0241,1.5398,0.196,0.765,,,
50,201,99,hyperbolic_paraboloid,5042,K(Phat),0.2894,0.7539,0.000342,3.9e-05,1.3806,2.4417,3.1217,1.7285,0.2291,0.765,,,
50,201,99,hyperbolic_paraboloid,6042,baseline,0.2357,0.7108,0.000443,0.000124,0.8388,1.4645,1.8609,1.5752,0.174,0.73,,,
50,201,99,hyperbolic_paraboloid,6042,K(Phat),0.2363,0.3737,0.000469,9.4e-05,1.0571,2.2432,2.5187,1.434,0.1365,0.73,,,
50,201,99,hyperbolic_paraboloid,7042,baseline,0.1551,0.3214,0.000644,6.8e-05,0.9954,2.034,2.6233,1.3394,0.1464,0.765,,,
50,201,99,hyperbolic_paraboloid,7042,K(Phat),0.1544,0.596,0.000665,7.3e-05,1.211,2.1474,2.6597,1.4251,0.1876,0.765,,,
50,201,99,hyperbolic_paraboloid,8042,baseline,0.515,1.7623,0.000139,0.000238,2.3327,2.9547,3.2709,2.4325,0.5292,0.795,,,
50,201,99,hyperbolic_paraboloid,8042,K(Phat),0.3068,0.5406,0.000177,0.000125,1.7376,2.4637,2.8682,1.9452,0.3844,0.795,,,
50,201,99,hyperbolic_paraboloid,9042,baseline,0.3813,1.1087,0.00048,6.9e-05,1.3793,2.131,2.7537,1.7433,0.2471,0.76,,,
50,201,99,hyperbolic_paraboloid,9042,K(Phat),0.1906,0.4651,0.000299,3.5e-05,1.1247,2.0375,2.7521,1.4158,0.1342,0.76,,,
100,11,4,paraboloid,42,baseline,0.0329,0.0804,0.007069,0.005579,1.0948,2.2519,2.692,1.9189,0.2262,0.765,,,
100,11,4,paraboloid,42,K(Phat),0.0208,0.0895,0.003232,0.004556,1.0679,2.1984,2.5853,1.8242,0.2254,0.765,,,
100,11,4,paraboloid,1042,baseline,0.0556,0.0442,0.009768,0.013506,1.0527,2.0681,2.6889,1.8574,0.1949,0.72,,,
100,11,4,paraboloid,1042,K(Phat),0.0322,0.0463,0.006721,0.01306,1.0587,2.0518,2.6318,1.7785,0.189,0.72,,,
100,11,4,paraboloid,2042,baseline,0.0257,0.0386,0.008041,0.006234,1.5551,3.0204,3.4384,1.932,0.2288,0.785,,,
100,11,4,paraboloid,2042,K(Phat),0.0179,0.0584,0.004408,0.005471,1.5537,3.0072,3.3892,1.8686,0.2219,0.785,,,
100,11,4,paraboloid,3042,baseline,0.0152,0.0115,0.011493,0.007658,1.0856,2.0674,2.7652,1.8651,0.2398,0.745,,,
100,11,4,paraboloid,3042,K(Phat),0.0099,0.0214,0.009359,0.007209,1.086,2.0493,2.7277,1.8534,0.2422,0.745,,,
100,11,4,paraboloid,4042,baseline,0.0228,0.0141,0.004943,0.002891,1.2055,2.3576,2.6553,1.7739,0.229,0.76,,,
100,11,4,paraboloid,4042,K(Phat),0.012,0.0194,0.003296,0.00257,1.2102,2.3482,2.623,1.7436,0.2268,0.76,,,
100,11,4,paraboloid,5042,baseline,0.0381,0.0976,0.012408,0.006539,1.1263,2.2229,2.8187,1.9469,0.2592,0.765,,,
100,11,4,paraboloid,5042,K(Phat),0.0113,0.0893,0.00428,0.004092,1.1121,2.1812,2.7682,2.0053,0.2673,0.765,,,
100,11,4,paraboloid,6042,baseline,0.0469,0.1884,0.003717,0.005981,1.1969,2.5021,2.9297,2.0084,0.2691,0.73,,,
100,11,4,paraboloid,6042,K(Phat),0.0288,0.0529,0.003094,0.005499,1.1631,2.4509,2.8767,2.0231,0.2785,0.73,,,
100,11,4,paraboloid,7042,baseline,0.0183,0.0566,0.007384,0.006663,1.204,2.1826,2.8581,1.8519,0.2398,0.765,,,
100,11,4,paraboloid,7042,K(Phat),0.0172,0.0468,0.00682,0.006278,1.2096,2.1856,2.812,1.8568,0.2479,0.765,,,
100,11,4,paraboloid,8042,baseline,0.0283,0.0145,0.008545,0.008865,0.5845,1.3333,1.7196,1.7859,0.2154,0.795,,,
100,11,4,paraboloid,8042,K(Phat),0.0167,0.0294,0.003482,0.007034,0.5763,1.3295,1.7036,1.7488,0.2155,0.795,,,
100,11,4,paraboloid,9042,baseline,0.024,0.0293,0.01261,0.007038,0.5909,1.4335,2.1462,1.8962,0.2578,0.76,,,
100,11,4,paraboloid,9042,K(Phat),0.0095,0.0137,0.009272,0.004958,0.5885,1.4341,2.1457,1.805,0.2689,0.76,,,
100,11,4,hyperbolic_paraboloid,42,baseline,0.0231,0.0406,0.007293,0.019238,0.9156,2.1601,2.6973,1.7222,0.1627,0.765,,,
100,11,4,hyperbolic_paraboloid,42,K(Phat),0.0347,0.3414,0.002763,0.016612,0.8563,2.2962,3.0644,1.8443,0.1831,0.765,,,
100,11,4,hyperbolic_paraboloid,1042,baseline,0.0195,0.0307,0.004005,0.00668,1.345,2.3421,3.1837,1.6177,0.1994,0.72,,,
100,11,4,hyperbolic_paraboloid,1042,K(Phat),0.0123,0.0242,0.001692,0.005864,1.3577,2.3531,3.1846,1.5853,0.1998,0.72,,,
100,11,4,hyperbolic_paraboloid,2042,baseline,0.0176,0.0449,0.004381,0.004011,0.9409,2.2287,2.8149,1.5006,0.1753,0.785,,,
100,11,4,hyperbolic_paraboloid,2042,K(Phat),0.0114,0.0278,0.004339,0.002467,0.9385,2.2273,2.8153,1.4352,0.1665,0.785,,,
100,11,4,hyperbolic_paraboloid,3042,baseline,0.012,0.0181,0.004421,0.035,1.1421,2.2956,2.9501,1.6458,0.1663,0.745,,,
100,11,4,hyperbolic_paraboloid,3042,K(Phat),0.0131,0.0912,0.004083,0.038384,1.1446,2.2839,2.968,1.7387,0.1687,0.745,,,
100,11,4,hyperbolic_paraboloid,4042,baseline,0.0159,0.03,0.005972,0.00435,1.5502,2.8766,3.0925,1.4279,0.1743,0.76,,,
100,11,4,hyperbolic_paraboloid,4042,K(Phat),0.0074,0.0174,0.002568,0.003003,1.5376,2.8531,3.0297,1.3641,0.1668,0.76,,,
100,11,4,hyperbolic_paraboloid,5042,baseline,0.1018,0.1585,0.027796,0.016063,1.4139,2.611,3.187,1.636,0.1586,0.765,,,
100,11,4,hyperbolic_paraboloid,5042,K(Phat),0.0576,0.1004,0.018516,0.014524,1.4264,2.6185,3.1476,1.5767,0.1531,0.765,,,
100,11,4,hyperbolic_paraboloid,6042,baseline,0.0231,0.0394,0.005225,0.019167,0.8659,1.8069,2.3315,1.321,0.1437,0.73,,,
100,11,4,hyperbolic_paraboloid,6042,K(Phat),0.0155,0.0215,0.003087,0.01844,0.8671,1.7865,2.2504,1.22,0.1187,0.73,,,
100,11,4,hyperbolic_paraboloid,7042,baseline,0.0232,0.0855,0.006077,0.009201,1.0136,2.3338,2.7842,1.6829,0.1844,0.765,,,
100,11,4,hyperbolic_paraboloid,7042,K(Phat),0.0205,0.0819,0.003387,0.009115,1.0415,2.3354,2.7766,1.523,0.1578,0.765,,,
100,11,4,hyperbolic_paraboloid,8042,baseline,0.0174,0.0271,0.003625,0.005323,1.2781,2.1037,2.5617,1.505,0.1849,0.795,,,
100,11,4,hyperbolic_paraboloid,8042,K(Phat),0.017,0.0794,0.002343,0.0082,1.2834,2.1221,2.6229,1.5451,0.1938,0.795,,,
100,11,4,hyperbolic_paraboloid,9042,baseline,0.0148,0.0304,0.005721,0.004015,0.9376,1.9176,2.7111,1.5126,0.1934,0.76,,,
100,11,4,hyperbolic_paraboloid,9042,K(Phat),0.0115,0.0209,0.005069,0.003533,0.9377,1.9304,2.716,1.5079,0.1836,0.76,,,
100,201,99,paraboloid,42,baseline,0.1459,0.6234,0.000191,3.6e-05,1.0726,2.3168,3.1462,2.0445,0.2119,0.765,,,
100,201,99,paraboloid,42,K(Phat),0.0555,0.2376,0.000142,2.3e-05,1.4828,2.5315,3.2576,2.0585,0.2951,0.765,,,
100,201,99,paraboloid,1042,baseline,0.2122,0.386,0.000529,5e-05,1.2403,2.0511,2.8503,2.0791,0.2903,0.72,,,
100,201,99,paraboloid,1042,K(Phat),0.1525,0.5725,0.000294,4.2e-05,1.0633,1.8429,2.6171,1.7273,0.2321,0.72,,,
100,201,99,paraboloid,2042,baseline,0.165,0.777,0.000214,0.000111,1.2682,2.4194,2.9874,1.6243,0.2146,0.785,,,
100,201,99,paraboloid,2042,K(Phat),0.0882,0.2694,0.000283,8.6e-05,0.9987,2.2688,2.8765,1.4915,0.1596,0.785,,,
100,201,99,paraboloid,3042,baseline,0.1346,0.2512,0.000288,3.5e-05,1.937,2.8059,3.3596,2.0874,0.3663,0.745,,,
100,201,99,paraboloid,3042,K(Phat),0.0825,0.2183,0.000292,2.6e-05,1.8006,2.742,3.3462,2.0976,0.3371,0.745,,,
100,201,99,paraboloid,4042,baseline,0.1113,0.5347,0.000139,0.000107,1.228,1.9267,2.1225,1.7492,0.2944,0.76,,,
100,201,99,paraboloid,4042,K(Phat),0.0508,0.1271,0.000241,8.2e-05,1.0492,1.7754,1.9143,1.3637,0.2114,0.76,,,
100,201,99,paraboloid,5042,baseline,0.1013,0.2346,0.000142,2.3e-05,1.1551,2.1958,2.7724,1.5755,0.1657,0.765,,,
100,201,99,paraboloid,5042,K(Phat),0.0954,0.3055,0.000166,2.2e-05,1.1547,2.18,2.7807,1.5398,0.1606,0.765,,,
100,201,99,paraboloid,6042,baseline,0.1014,0.0717,0.00032,5.5e-05,0.8577,1.7134,2.0184,1.277,0.1103,0.73,,,
100,201,99,paraboloid,6042,K(Phat),0.1411,0.4288,0.000286,6.6e-05,1.3334,2.0061,2.2535,1.4726,0.2622,0.73,,,
100,201,99,paraboloid,7042,baseline,0.1841,0.9691,0.000515,0.000109,1.4374,2.5134,2.9886,1.6608,0.1991,0.765,,,
100,201,99,paraboloid,7042,K(Phat),0.0948,0.2367,0.000471,9.2e-05,1.3179,2.433,2.9654,1.469,0.1475,0.765,,,
100,201,99,paraboloid,8042,baseline,0.2416,0.4662,0.000225,7.1e-05,1.1142,2.3496,3.0259,1.8635,0.2234,0.795,,,
100,201,99,paraboloid,8042,K(Phat),0.289,1.0318,0.000164,8.9e-05,1.3185,2.5022,3.1151,2.1044,0.2903,0.795,,,
100,201,99,paraboloid,9042,baseline,0.1138,0.2329,0.000312,4e-05,1.3806,2.4312,2.8749,1.7999,0.2444,0.76,,,
100,201,99,paraboloid,9042,K(Phat),0.0996,0.2653,0.00026,3.3e-05,1.3347,2.3885,2.8254,1.6871,0.2239,0.76,,,
100,201,99,hyperbolic_paraboloid,42,baseline,0.0745,0.169,0.000358,1.3e-05,1.2337,2.6379,2.9842,1.4174,0.1664,0.765,,,
100,201,99,hyperbolic_paraboloid,42,K(Phat),0.0625,0.093,0.000376,1.2e-05,1.2145,2.6494,3.0337,1.4514,0.168,0.765,,,
100,201,99,hyperbolic_paraboloid,1042,baseline,0.1497,0.2372,0.000403,4.5e-05,1.6537,2.6687,3.287,1.4806,0.1827,0.72,,,
100,201,99,hyperbolic_paraboloid,1042,K(Phat),0.1201,0.3562,0.000305,5.4e-05,1.7265,2.727,3.3053,1.5325,0.2095,0.72,,,
100,201,99,hyperbolic_paraboloid,2042,baseline,0.0798,0.1124,0.000215,1.5e-05,0.4737,1.3817,1.7355,1.5438,0.1571,0.785,,,
100,201,99,hyperbolic_paraboloid,2042,K(Phat),0.1285,0.562,0.00029,3e-05,0.686,1.5315,1.8829,1.6499,0.1816,0.785,,,
100,201,99,hyperbolic_paraboloid,3042,baseline,0.0816,0.3274,0.000153,0.000116,1.3123,2.3414,2.7077,1.2739,0.1669,0.745,,,
100,201,99,hyperbolic_paraboloid,3042,K(Phat),0.0549,0.0783,0.000142,0.000128,1.1295,2.2929,2.6523,1.2014,0.0984,0.745,,,
100,201,99,hyperbolic_paraboloid,4042,baseline,0.0636,0.3105,0.000353,1.7e-05,1.3867,2.3341,2.5395,1.6632,0.2135,0.76,,,
100,201,99,hyperbolic_paraboloid,4042,K(Phat),0.1185,0.368,0.000346,2e-05,1.4207,2.3117,2.5052,1.458,0.2082,0.76,,,
100,201,99,hyperbolic_paraboloid,5042,baseline,0.0876,0.3631,0.000245,9.2e-05,1.1014,1.9993,2.6502,1.4895,0.1709,0.765,,,
100,201,99,hyperbolic_paraboloid,5042,K(Phat),0.0909,0.239,0.000277,2.3e-05,1.2195,2.3696,3.0069,1.4867,0.1277,0.765,,,
100,201,99,hyperbolic_paraboloid,6042,baseline,0.0685,0.0698,0.00026,3.7e-05,0.8217,1.6109,2.0221,1.0304,0.0829,0.73,,,
100,201,99,hyperbolic_paraboloid,6042,K(Phat),0.0741,0.069,0.000274,3.9e-05,0.8703,1.606,1.9951,0.988,0.0989,0.73,,,
100,201,99,hyperbolic_paraboloid,7042,baseline,0.0906,0.2148,0.000657,6e-05,1.4109,2.4836,2.7707,1.4,0.1679,0.765,,,
100,201,99,hyperbolic_paraboloid,7042,K(Phat),0.0918,0.3442,0.000604,4.3e-05,1.1008,2.1299,2.7652,1.5117,0.1828,0.765,,,
100,201,99,hyperbolic_paraboloid,8042,baseline,0.112,0.1172,0.000459,0.000111,1.1163,1.9998,2.4689,1.6581,0.1397,0.795,,,
100,201,99,hyperbolic_paraboloid,8042,K(Phat),0.1603,0.5341,0.00035,0.000118,1.1693,2.0076,2.3758,1.6524,0.1615,0.795,,,
100,201,99,hyperbolic_paraboloid,9042,baseline,0.1537,0.4955,0.000373,3.6e-05,0.6659,1.3031,1.761,1.4225,0.1649,0.76,,,
100,201,99,hyperbolic_paraboloid,9042,K(Phat),0.0668,0.0894,0.000314,1.9e-05,0.5075,1.1931,1.6795,1.3458,0.1202,0.76,,,
200,11,4,paraboloid,42,baseline,0.0106,0.0084,0.001306,0.001993,1.0835,2.2781,2.9567,1.9904,0.2223,0.765,,,
200,11,4,paraboloid,42,K(Phat),0.008,0.0092,0.000971,0.001413,1.0853,2.2782,2.9543,1.9776,0.23,0.765,,,
200,11,4,paraboloid,1042,baseline,0.0223,0.1218,0.009301,0.005928,1.177,2.2313,2.9816,2.0514,0.2555,0.72,,,
200,11,4,paraboloid,1042,K(Phat),0.0061,0.0122,0.008923,0.003835,1.1722,2.1999,2.9004,1.9289,0.2461,0.72,,,
200,11,4,paraboloid,2042,baseline,0.0078,0.005,0.001217,0.002461,1.5766,3.1395,3.5295,2.1043,0.2555,0.785,,,
200,11,4,paraboloid,2042,K(Phat),0.0055,0.0096,0.000908,0.002192,1.5744,3.1207,3.4906,2.0596,0.2485,0.785,,,
200,11,4,paraboloid,3042,baseline,0.007,0.0172,0.005614,0.025103,1.1791,2.2064,2.9481,1.795,0.1902,0.745,,,
200,11,4,paraboloid,3042,K(Phat),0.0037,0.0041,0.003012,0.022842,1.1878,2.2338,2.9211,1.8969,0.2098,0.745,,,
200,11,4,paraboloid,4042,baseline,0.0056,0.0052,0.001548,0.001663,1.2467,2.425,2.7512,1.8393,0.2418,0.76,,,
200,11,4,paraboloid,4042,K(Phat),0.0296,0.2101,0.000934,0.005017,1.2714,2.4323,2.7299,1.7852,0.2328,0.76,,,
200,11,4,paraboloid,5042,baseline,0.0109,0.0161,0.002383,0.016571,1.1019,2.0747,2.6015,1.7241,0.1774,0.765,,,
200,11,4,paraboloid,5042,K(Phat),0.0063,0.0095,0.001205,0.005321,0.977,2.1846,2.8999,1.8878,0.2453,0.765,,,
200,11,4,paraboloid,6042,baseline,0.0076,0.0076,0.001379,0.013437,0.8842,1.838,2.146,1.3683,0.1473,0.73,,,
200,11,4,paraboloid,6042,K(Phat),0.0069,0.0293,0.000781,0.013374,0.8847,1.8318,2.1585,1.3538,0.1492,0.73,,,
200,11,4,paraboloid,7042,baseline,0.0083,0.0213,0.001774,0.002147,1.1085,2.1724,2.6788,1.8438,0.234,0.765,,,
200,11,4,paraboloid,7042,K(Phat),0.0055,0.0043,0.001104,0.000837,1.0998,2.1614,2.6494,1.8153,0.2292,0.765,,,
200,11,4,paraboloid,8042,baseline,0.0085,0.0077,0.001374,0.002021,0.6077,1.4749,1.9879,2.0953,0.2629,0.795,,,
200,11,4,paraboloid,8042,K(Phat),0.0062,0.0106,0.000779,0.001488,0.6132,1.4678,1.9266,1.9902,0.2446,0.795,,,
200,11,4,paraboloid,9042,baseline,0.0142,0.0202,0.002146,0.008099,0.6015,1.4849,2.1353,1.8426,0.2367,0.76,,,
200,11,4,paraboloid,9042,K(Phat),0.0155,0.074,0.001263,0.008004,0.6166,1.4422,2.0262,1.5776,0.2059,0.76,,,
200,11,4,hyperbolic_paraboloid,42,baseline,0.0111,0.0126,0.001295,0.013564,0.702,1.6213,2.044,1.3725,0.1445,0.765,,,
200,11,4,hyperbolic_paraboloid,42,K(Phat),0.004,0.0075,0.000783,0.014344,0.6888,1.6076,2.005,1.3455,0.1368,0.765,,,
200,11,4,hyperbolic_paraboloid,1042,baseline,0.0254,0.0595,0.003984,0.008667,0.5684,1.2808,1.8259,1.6671,0.2023,0.72,,,
200,11,4,hyperbolic_paraboloid,1042,K(Phat),0.0063,0.0116,0.003065,0.00502,0.5589,1.2979,1.845,1.7645,0.2166,0.72,,,
200,11,4,hyperbolic_paraboloid,2042,baseline,0.0113,0.0142,0.003096,0.004806,0.5276,1.6215,2.1737,2.1461,0.24,0.785,,,
200,11,4,hyperbolic_paraboloid,2042,K(Phat),0.0216,0.1795,0.002188,0.005881,0.5289,1.5698,2.0013,1.874,0.2097,0.785,,,
200,11,4,hyperbolic_paraboloid,3042,baseline,0.0085,0.0331,0.001965,0.010775,1.2178,2.4089,3.0029,1.4775,0.1603,0.745,,,
200,11,4,hyperbolic_paraboloid,3042,K(Phat),0.0044,0.0164,0.001507,0.014538,1.0237,1.9915,2.4649,1.6177,0.1701,0.745,,,
200,11,4,hyperbolic_paraboloid,4042,baseline,0.0117,0.0173,0.002082,0.01479,1.2908,2.4584,2.5125,1.2814,0.1009,0.76,,,
200,11,4,hyperbolic_paraboloid,4042,K(Phat),0.008,0.0255,0.001544,0.013858,1.2965,2.4746,2.5169,1.3205,0.1094,0.76,,,
200,11,4,hyperbolic_paraboloid,5042,baseline,0.013,0.0225,0.002748,0.002115,0.9135,1.9238,2.747,1.4238,0.1398,0.765,,,
200,11,4,hyperbolic_paraboloid,5042,K(Phat),0.0043,0.0051,0.001359,0.002128,0.9158,1.9509,2.8376,1.4267,0.1415,0.765,,,
200,11,4,hyperbolic_paraboloid,6042,baseline,0.0089,0.0083,0.003299,0.015291,0.8674,1.805,2.3396,1.2878,0.1171,0.73,,,
200,11,4,hyperbolic_paraboloid,6042,K(Phat),0.0062,0.0162,0.001616,0.014652,0.8687,1.8019,2.3095,1.2404,0.1126,0.73,,,
200,11,4,hyperbolic_paraboloid,7042,baseline,0.0056,0.0042,0.001385,0.019071,1.1956,2.3924,2.7958,1.4502,0.1707,0.765,,,
200,11,4,hyperbolic_paraboloid,7042,K(Phat),0.003,0.0069,0.001104,0.017681,1.1971,2.3912,2.7895,1.4505,0.1576,0.765,,,
200,11,4,hyperbolic_paraboloid,8042,baseline,0.02,0.0916,0.001015,0.00767,1.3805,2.4366,2.8213,1.4638,0.1637,0.795,,,
200,11,4,hyperbolic_paraboloid,8042,K(Phat),0.0022,0.0055,0.001429,0.000969,1.2897,2.1701,2.6457,1.522,0.1859,0.795,,,
200,11,4,hyperbolic_paraboloid,9042,baseline,0.008,0.0157,0.001587,0.012618,1.2448,2.2188,3.0066,1.3079,0.1384,0.76,,,
200,11,4,hyperbolic_paraboloid,9042,K(Phat),0.0037,0.0078,0.0011,0.001414,0.9394,1.9394,2.7941,1.5226,0.1925,0.76,,,
200,201,99,paraboloid,42,baseline,0.0797,0.3316,7.7e-05,3.3e-05,1.7299,2.7413,3.1843,2.2178,0.3221,0.765,,,
200,201,99,paraboloid,42,K(Phat),0.0514,0.1604,8.2e-05,1.3e-05,1.2297,2.4101,2.8221,1.6919,0.1831,0.765,,,
200,201,99,paraboloid,1042,baseline,0.0631,0.1648,0.000174,1.3e-05,1.8378,2.9591,3.6363,2.0519,0.2943,0.72,,,
200,201,99,paraboloid,1042,K(Phat),0.0941,0.7424,0.000159,2.7e-05,1.621,2.7568,3.3961,1.6619,0.2102,0.72,,,
200,201,99,paraboloid,2042,baseline,0.029,0.0344,0.000131,9e-06,1.0925,2.5126,3.2965,2.1191,0.1891,0.785,,,
200,201,99,paraboloid,2042,K(Phat),0.0352,0.1123,0.000169,1.2e-05,1.1268,2.4602,3.0356,1.6511,0.1563,0.785,,,
200,201,99,paraboloid,3042,baseline,0.0184,0.0205,0.000201,7e-06,0.6253,1.3689,2.2024,2.1537,0.2347,0.745,,,
200,201,99,paraboloid,3042,K(Phat),0.0204,0.0543,0.000147,8e-06,0.6342,1.3699,2.1686,2.0965,0.2266,0.745,,,
200,201,99,paraboloid,4042,baseline,0.0506,0.2242,0.000162,1.9e-05,1.144,2.1314,2.4951,1.5693,0.1718,0.76,,,
200,201,99,paraboloid,4042,K(Phat),0.0353,0.1038,0.000145,8e-06,1.141,2.1482,2.5269,1.586,0.1748,0.76,,,
200,201,99,paraboloid,5042,baseline,0.0711,0.2226,8.3e-05,1.3e-05,1.2091,2.3639,3.0329,2.2429,0.2398,0.765,,,
200,201,99,paraboloid,5042,K(Phat),0.0303,0.055,8.3e-05,9e-06,1.2208,2.3483,2.9827,1.9993,0.2293,0.765,,,
200,201,99,paraboloid,6042,baseline,0.0266,0.033,9.6e-05,8e-05,1.1964,2.5457,2.9409,1.5632,0.1491,0.73,,,
200,201,99,paraboloid,6042,K(Phat),0.0278,0.0417,8.2e-05,7.6e-05,1.2034,2.5478,2.9101,1.5171,0.147,0.73,,,
200,201,99,paraboloid,7042,baseline,0.0327,0.1547,8.1e-05,6.1e-05,1.2885,2.4168,2.8804,1.264,0.1149,0.765,,,
200,201,99,paraboloid,7042,K(Phat),0.0196,0.0151,9.3e-05,5.4e-05,1.2794,2.3891,2.85,1.2046,0.1138,0.765,,,
200,201,99,paraboloid,8042,baseline,0.0773,0.0822,9.7e-05,1.3e-05,1.0587,2.3212,3.0177,1.9465,0.2294,0.795,,,
200,201,99,paraboloid,8042,K(Phat),0.0739,0.092,9.2e-05,1.3e-05,1.0649,2.3077,2.9714,1.8783,0.2225,0.795,,,
200,201,99,paraboloid,9042,baseline,0.0974,0.3684,0.000136,3.1e-05,1.2994,2.1374,2.8141,1.7649,0.2626,0.76,,,
200,201,99,paraboloid,9042,K(Phat),0.064,0.1953,0.000121,1.7e-05,1.1614,2.0655,2.7761,1.7309,0.2364,0.76,,,
200,201,99,hyperbolic_paraboloid,42,baseline,0.0328,0.0596,8.4e-05,8e-06,1.1383,2.3515,2.7234,1.4814,0.1388,0.765,,,
200,201,99,hyperbolic_paraboloid,42,K(Phat),0.0508,0.153,8.9e-05,1.1e-05,1.3183,2.4357,2.7582,1.5764,0.1998,0.765,,,
200,201,99,hyperbolic_paraboloid,1042,baseline,0.0721,0.2993,9.2e-05,1.8e-05,1.2011,2.1161,2.6891,1.3733,0.1837,0.72,,,
200,201,99,hyperbolic_paraboloid,1042,K(Phat),0.0243,0.0333,7.7e-05,8e-06,1.1155,2.0554,2.6588,1.3701,0.1615,0.72,,,
200,201,99,hyperbolic_paraboloid,2042,baseline,0.0236,0.038,8.3e-05,6e-06,0.4664,1.3716,1.7762,1.68,0.166,0.785,,,
200,201,99,hyperbolic_paraboloid,2042,K(Phat),0.0944,0.4666,8.2e-05,2.4e-05,0.9386,1.6703,1.9856,1.7552,0.244,0.785,,,
200,201,99,hyperbolic_paraboloid,3042,baseline,0.053,0.3049,0.000123,2e-05,0.633,1.2949,1.8963,1.7039,0.179,0.745,,,
200,201,99,hyperbolic_paraboloid,3042,K(Phat),0.0311,0.0793,0.000154,1.3e-05,0.6752,1.2886,1.8413,1.6081,0.1841,0.745,,,
200,201,99,hyperbolic_paraboloid,4042,baseline,0.0409,0.1062,0.000131,8e-06,1.2091,2.2409,2.5013,1.5262,0.1565,0.76,,,
200,201,99,hyperbolic_paraboloid,4042,K(Phat),0.0557,0.1198,0.000142,7e-06,1.1854,2.2152,2.4578,1.5011,0.1387,0.76,,,
200,201,99,hyperbolic_paraboloid,5042,baseline,0.0292411632835865,0.0259189903736114,7.258466991645816e-05,2.988374243224306e-05,0.8621670532226563,1.8702589465725807,2.3862254822176268,1.2771672644271477,0.0890554562211036,0.7649999856948853,0.000928324040225,0.0002438401923843,True
200,201,99,hyperbolic_paraboloid,5042,K(Phat),0.0278089195489883,0.0446888394653797,6.211299478309229e-05,2.889925157692882e-05,0.8721315002441407,1.8932296588856687,2.38998472924326,1.2552134612554957,0.0858111754059791,0.7649999856948853,0.0016824871334912,0.0002438401923843,True
200,201,99,hyperbolic_paraboloid,6042,baseline,0.0349644124507904,0.0647903606295585,0.0001579745585331,5.7851991316835794e-05,0.7567422485351563,1.5526675851004463,2.0447356341636342,1.4613593096710848,0.135172352194786,0.7299999594688416,0.0036993736201631,0.0002246224576264,True
200,201,99,hyperbolic_paraboloid,6042,K(Phat),0.0348001606762409,0.0369903594255447,0.0001150283735894,5.573718122572505e-05,0.7514498138427734,1.5316495186941963,2.0094658838559503,1.4555068050143125,0.1325452029705047,0.7299999594688416,0.0017310424840876,0.0002246224576264,True
200,201,99,hyperbolic_paraboloid,7042,baseline,0.0186394359916448,0.0153033509850502,7.123467522822986e-05,6.21858738928235e-06,0.9765488514349088,2.0148299022387435,2.6333783716937296,1.1749948844034417,0.125286728143692,0.7649999856948853,0.0006926322239451,0.0008853622040345,True
200,201,99,hyperbolic_paraboloid,7042,K(Phat),0.0127688571810722,0.0197010543197393,5.2349841488259176e-05,5.874914320104706e-06,0.9788336825730214,2.0127125401650705,2.626413781658497,1.1911741572096308,0.127834141254425,0.7649999856948853,0.0010239348380959,0.0008853622040345,True
200,201,99,hyperbolic_paraboloid,8042,baseline,0.0441442728042602,0.0584266707301139,6.988524338729414e-05,5.343237424832685e-06,1.0262322998046876,2.026201288750831,2.786194423459611,1.4071212696490236,0.1589098572731018,0.7949999570846558,0.0012089811165684,0.006940720686272,True
200,201,99,hyperbolic_paraboloid,8042,K(Phat),0.0446993187069892,0.0680007934570312,5.97751173440234e-05,6.72607029628125e-06,1.0298120880126953,2.0282037613239696,2.7700943856869102,1.3901458118661236,0.1540629863739013,0.7949999570846558,0.0034372195701247,0.006940720686272,True
200,201,99,hyperbolic_paraboloid,9042,baseline,0.0660458654165268,0.1359812915325164,0.000107705929882,3.322913081709495e-05,1.3561846923828125,2.241416722698941,3.056513133801912,1.311106899291649,0.1474051475524902,0.7599999904632568,0.0112327834192131,0.0006321203056259,True
200,201,99,hyperbolic_paraboloid,9042,K(Phat),0.0340869799256324,0.0604311749339103,7.934652707522869e-05,2.7907227896711057e-05,1.3028302001953125,2.237145429100495,2.9857731869346216,1.2279958797142918,0.1128526628017425,0.7599999904632568,0.002448542575751,0.0006321203056259,True
