N,D,K_pairs,surface,condition,seed,ae_loss,drift_loss,diff_loss,recon_per_dim,phase1_converged,E_mu,E_Sigma,MTE@0.1,MTE@0.5,MTE@1.0,W2@1.0,MMD@1.0,survival@1.0
20,201,99,paraboloid,baseline,42,0.09817607700824738,0.0007479102932848036,0.00017469793965574354,0.0025748290232758026,True,2.0871968269348145,5.718977928161621,1.4568353271484376,2.7768332439920176,3.475130766824959,1.9324050691118015,0.17385144531726837,0.7649999856948853
20,201,99,paraboloid,K(Phat),42,0.17927286028862,0.0006060628802515566,0.00023353782307822257,0.0025748290232758026,True,1.797051191329956,9.007168769836426,1.6182142639160155,2.851435122282609,3.4981793172998366,1.9358916899015943,0.21268615126609802,0.7649999856948853
20,201,99,paraboloid,baseline,1042,0.11061125248670578,0.0004397598677314818,0.00016331775987055153,0.001415959341609063,True,1.5578593015670776,3.278698444366455,1.17301250821981,2.0026218959263393,2.7531325022379556,1.8219812198916152,0.18497483432292938,0.7199999690055847
20,201,99,paraboloid,K(Phat),1042,0.0744805857539177,0.00041987030999735,0.00014565823948942125,0.001415959341609063,True,0.8019102811813354,2.9281277656555176,1.2107436597047738,2.00509521484375,2.7063509623209634,1.7625268191618508,0.1896229386329651,0.7199999690055847
20,201,99,paraboloid,baseline,2042,0.1085200160741806,0.0004078904166817665,0.00015591664123348892,0.004638217278380892,True,0.8383885622024536,2.006255865097046,0.6619291832698649,1.6015987186641483,2.0891986045108477,1.9556190078880176,0.22452418506145477,0.7849999666213989
20,201,99,paraboloid,K(Phat),2042,0.12747453153133392,0.00027721162769012153,0.00019761218572966754,0.004638217278380892,True,0.6696536540985107,2.297855854034424,0.958310151219967,2.3187281011225105,2.9163878617013337,2.0460665431932425,0.24262960255146027,0.7849999666213989
20,201,99,paraboloid,baseline,3042,0.05041589215397835,0.00020147768373135477,0.000105314924439881,0.0016994000370822737,True,0.7569735050201416,1.1850969791412354,0.7087030792236328,1.54975061831267,2.4498655588034817,2.4998154381856805,0.2947162687778473,0.7450000047683716
20,201,99,paraboloid,K(Phat),3042,0.07319753617048264,0.0002752759901341051,8.463901758659631e-05,0.0016994000370822737,True,0.4329620599746704,1.210793137550354,0.9325416564941407,1.552350251570992,2.3015998993944002,2.3827271937418266,0.30329379439353943,0.7450000047683716
20,201,99,paraboloid,baseline,4042,0.05864609032869339,0.00037733704084530473,0.0003487277717795223,0.0013455173269433169,True,1.2875018119812012,2.0539090633392334,1.1071976470947265,2.155554467505151,2.505129763954564,1.9416853054441978,0.20703326165676117,0.7599999904632568
20,201,99,paraboloid,K(Phat),4042,0.0815545916557312,0.00015103272744454443,0.00015574856661260128,0.0013455173269433169,True,0.7122379541397095,1.8725240230560303,1.1343720245361328,2.1495210417024384,2.4306841398540295,1.7603424371106582,0.1893552541732788,0.7599999904632568
20,201,99,paraboloid,baseline,5042,0.05371537804603577,0.00015924721083138138,0.00013278225378599018,0.0006905750403949871,True,1.138023018836975,2.3864102363586426,1.2025260162353515,2.2930496379893315,2.8037643931270426,1.936995382188642,0.21707136929035187,0.7649999856948853
20,201,99,paraboloid,K(Phat),5042,0.0883486345410347,0.00017458021466154605,7.246458699228242e-05,0.0006905750403949871,True,0.7559017539024353,1.6537952423095703,1.235782928466797,2.2603976341985885,2.6950460197099675,1.7627452283868175,0.2145136296749115,0.7649999856948853
20,201,99,paraboloid,baseline,6042,0.034784186631441116,0.0001234994997503236,3.9921880670590326e-05,0.00043739489654996504,True,1.457233190536499,1.6102874279022217,0.6018319320678711,1.358700910295759,1.8429456736943493,2.123143529326197,0.23966851830482483,0.7299999594688416
20,201,99,paraboloid,K(Phat),6042,0.23657521605491638,7.9750367149245e-05,7.212311902549118e-05,0.00043739489654996504,True,1.1434563398361206,2.3906850814819336,0.7786943054199219,1.4130610874720981,1.9683235900042808,2.0208446218633833,0.2496299296617508,0.7299999594688416
20,201,99,paraboloid,baseline,7042,0.13200132548809052,0.0006293119513429701,0.00030212890123948455,0.0021706610473234264,True,0.6716541051864624,1.3780691623687744,1.2560861865479742,2.5458502000378025,3.21401957592933,2.494349516113993,0.20600898563861847,0.7649999856948853
20,201,99,paraboloid,K(Phat),7042,0.07905334234237671,0.0005099037662148476,0.00021441711578518152,0.0021706610473234264,True,0.3923623561859131,1.3284647464752197,1.2335977985631281,2.499095465547295,3.1164103987949345,2.2978905416399202,0.1983206421136856,0.7649999856948853
20,201,99,paraboloid,baseline,8042,0.04850300773978233,0.00023347129172179848,0.00045125852921046317,0.002056757164238697,True,1.1370482444763184,1.7477977275848389,0.7836973571777344,1.640634739652593,2.1629183787219928,1.9975025434246787,0.14441326260566711,0.7949999570846558
20,201,99,paraboloid,K(Phat),8042,0.048619065433740616,0.0002029647585004568,0.00022836102289147675,0.002056757164238697,True,0.5823462009429932,1.7872014045715332,0.8226471710205078,1.7376423287898937,2.266113857053361,2.0026592324749535,0.16429993510246277,0.7949999570846558
20,201,99,paraboloid,baseline,9042,0.05555783957242966,0.00014620082220062613,0.0001545039558550343,0.0013223859801221249,True,1.129876732826233,1.1608660221099854,1.6494723510742189,2.7625872502561477,3.4191396612870064,2.140831469398495,0.2581874430179596,0.7599999904632568
20,201,99,paraboloid,K(Phat),9042,0.05785319581627846,0.0001063578383764252,8.900905231712386e-05,0.0013223859801221249,True,0.5801287889480591,1.0675733089447021,1.7126019287109375,2.6854988473360657,3.148947464792352,1.9578201033897662,0.22693604230880737,0.7599999904632568
20,201,99,hyperbolic_paraboloid,baseline,42,0.19496548175811768,0.0011380851501598954,0.00026135501684620976,0.0024104288857967698,True,1.8318164348602295,6.57065486907959,1.3013735961914064,2.559467647386634,3.117361031326593,2.042028801261939,0.20896469056606293,0.7649999856948853
20,201,99,hyperbolic_paraboloid,K(Phat),42,0.17077848315238953,0.0004860436310991645,0.00022897518647368997,0.0024104288857967698,True,1.4237818717956543,4.418824672698975,1.3700334167480468,2.6558947355850884,3.1995801738664214,2.0248957112186834,0.231239452958107,0.7649999856948853
20,201,99,hyperbolic_paraboloid,baseline,1042,0.04145238548517227,0.00037423946196213365,7.281500438693911e-05,0.002009570153791513,True,0.7784715890884399,1.3207287788391113,1.3106723191151068,2.145475551060268,2.7057711283365884,1.429408648070807,0.12656237185001373,0.7199999690055847
20,201,99,hyperbolic_paraboloid,K(Phat),1042,0.050647951662540436,0.00026990839978680015,5.922950367676094e-05,0.002009570153791513,True,0.6282243728637695,1.5598695278167725,1.6254062365047897,2.5258804757254465,3.000393761528863,1.2694073020354637,0.1320338100194931,0.7199999690055847
20,201,99,hyperbolic_paraboloid,baseline,2042,0.2088414430618286,0.00033549469662830234,6.864388706162572e-05,0.001082668479402267,True,0.7812527418136597,1.8509331941604614,0.628121150797935,1.413567846947974,1.6937730145302548,1.490842835376459,0.1334223449230194,0.7849999666213989
20,201,99,hyperbolic_paraboloid,K(Phat),2042,0.07475830614566803,0.0003681745147332549,6.433704402297735e-05,0.001082668479402267,True,0.6142301559448242,1.55330491065979,0.5702534584543812,1.4118872003240899,1.756162995745422,1.5237343006171176,0.14962653815746307,0.7849999666213989
20,201,99,hyperbolic_paraboloid,baseline,3042,0.021886922419071198,0.0003497977741062641,0.00014794422895647585,0.0017689510957518621,True,0.48347240686416626,0.9571240544319153,1.4447335815429687,2.6738825259001358,3.1199734066956797,1.8593590887228078,0.13864995539188385,0.7450000047683716
20,201,99,hyperbolic_paraboloid,K(Phat),3042,0.05579378828406334,0.00028973835287615657,0.0001817371230572462,0.0017689510957518621,True,0.46121278405189514,1.256941318511963,1.4375819396972656,2.654779517132303,3.123768236813129,1.6905109873943398,0.12862758338451385,0.7450000047683716
20,201,99,hyperbolic_paraboloid,baseline,4042,0.029048148542642593,0.0002234416315332055,3.600668060244061e-05,0.001540585240321373,True,0.5718794465065002,0.9224059581756592,1.164269027709961,2.168898697737809,2.4129221062911186,1.7120018581994643,0.1570088118314743,0.7599999904632568
20,201,99,hyperbolic_paraboloid,K(Phat),4042,0.030183900147676468,0.00016436346049886197,2.4189856048906222e-05,0.001540585240321373,True,0.4292221665382385,0.7657171487808228,1.20230224609375,2.209166474394746,2.436360007838199,1.7227727157224508,0.1673259437084198,0.7599999904632568
20,201,99,hyperbolic_paraboloid,baseline,5042,0.08108477294445038,0.00028313143411651254,9.459030843572691e-05,0.0006532233894167848,True,0.8647288680076599,2.258061408996582,1.1981143951416016,2.2814258862567205,2.8247076296338847,1.5840324322146853,0.12935076653957367,0.7649999856948853
20,201,99,hyperbolic_paraboloid,K(Phat),5042,0.07118304818868637,0.00018219077901449054,8.683434862177819e-05,0.0006532233894167848,True,0.7651822566986084,2.5116868019104004,1.1769174194335938,2.2699258455666165,2.840365540747549,1.6635049478489148,0.15218403935432434,0.7649999856948853
20,201,99,hyperbolic_paraboloid,baseline,6042,0.01848895475268364,0.00030214921571314335,3.635534449131228e-05,0.002306826227339939,True,0.8680666089057922,0.9286857843399048,1.1958689880371094,2.3831973702566964,2.6939047199406034,1.4651425765181072,0.1494196504354477,0.7299999594688416
20,201,99,hyperbolic_paraboloid,K(Phat),6042,0.02375999465584755,0.00026933097979053855,4.21837430621963e-05,0.002306826227339939,True,0.7424978613853455,0.9034571647644043,1.2532305145263671,2.4054624720982143,2.6770266180169093,1.385063943924066,0.17000743746757507,0.7299999594688416
20,201,99,hyperbolic_paraboloid,baseline,7042,0.18983767926692963,0.001039283350110054,0.0003986719239037484,0.002265660175636633,True,0.8879978656768799,4.893185138702393,1.1455318891822392,2.3120389548681115,2.481088276782067,1.8216744892429626,0.1885356903076172,0.7649999856948853
20,201,99,hyperbolic_paraboloid,K(Phat),7042,0.06250159442424774,0.00039364511030726135,0.00017620994185563177,0.002265660175636633,True,0.412945419549942,1.472300410270691,1.0320341023967494,2.1771438762705815,2.4507765427134394,1.5391936025799755,0.12548068165779114,0.7649999856948853
20,201,99,hyperbolic_paraboloid,baseline,8042,0.04455569013953209,0.00012039914872730151,0.00014798110350966454,0.0012584119590360726,True,0.950306236743927,2.1490817070007324,1.1179711151123046,1.8199534314744017,2.1915125816873036,1.3967725414110117,0.203037828207016,0.7949999570846558
20,201,99,hyperbolic_paraboloid,K(Phat),8042,0.0791487842798233,0.00014756497694179416,0.00012992620759177953,0.0012584119590360726,True,0.779218852519989,1.888319969177246,0.9499230194091797,1.6321912724921044,2.023881252456761,1.3285547759576184,0.16615702211856842,0.7949999570846558
20,201,99,hyperbolic_paraboloid,baseline,9042,0.0409221351146698,6.424029561458156e-05,8.608282951172441e-05,0.0011048523792579993,True,0.8677297830581665,1.8108083009719849,1.5487326049804688,2.485573356920253,2.912546258223684,1.5693765471074843,0.15055857598781586,0.7599999904632568
20,201,99,hyperbolic_paraboloid,K(Phat),9042,0.038375772535800934,6.0699407185893506e-05,6.542203482240438e-05,0.0011048523792579993,True,0.6680629253387451,1.5771920680999756,1.5518899536132813,2.4822504429217895,2.9278454027677836,1.5496564236037567,0.14952930808067322,0.7599999904632568
50,201,99,paraboloid,baseline,42,0.05383745953440666,0.00023325211077462882,5.8006993640447035e-05,0.002716007517344916,True,0.6343870162963867,1.1094282865524292,1.8251824951171876,3.19737376337466,3.8320974711499183,2.2897737743204813,0.2252517193555832,0.7649999856948853
50,201,99,paraboloid,K(Phat),42,0.029224546626210213,0.00017864822439150885,3.0182840419001877e-05,0.002716007517344916,True,0.14038419723510742,0.3306349515914917,2.0548800659179687,3.2824826447860054,3.9178937525531046,2.374978873528302,0.3124864399433136,0.7649999856948853
50,201,99,paraboloid,baseline,1042,0.025333263911306858,0.00014786390966037288,2.898001912399195e-05,0.00041430573261792386,True,0.4186532199382782,0.5831900835037231,1.0548018259019707,1.8903780691964285,2.5962746938069663,1.6320875156930226,0.21270015835762024,0.7199999690055847
50,201,99,paraboloid,K(Phat),1042,0.03734140004962683,0.00014965978334657848,3.757988088182174e-05,0.00041430573261792386,True,0.3661380410194397,0.7548494338989258,1.1427469684850031,1.9697035435267858,2.686520470513238,1.8025810218628684,0.265385240316391,0.7199999690055847
50,201,99,paraboloid,baseline,2042,0.03532397747039795,0.00022417079890146852,8.522719508619048e-05,0.003585810091958117,True,0.4579155445098877,0.8317505121231079,0.6422985977862947,1.6062439300201752,2.2410029514580017,2.15501654584121,0.23571370542049408,0.7849999666213989
50,201,99,paraboloid,K(Phat),2042,0.04290320724248886,0.00013695791858481243,6.028210373187903e-05,0.003585810091958117,True,0.21746867895126343,0.6306644678115845,1.640370277903188,2.2707211001888736,2.682236398101612,2.4140494856612253,0.35365453362464905,0.7849999666213989
50,201,99,paraboloid,baseline,3042,0.04635949246585369,0.00019367991626495495,7.211926276795566e-05,0.004636441890280045,True,0.28654345870018005,0.4473848342895508,0.6916419982910156,1.4096908569335938,2.348551295747693,2.412401147918994,0.2764894366264343,0.7450000047683716
50,201,99,paraboloid,K(Phat),3042,0.020911860279738903,0.00012176024392829277,2.952567137981532e-05,0.004636441890280045,True,0.1096457839012146,0.20013868808746338,0.6497955322265625,1.3003994485606318,2.0655648660339767,1.9379022470230662,0.24091275036334991,0.7450000047683716
50,201,99,paraboloid,baseline,4042,0.027553047984838486,0.00029382241336861625,8.0715917647467e-05,0.0005250441568407846,True,0.4864156246185303,0.9196305274963379,1.2368189239501952,2.35333989740728,2.765402342143812,2.015476500310391,0.23931559920310974,0.7599999904632568
50,201,99,paraboloid,K(Phat),4042,0.040845250710844994,0.0003430297801969573,5.387819874158595e-05,0.0005250441568407846,True,0.21929386258125305,0.6041386127471924,2.1475189208984373,2.9719509921231113,3.3386951245759664,2.6321562858469876,0.4252336621284485,0.7599999904632568
50,201,99,paraboloid,baseline,5042,0.044253190979361534,0.0001118258987844456,0.00011336390161886811,0.0018526119972342877,True,0.5407238006591797,0.8715235590934753,1.0881216430664062,2.194505424909694,2.7423087724673203,1.850543488856084,0.1801178753376007,0.7649999856948853
50,201,99,paraboloid,K(Phat),5042,0.02139216475188732,0.00012081898603355512,3.7729021642007865e-05,0.0018526119972342877,True,0.30772173404693604,0.6631739139556885,1.1183778381347655,2.232129168766801,2.994632496553309,1.8532484387275208,0.18464715778827667,0.7649999856948853
50,201,99,paraboloid,baseline,6042,0.028050605207681656,0.0002564039750723168,0.00013734877575188875,0.0009289195585013622,True,0.5248638391494751,0.5405926704406738,0.9363927459716797,1.8292044503348215,2.0899215071168666,1.4621644558461102,0.12855111062526703,0.7299999594688416
50,201,99,paraboloid,K(Phat),6042,0.026152160950005054,0.00014333696526591666,0.00010410933100502007,0.0009289195585013622,True,0.2159918248653412,0.5899244546890259,0.95318359375,1.8380901227678572,2.136899765223673,1.3821054025151243,0.127028688788414,0.7299999594688416
50,201,99,paraboloid,baseline,7042,0.040242478251457214,0.00031843779288465157,0.00010640581240295433,0.00046569946689985285,True,0.25986072421073914,0.6813211441040039,1.5357667549171639,2.5891070622269825,2.9360395443984886,1.3994623521789185,0.18149913847446442,0.7649999856948853
50,201,99,paraboloid,K(Phat),7042,0.12315068766474724,0.0002445231002639048,0.00010183920676354319,0.00046569946689985285,True,0.21004047989845276,1.1944124698638916,3.0905436606862438,3.839902159988239,4.12387224583844,2.934963283844555,0.5945138931274414,0.7649999856948853
50,201,99,paraboloid,baseline,8042,0.032308608293533325,0.000581315194722265,0.00017393190501024947,0.0010879146518991954,True,0.7896033525466919,0.8083404898643494,1.250640869140625,2.419662800241024,3.0567458050805816,1.9041132944814492,0.24198265373706818,0.7949999570846558
50,201,99,paraboloid,K(Phat),8042,0.04672746919095516,0.0004109318251721561,7.916270988062024e-05,0.0010879146518991954,True,0.3133973181247711,0.7701057195663452,1.368698272705078,2.471923016487284,3.0721969124656052,1.8309156309819872,0.26815131306648254,0.7949999570846558
50,201,99,paraboloid,baseline,9042,0.008101956453174353,0.0002441813485347666,4.152989004069241e-05,0.0015285934381817112,True,0.2891296148300171,0.182273268699646,1.1154203033447265,2.13768864199112,2.9167727420204566,1.9323496820611399,0.23211444914340973,0.7599999904632568
50,201,99,paraboloid,K(Phat),9042,0.019460093695670366,0.0001413423815392889,3.3792372050811537e-05,0.0015285934381817112,True,0.14818373322486877,0.45775994658470154,1.2141351318359375,2.1196479172003073,2.7386892218338814,1.6554417204496048,0.2162283957004547,0.7599999904632568
50,201,99,hyperbolic_paraboloid,baseline,42,0.0158127099275589,0.0002474263819749467,9.337058145320043e-05,0.0013583013370855532,True,0.27539876103401184,1.0510550737380981,0.9625868225097656,2.121668276579484,2.6412465213950163,1.322766977618154,0.14466851949691772,0.7649999856948853
50,201,99,hyperbolic_paraboloid,K(Phat),42,0.021770648192614317,0.00017232223763130605,6.618639235966839e-05,0.0013583013370855532,True,0.1030883640050888,0.3180367648601532,1.9105140686035156,2.7829490329908286,3.2407176697176268,1.939044810388588,0.4047144651412964,0.7649999856948853
50,201,99,hyperbolic_paraboloid,baseline,1042,0.0200496818870306,0.0002649031957844272,2.6024725229945034e-05,0.00038070150127458337,True,0.23202085494995117,0.49155062437057495,1.6476747139015389,2.65419921875,3.1650267706976996,1.4292655198277113,0.17963142693042755,0.7199999690055847
50,201,99,hyperbolic_paraboloid,K(Phat),1042,0.021928908303380013,0.00023066987341735512,2.0142852918070275e-05,0.00038070150127458337,True,0.13867691159248352,0.3222777247428894,1.6215936862044598,2.6005880301339284,3.1031229231092663,1.286158455622259,0.15032640099525452,0.7199999690055847
50,201,99,hyperbolic_paraboloid,baseline,2042,0.07377418503165245,0.00041648132901173085,8.474988135276362e-05,0.0010344650021832974,True,0.3018566966056824,0.971267819404602,1.4137341676644943,2.505486792260474,2.9690178549213773,1.57410271312571,0.23619240522384644,0.7849999666213989
50,201,99,hyperbolic_paraboloid,K(Phat),2042,0.051582494750618935,0.0003902359458152205,6.433857561205514e-05,0.0010344650021832974,True,0.18749800324440002,0.8229010701179504,1.2037167956481627,2.389108175759787,2.8949549972631368,1.5534865422733295,0.18817050755023956,0.7849999666213989
50,201,99,hyperbolic_paraboloid,baseline,3042,0.036581587977707386,0.00015055775293149054,0.00011147443728987128,0.0019057178082157724,True,0.11141117662191391,0.2960277795791626,3.193682861328125,3.9658548106317935,4.136996480442534,3.059262241264919,0.6495149731636047,0.7450000047683716
50,201,99,hyperbolic_paraboloid,K(Phat),3042,0.03524566348642111,0.00011034742965421174,9.114350905292667e-05,0.0019057178082157724,True,0.08400623500347137,0.2571369707584381,1.631604461669922,2.7019941910453467,3.0506247706061242,1.5465152934217279,0.25716432929039,0.7450000047683716
50,201,99,hyperbolic_paraboloid,baseline,4042,0.028271861374378204,0.0001824774626584258,2.557397419877816e-05,0.0003401015454263829,True,0.22711221873760223,0.29815858602523804,1.3124266052246094,2.2970975100339115,2.577838295384457,1.7505166027357235,0.21115045249462128,0.7599999904632568
50,201,99,hyperbolic_paraboloid,K(Phat),4042,0.014253048226237297,0.00011592136797844432,1.571659731780528e-05,0.0003401015454263829,True,0.1014104038476944,0.30130016803741455,1.5913113403320311,2.4700414636632897,2.697084527266653,1.8009072812188427,0.28630316257476807,0.7599999904632568
50,201,99,hyperbolic_paraboloid,baseline,5042,0.027698633261024952,0.00045608877553604543,5.079813490738161e-05,0.0002787998919166736,True,0.4789990782737732,0.6340538263320923,1.3893490600585938,2.4311520156039985,3.024057824627247,1.5397537044731113,0.19598791003227234,0.7649999856948853
50,201,99,hyperbolic_paraboloid,K(Phat),5042,0.020848043262958527,0.00031764972663950175,3.143399317195872e-05,0.0002787998919166736,True,0.14458253979682922,0.47794803977012634,1.2886468505859374,2.378053726688508,3.0319620768229165,1.5978582817910068,0.17923714220523834,0.7649999856948853
50,201,99,hyperbolic_paraboloid,baseline,6042,0.053516361862421036,0.00044289785728324205,0.0001243362457898911,0.0004747308679481051,True,0.2357337325811386,0.7108358144760132,0.8387881469726562,1.4645234026227678,1.8608849930436644,1.5752448378949915,0.17398817837238312,0.7299999594688416
50,201,99,hyperbolic_paraboloid,K(Phat),6042,0.018281242810189724,0.0003758811508305371,3.174102312186733e-05,0.0004747308679481051,True,0.11013675481081009,0.330460786819458,1.1993952941894532,2.4186136300223215,2.6919108351616012,1.5023890596247704,0.16502316296100616,0.7299999594688416
50,201,99,hyperbolic_paraboloid,baseline,7042,0.01837020553648472,0.0006443967868108302,6.83328544255346e-05,0.0006309792918352345,True,0.15513333678245544,0.3213711082935333,0.9953543504877905,2.034033990675403,2.623300589767157,1.3394376278089577,0.1463647037744522,0.7649999856948853
50,201,99,hyperbolic_paraboloid,K(Phat),7042,0.033007869496941566,0.0006144893122836947,5.3879501137998886e-05,0.0006309792918352345,True,0.10597053170204163,0.35082173347473145,1.0971659751393688,2.08225586593792,2.641329896216299,1.369954293840717,0.17135681211948395,0.7649999856948853
50,201,99,hyperbolic_paraboloid,baseline,8042,0.044350034557282925,0.00013922682046541013,0.00023777347814757377,0.0005201241789172538,True,0.51502525806427,1.762270450592041,2.3327088928222657,2.9546966552734375,3.2708863072425314,2.4324769626482294,0.5292419195175171,0.7949999570846558
50,201,99,hyperbolic_paraboloid,K(Phat),8042,0.13891756534576416,0.00015534236081293784,0.00010118127465830185,0.0005201241789172538,True,0.24863708019256592,0.6063072085380554,1.4986328125,2.353201521203873,2.865295985959611,1.77600369271433,0.3053286671638489,0.7949999570846558
50,201,99,hyperbolic_paraboloid,baseline,9042,0.04228200018405914,0.00047952026943676174,6.93026049702894e-05,0.0004504826012535475,True,0.3812806308269501,1.108731985092163,1.3792605590820313,2.130974274515454,2.7537408126027962,1.7432750759754165,0.24705414474010468,0.7599999904632568
50,201,99,hyperbolic_paraboloid,K(Phat),9042,0.020336046814918518,0.000255088132689707,2.9027512937318534e-05,0.0004504826012535475,True,0.12325252592563629,0.3984363377094269,1.1234203338623048,2.027430800140881,2.7389753241288033,1.392431937767267,0.1355910450220108,0.7599999904632568
100,201,99,paraboloid,baseline,42,0.016742761712521315,0.00019104738385067321,3.62036635124241e-05,0.005109236608097209,True,0.1458781361579895,0.6234108805656433,1.0725756072998047,2.3168023150900137,3.146157258476307,2.044502463281451,0.21190477907657623,0.7649999856948853
100,201,99,paraboloid,K(Phat),42,0.0022239835234358907,8.094293661997654e-05,8.663330049785145e-06,0.005109236608097209,True,0.036491863429546356,0.05310356616973877,0.9799504089355469,2.2244494894276494,2.98886128344567,1.6760392655938243,0.1678803712129593,0.7649999856948853
100,201,99,paraboloid,baseline,1042,0.014966514892876148,0.000529457196535077,4.973425529897213e-05,0.003675313434790616,True,0.21219739317893982,0.38595080375671387,1.2402977871535412,2.0510824148995535,2.850274191962348,2.0790634903777243,0.2903268337249756,0.7199999690055847
100,201,99,paraboloid,K(Phat),1042,0.013445296324789524,0.00020325083096395247,2.1055437173345126e-05,0.003675313434790616,True,0.058354947715997696,0.1881677508354187,1.1044766986789416,1.8834835379464285,2.605817582872179,1.653565743877317,0.23828525841236115,0.7199999690055847
100,201,99,paraboloid,baseline,2042,0.038395730778574944,0.00021379391546361148,0.00011079315663664602,0.0020869888773011923,True,0.16495223343372345,0.7769600749015808,1.2682096395061244,2.419400393307864,2.9874049873109074,1.6243195584175933,0.21462807059288025,0.7849999666213989
100,201,99,paraboloid,K(Phat),2042,0.003259661258198321,0.00019297214203106705,7.412786908389535e-05,0.0020869888773011923,True,0.0474214106798172,0.09067009389400482,0.9614188036127905,2.261820531153417,2.8328460887738856,1.354006172251582,0.13656869530677795,0.7849999666213989
100,201,99,paraboloid,baseline,3042,0.033271456602960825,0.00028764303533534985,3.5429168292466784e-05,0.008225902396055003,True,0.13461239635944366,0.2512086033821106,1.9369900512695313,2.805917159370754,3.35962999587091,2.087384608044983,0.3662818968296051,0.7450000047683716
100,201,99,paraboloid,K(Phat),3042,0.019695566268637776,0.00023486011195927858,1.9281516870250925e-05,0.008225902396055003,True,0.06824955344200134,0.22682785987854004,1.383425750732422,2.3983917236328125,3.027149584469379,1.6977645875342688,0.21758723258972168,0.7450000047683716
100,201,99,paraboloid,baseline,4042,0.02690291590988636,0.00013947926709079184,0.00010719344936660491,0.005245139349752397,True,0.11125477403402328,0.5347117185592651,1.2280109405517579,1.9267212584778504,2.1225248637952303,1.7492432931960071,0.2943722605705261,0.7599999904632568
100,201,99,paraboloid,K(Phat),4042,0.02777274278923869,0.00015774592247908004,9.456423322262708e-05,0.005245139349752397,True,0.10640459507703781,0.47950851917266846,0.9306846618652344,1.7127185863452954,1.82787403307463,1.2797332734831972,0.17868459224700928,0.7599999904632568
100,201,99,paraboloid,baseline,5042,0.014477885328233242,0.00014182805807649856,2.3284259214051417e-05,0.0005992555351399663,True,0.101267509162426,0.23456624150276184,1.1550836181640625,2.1957810924899195,2.772402495340584,1.575470710417015,0.1656554788351059,0.7649999856948853
100,201,99,paraboloid,K(Phat),5042,0.003399833105504513,0.00014052767801331356,9.491624837210111e-06,0.0005992555351399663,True,0.04842735454440117,0.05887867882847786,1.098599395751953,2.1709177981140795,2.7874520495046977,1.5335021501656587,0.14716193079948425,0.7649999856948853
100,201,99,paraboloid,baseline,6042,0.002462636854033917,0.0003198540689481888,5.527308621822158e-05,0.001429785839953826,True,0.10137484967708588,0.07169430702924728,0.8577171325683594,1.7134388950892858,2.018445994755993,1.27704368966509,0.11029699444770813,0.7299999594688416
100,201,99,paraboloid,K(Phat),6042,0.025803218130022287,0.00014281873882282525,5.904898807784775e-05,0.001429785839953826,True,0.07514318823814392,0.5102304220199585,0.9298379516601563,1.7066714913504464,1.9672657169707835,1.261199892258187,0.1332770735025406,0.7299999594688416
100,201,99,paraboloid,baseline,7042,0.04484888259321451,0.0005153343081474304,0.00010921081047854386,0.0004390798027242594,True,0.1840854287147522,0.9691163897514343,1.4374247028600031,2.513353245232695,2.9886426738664214,1.6608340099173329,0.19905951619148254,0.7649999856948853
100,201,99,paraboloid,K(Phat),7042,0.021399420220404863,0.0001624810556677403,9.804235014598817e-05,0.0004390798027242594,True,0.08845224976539612,0.3678237199783325,1.386754481636699,2.4680052726499495,2.96070871789471,1.2402945539009378,0.14129520952701569,0.7649999856948853
100,201,99,paraboloid,baseline,8042,0.015300117200240493,0.00022495209486805834,7.135685518733226e-05,0.002571794227581119,True,0.24164560437202454,0.46617233753204346,1.1141868591308595,2.3496405418882977,3.025907312549135,1.863523159009087,0.2233925312757492,0.7949999570846558
100,201,99,paraboloid,K(Phat),8042,0.01649545505642891,0.00017213190767506603,4.2437896354385884e-05,0.002571794227581119,True,0.11114352941513062,0.3283555507659912,1.081478271484375,2.2876926178627826,2.894048534849155,1.6728000646323513,0.21064116060733795,0.7949999570846558
100,201,99,paraboloid,baseline,9042,0.014314031461253762,0.0003120510373264551,4.0317984712601174e-05,0.001243235608238486,True,0.11381905525922775,0.23291543126106262,1.3806144714355468,2.431204040193818,2.874893991570724,1.7999101775764046,0.24437269568443298,0.7599999904632568
100,201,99,paraboloid,K(Phat),9042,0.01702919416129589,0.00019161842283210717,2.623463296913542e-05,0.001243235608238486,True,0.09168922901153564,0.2833320200443268,1.3096432495117187,2.3974876195355193,2.8481670178865133,1.7016020242183305,0.22784273326396942,0.7599999904632568
100,201,99,hyperbolic_paraboloid,baseline,42,0.013284236891195178,0.0003584434853109997,1.2976440757483942e-05,0.0005728727327057379,True,0.07447542995214462,0.1690221130847931,1.2336701202392577,2.637862495754076,2.9841567893433414,1.4174479899413441,0.16644231975078583,0.7649999856948853
100,201,99,hyperbolic_paraboloid,K(Phat),42,0.011269776849076152,0.00039086813558242284,1.498813776379393e-05,0.0005728727327057379,True,0.09668466448783875,0.28612005710601807,1.2750806427001953,2.6800293300462807,3.081850737528084,1.479793905554413,0.1898937076330185,0.7649999856948853
100,201,99,hyperbolic_paraboloid,baseline,1042,0.016928781988099217,0.0004026815113320481,4.488406648306409e-05,0.0009507563576769473,True,0.14971499145030975,0.23716658353805542,1.6537262422954617,2.6686844308035713,3.287038379245334,1.4806162093689554,0.1827036589384079,0.7199999690055847
100,201,99,hyperbolic_paraboloid,K(Phat),1042,0.0029049025615677238,0.0001543794005556265,2.0392172473293613e-05,0.0009507563576769473,True,0.03790394589304924,0.04894857108592987,1.610548776597833,2.601156005859375,3.1794119940863714,1.3586268500474161,0.15150927007198334,0.7199999690055847
100,201,99,hyperbolic_paraboloid,baseline,2042,0.0032129239407368004,0.00021539010776905343,1.538022092972824e-05,0.002433716657742932,True,0.07978406548500061,0.11244835704565048,0.47371535564786826,1.3817411150251115,1.7355117311902866,1.5437807599865665,0.1571052074432373,0.7849999666213989
100,201,99,hyperbolic_paraboloid,K(Phat),2042,0.0033814877388067544,0.0001604223289177753,1.1287938150417176e-05,0.002433716657742932,True,0.03981410712003708,0.09168492257595062,0.46489750080971265,1.3847260527558378,1.7263379917023287,1.5214494668860372,0.15149274468421936,0.7849999666213989
100,201,99,hyperbolic_paraboloid,baseline,3042,0.013209766242653131,0.00015336976775870426,0.00011617951895459555,0.0023683075288041906,True,0.08164428919553757,0.3273594081401825,1.3122613525390625,2.3414004781971807,2.70765962536703,1.2738997777418015,0.16691400110721588,0.7450000047683716
100,201,99,hyperbolic_paraboloid,K(Phat),3042,0.010936065693385899,0.00012305514246691018,0.00012286393575777765,0.0023683075288041906,True,0.05504597723484039,0.2082461416721344,1.212672805786133,2.3611279363217563,2.715831782193792,1.3065838942011248,0.13485051691532135,0.7450000047683716
100,201,99,hyperbolic_paraboloid,baseline,4042,0.01581562263891101,0.00035334013955434784,1.745838994793303e-05,0.012568543799480988,True,0.06355386972427368,0.31048715114593506,1.3867190551757813,2.3340514466002746,2.5395369278757194,1.663221987592515,0.21347245573997498,0.7599999904632568
100,201,99,hyperbolic_paraboloid,K(Phat),4042,0.04046644875779748,0.00023460755255655386,6.831096197856823e-05,0.012568543799480988,True,0.22141669690608978,1.0801753997802734,1.9705067443847657,2.742921934023008,2.945144251773232,1.9066782690542956,0.3762383759021759,0.7599999904632568
100,201,99,hyperbolic_paraboloid,baseline,5042,0.012490887427702546,0.00024519402722944506,9.246465742762666e-05,0.002357435463672847,True,0.08762256801128387,0.3631385564804077,1.1013636016845703,1.9993483020413307,2.6501608455882355,1.4894762070309395,0.17091378569602966,0.7649999856948853
100,201,99,hyperbolic_paraboloid,K(Phat),5042,0.008419369696639478,0.00014727851157658733,8.081341184151825e-05,0.002357435463672847,True,0.04545891284942627,0.13750967383384705,0.9229216003417968,1.7196128599105343,2.1707835477941178,1.348139169583192,0.13617576658725739,0.7649999856948853
100,201,99,hyperbolic_paraboloid,baseline,6042,0.0018263333186041564,0.00025993109375122003,3.745752019312931e-05,0.0004884328934090647,True,0.06851466000080109,0.06977956742048264,0.8216778564453125,1.6108539690290178,2.0220803038714683,1.0304064997140918,0.08289428055286407,0.7299999594688416
100,201,99,hyperbolic_paraboloid,K(Phat),6042,0.018363353330641985,0.00020671796301030554,4.007815641671186e-05,0.0004884328934090647,True,0.07533594965934753,0.18060368299484253,0.9914201354980469,1.7081466238839285,2.084471820151969,1.1064184942679212,0.15018399059772491,0.7299999594688416
100,201,99,hyperbolic_paraboloid,baseline,7042,0.021239460911601782,0.0006567560121766292,6.0237191974010784e-05,0.003773499484085918,True,0.09063394367694855,0.21478761732578278,1.4109267038316582,2.483578097435736,2.770715252246732,1.3999869850524431,0.16790379583835602,0.7649999856948853
100,201,99,hyperbolic_paraboloid,K(Phat),7042,0.029088526964187622,0.000314453605824383,4.1056152440432925e-05,0.003773499484085918,True,0.13697949051856995,0.5380527973175049,1.0320606327536117,2.060001004126764,2.660837609783497,1.366035637607362,0.14046809077262878,0.7649999856948853
100,201,99,hyperbolic_paraboloid,baseline,8042,0.0036624641506932676,0.00045943651639390737,0.00011127037760161329,0.00026288952919381175,True,0.11202896386384964,0.11718156933784485,1.1163092041015625,1.9997951426404588,2.4688989411360063,1.6580550577644242,0.1396966576576233,0.7949999570846558
100,201,99,hyperbolic_paraboloid,K(Phat),8042,0.016653652070090175,0.0002151949956896715,0.00011242241998843383,0.00026288952919381175,True,0.09091603755950928,0.32686176896095276,1.1533656311035156,1.9104955145653257,2.367684226365959,1.5538234895642538,0.13659356534481049,0.7949999570846558
100,201,99,hyperbolic_paraboloid,baseline,9042,0.029326608404517174,0.0003728045558091253,3.604924950195709e-05,0.0004774081099092664,True,0.1537420153617859,0.4955483078956604,0.6659127044677734,1.303131186896986,1.760953802811472,1.422461396001297,0.164879709482193,0.7599999904632568
100,201,99,hyperbolic_paraboloid,K(Phat),9042,0.02839044714346528,0.00017591338837519288,3.125530247416464e-05,0.0004774081099092664,True,0.08799901604652405,0.43344658613204956,0.7134510803222657,1.3127523119983777,1.783000343724301,1.350313572119589,0.1569313406944275,0.7599999904632568
200,201,99,paraboloid,baseline,42,0.030151071026921272,7.698889749008231e-05,3.2832295411416066e-05,0.0008612512356013208,True,0.07966836541891098,0.33163294196128845,1.7298626708984375,2.7413378176481826,3.184338538475286,2.217829928100463,0.3220571279525757,0.7649999856948853
200,201,99,paraboloid,K(Phat),42,0.018027253582009246,3.519749043334741e-05,3.833669610945175e-05,0.0008612512356013208,True,0.06784655898809433,0.4021815061569214,1.3512351989746094,2.3988746974779214,2.6948018790849675,1.4788465730097855,0.17664244771003723,0.7649999856948853
200,201,99,paraboloid,baseline,1042,0.014468856954148837,0.00017410006382436092,1.257513641966008e-05,0.0022240860841760586,True,0.06314634531736374,0.16480186581611633,1.8378041329695352,2.9590761021205356,3.6363033718532987,2.0519066896914704,0.2943321466445923,0.7199999690055847
200,201,99,paraboloid,K(Phat),1042,0.005189043236896396,7.211899615608022e-05,6.636499360216216e-06,0.0022240860841760586,True,0.034892771393060684,0.07794317603111267,1.5879970531367777,2.7257275390625,3.342078102959527,1.6221965250183725,0.20430968701839447,0.7199999690055847
200,201,99,paraboloid,baseline,2042,0.0012762524004626488,0.00013107710401527584,8.630423833112997e-06,0.0002610108523226496,True,0.029014533385634422,0.034381717443466187,1.0924941786569566,2.5125547974974243,3.2965290045282645,2.1191470218684936,0.18910515308380127,0.7849999666213989
200,201,99,paraboloid,K(Phat),2042,0.010579358520252364,8.443184768631389e-05,1.0741635183616641e-05,0.0002610108523226496,True,0.042074739933013916,0.16876620054244995,1.149433615219653,2.4791598477206387,3.0494437248084196,1.646197966385198,0.15450148284435272,0.7849999666213989
200,201,99,paraboloid,baseline,3042,0.0009910172583269222,0.00020100957460402112,7.279440394216051e-06,0.011392644388758722,True,0.018444830551743507,0.020525161176919937,0.6253077697753906,1.3689090065334155,2.202360626835151,2.15370082610866,0.23474955558776855,0.7450000047683716
200,201,99,paraboloid,K(Phat),3042,0.0028544816388083355,5.935494638314205e-05,9.072462879495496e-06,0.011392644388758722,True,0.0160068366676569,0.04556344822049141,0.6298810577392578,1.3665118010147759,2.1046843048710153,1.98644619673404,0.21159628033638,0.7450000047683716
200,201,99,paraboloid,baseline,4042,0.004251557967758605,0.00016245774687766762,1.901889390865108e-05,0.00018572345820825492,True,0.05058278143405914,0.22423849999904633,1.144012680053711,2.131431160392342,2.4951412803248356,1.5692725954205713,0.17182227969169617,0.7599999904632568
200,201,99,paraboloid,K(Phat),4042,0.006050054915249348,9.071580487735835e-05,8.736304640219064e-06,0.00018572345820825492,True,0.026963036507368088,0.07864083349704742,1.1644215393066406,2.1859595330206902,2.5651206970214844,1.7114622488609494,0.2013208568096161,0.7599999904632568
200,201,99,paraboloid,baseline,5042,0.009387279328491007,8.273813338226838e-05,1.3497285440930032e-05,0.004490113376978025,True,0.07106935977935791,0.22258996963500977,1.2091483306884765,2.363871584656418,3.0329364452486725,2.2428968012811406,0.2398408055305481,0.7649999856948853
200,201,99,paraboloid,K(Phat),5042,0.0017167321472827876,5.328716906660702e-05,4.0909277621332355e-06,0.004490113376978025,True,0.018281681463122368,0.029086682945489883,1.2021636199951171,2.3351028606455815,2.957165686912786,2.028641185153619,0.2292284220457077,0.7649999856948853
200,201,99,paraboloid,baseline,6042,0.0009634566460070866,9.618724444797928e-05,8.041261753533036e-05,0.002364354791925914,True,0.02662041038274765,0.03297518193721771,1.196376953125,2.5456576102120536,2.9409288380244005,1.5632088762056158,0.14911377429962158,0.7299999594688416
200,201,99,paraboloid,K(Phat),6042,0.0016193733816700323,5.5444439827364734e-05,7.971006562002003e-05,0.002364354791925914,True,0.018881430849432945,0.03486045077443123,1.2035597229003907,2.5238511439732143,2.821094460683326,1.3676264240538585,0.13159248232841492,0.7299999594688416
200,201,99,paraboloid,baseline,7042,0.00893160848811801,8.081211074438346e-05,6.081652177921829e-05,0.00012032040835019962,True,0.032675083726644516,0.15471342206001282,1.2885391005319566,2.416751000189012,2.880383659811581,1.2640021157557872,0.11485564708709717,0.7649999856948853
200,201,99,paraboloid,K(Phat),7042,0.005142551613971591,4.7047530512957436e-05,5.556456744670868e-05,0.00012032040835019962,True,0.01807289570569992,0.04862109571695328,1.2970239073786902,2.4023148731518815,2.8455279979830475,1.1861145060339455,0.11626939475536346,0.7649999856948853
200,201,99,paraboloid,baseline,8042,0.0018094777395682676,9.728060519721891e-05,1.3434339052764699e-05,0.0010275613905778571,True,0.07733143121004105,0.08215543627738953,1.0587217712402344,2.321192477611785,3.0177435724990174,1.9464774718333515,0.22944074869155884,0.7949999570846558
200,201,99,paraboloid,K(Phat),8042,0.004979155292468411,5.3649429901270196e-05,8.879630773403083e-06,0.0010275613905778571,True,0.03446175530552864,0.11799391359090805,1.0769273376464843,2.305837428316157,2.9751563881928065,1.8153729067561957,0.21952491998672485,0.7949999570846558
200,201,99,paraboloid,baseline,9042,0.01655453017779759,0.00013639365040164973,3.092055417904963e-05,0.0008540194277739644,True,0.09735722839832306,0.3684038519859314,1.2994149780273438,2.1373774627518785,2.814136505126953,1.7648870158742953,0.26261770725250244,0.7599999904632568
200,201,99,paraboloid,K(Phat),9042,0.018778236316783086,5.837952942653958e-05,1.8988450652354265e-05,0.0008540194277739644,True,0.04796389490365982,0.36053550243377686,1.537689208984375,2.2570277146302935,2.86652293958162,1.6996694987317718,0.2950105667114258,0.7599999904632568
200,201,99,hyperbolic_paraboloid,baseline,42,0.0031948311786566463,8.409474945178122e-05,8.463136379889744e-06,0.00032091352032191715,True,0.032769665122032166,0.059594132006168365,1.1382756805419922,2.351468293563179,2.7234074212367236,1.4814483930824862,0.13877713680267334,0.7649999856948853
200,201,99,hyperbolic_paraboloid,K(Phat),42,0.0018979957427031227,4.1333361098492916e-05,7.272661995167644e-06,0.00032091352032191715,True,0.018298806622624397,0.05796036869287491,1.1321499633789063,2.337669206702191,2.71026611328125,1.4396138080428067,0.14178916811943054,0.7649999856948853
200,201,99,hyperbolic_paraboloid,baseline,1042,0.011455601214298181,9.154592148011684e-05,1.7811763167888523e-05,0.0005252991816890773,True,0.07211197167634964,0.2992730736732483,1.2010739580470713,2.1161312430245536,2.689062966240777,1.373271582858262,0.18366612493991852,0.7199999690055847
200,201,99,hyperbolic_paraboloid,K(Phat),1042,0.006570618566391724,4.3058031483919225e-05,6.6780536209470095e-06,0.0005252991816890773,True,0.016445305198431015,0.04849976301193237,1.1168453657447392,2.0734797014508928,2.6838501824273004,1.3837231363562237,0.16126148402690887,0.7199999690055847
200,201,99,hyperbolic_paraboloid,baseline,2042,0.0021800699178129435,8.324156130713942e-05,5.649671428337959e-06,0.0001368549425358796,True,0.02358228713274002,0.037958286702632904,0.4664286704518687,1.3715606521774124,1.7762081850865843,1.6800462031042491,0.1660170555114746,0.7849999666213989
200,201,99,hyperbolic_paraboloid,K(Phat),2042,0.01728654360132558,4.759036164614372e-05,1.6690140780286e-05,0.0001368549425358796,True,0.02643728069961071,0.14274220168590546,0.9440536882410098,1.9313393058357657,2.396909677298965,1.5478465637329875,0.210810586810112,0.7849999666213989
200,201,99,hyperbolic_paraboloid,baseline,3042,0.013132630714348384,0.0001229249298506017,2.024576653119376e-05,0.00144333952101902,True,0.053012069314718246,0.3049089312553406,0.6329547882080078,1.2949147431746773,1.8962930768928272,1.7038899478698493,0.17902185022830963,0.7450000047683716
200,201,99,hyperbolic_paraboloid,K(Phat),3042,0.002916352390976889,8.231436991731503e-05,7.877470125094987e-06,0.00144333952101902,True,0.013713553547859192,0.03364524990320206,0.5915707015991211,1.2488992939824644,1.7796499777160235,1.5196791305001855,0.1540142297744751,0.7450000047683716
200,201,99,hyperbolic_paraboloid,baseline,4042,0.0035034027615828173,0.00013069638797397993,7.722734640732856e-06,0.0006707699144657571,True,0.04090438038110733,0.1061587780714035,1.209058074951172,2.240887987744677,2.5012867576197575,1.526210912410473,0.15648290514945984,0.7599999904632568
200,201,99,hyperbolic_paraboloid,K(Phat),4042,0.0019197733740189246,8.192107530443796e-05,4.5956339168437154e-06,0.0006707699144657571,True,0.029489977285265923,0.043888360261917114,1.1930306243896485,2.2408100170093577,2.4938866464715255,1.4688794934813485,0.14617684483528137,0.7599999904632568
200,201,99,hyperbolic_paraboloid,baseline,5042,0.01545034402183124,9.912092303108823e-05,3.328729404269585e-05,0.0011219423060393452,True,0.050656676292419434,0.17175433039665222,0.9810415649414063,1.93692869781166,2.433554655586193,1.3697394452087306,0.14277280867099762,0.7649999856948853
200,201,99,hyperbolic_paraboloid,K(Phat),5042,0.013816641510597296,5.646745765781296e-05,3.194315390179067e-05,0.0011219423060393452,True,0.0342729352414608,0.20521873235702515,0.944914321899414,1.935748028498824,2.4855230992136437,1.3613068833088395,0.14156366884708405,0.7649999856948853
200,201,99,hyperbolic_paraboloid,baseline,6042,0.003699373620163117,0.00015797455853316933,5.7851991316835794e-05,0.00022462245762644716,True,0.034964412450790405,0.06479036062955856,0.7567422485351563,1.5526675851004463,2.0447356341636342,1.4613593096710848,0.13517235219478607,0.7299999594688416
200,201,99,hyperbolic_paraboloid,K(Phat),6042,0.0017603400130090968,6.561586477411245e-05,5.5070087130713675e-05,0.00022462245762644716,True,0.01900492049753666,0.028573527932167053,0.7618516540527344,1.5642860630580357,2.016244757665347,1.4783753745059725,0.13327260315418243,0.7299999594688416
200,201,99,hyperbolic_paraboloid,baseline,7042,0.000692632223945111,7.123467522822986e-05,6.21858738928235e-06,0.0008853622040345302,True,0.01863943599164486,0.015303350985050201,0.9765488514349089,2.0148299022387435,2.6333783716937296,1.1749948844034415,0.12528672814369202,0.7649999856948853
200,201,99,hyperbolic_paraboloid,K(Phat),7042,0.0007521813386119902,3.651055729798307e-05,4.911862008936753e-06,0.0008853622040345302,True,0.008212240412831306,0.008937901817262173,0.9789447113497174,2.026531260500672,2.665834913066789,1.1630793074914936,0.1267567276954651,0.7649999856948853
200,201,99,hyperbolic_paraboloid,baseline,8042,0.0012089811165684036,6.988524338729414e-05,5.343237424832685e-06,0.006940720686272009,True,0.044144272804260254,0.05842667073011398,1.0262322998046876,2.026201288750831,2.786194423459611,1.4071212696490236,0.1589098572731018,0.7949999570846558
200,201,99,hyperbolic_paraboloid,K(Phat),8042,0.0019483243148507817,3.531239339541311e-05,4.211357658537704e-06,0.006940720686272009,True,0.019167570397257805,0.03315136581659317,1.0308734893798828,2.0329034683552196,2.7755885094216786,1.3809152088769858,0.14806197583675385,0.7949999570846558
200,201,99,hyperbolic_paraboloid,baseline,9042,0.011232783419213124,0.00010770592988202614,3.322913081709495e-05,0.0006321203056259535,True,0.0660458654165268,0.13598129153251648,1.3561846923828125,2.241416722698941,3.056513133801912,1.311106899291649,0.14740514755249023,0.7599999904632568
200,201,99,hyperbolic_paraboloid,K(Phat),9042,0.0019934828825561063,3.860988311186832e-05,2.6538733306681805e-05,0.0006321203056259535,True,0.01878240890800953,0.03660409152507782,1.2948591613769531,2.2503603742422302,3.0068674589458264,1.2416672781632887,0.11961545795202255,0.7599999904632568
