surface,condition,seed,recon_per_dim,E_mu,E_Sigma,sigma_min_p5,W2@1.0,pairwise_mfpt_err,gt_mfpt_01,gt_mfpt_02,gt_mfpt_10,gt_mfpt_12,gt_mfpt_20,gt_mfpt_21,lr_mfpt_01,lr_mfpt_02,lr_mfpt_10,lr_mfpt_12,lr_mfpt_20,lr_mfpt_21,its_t2_err,gt_t2,lr_t2,stat_l1_err,gt_stat_0,gt_stat_1,gt_stat_2,lr_stat_0,lr_stat_1,lr_stat_2,exit_frac
paraboloid,baseline,42,2.974083945989164e-06,0.08056680858135223,0.008245576173067093,1.072473406791687,0.40112551502065136,1.9136607069426053,8.867076873779297,9.68563461303711,3.466315746307373,2.4663333892822266,1.3153570890426636,0.9425926208496094,3.625576972961426,3.0358903408050537,1.649999976158142,0.824999988079071,6.069061756134033,6.033345699310303,0.9713404756366051,70.52450704885045,2.0211988279829445,1.5014287233352661,0.8875066041946411,0.08034655451774597,0.032146815210580826,0.17165115475654602,0.04548768699169159,0.7828611731529236,0.008
paraboloid,T,42,3.2566331989544243e-06,0.003246780252084136,0.00017593054508324713,0.8516077995300293,0.20572427040422236,0.9764449618572758,8.867076873779297,9.68563461303711,3.466315746307373,2.4663333892822266,1.3153570890426636,0.9425926208496094,6.7208333015441895,5.887361526489258,2.058500051498413,0.7336567044258118,3.7546846866607666,3.0740740299224854,0.8463144654979403,70.52450704885045,10.838596561296859,0.6340714693069458,0.8875066041946411,0.08034655451774597,0.032146815210580826,0.6374523043632507,0.013365144841372967,0.3491825759410858,0.016
paraboloid,T+F,42,1.551423302043081e-07,0.003111127531155944,0.00021413607464637607,1.0700886249542236,0.22990068960887003,1.0428722340050018,8.867076873779297,9.68563461303711,3.466315746307373,2.4663333892822266,1.3153570890426636,0.9425926208496094,5.687142848968506,5.739789009094238,2.4200000762939453,0.5565000176429749,4.121543884277344,3.093214273452759,0.860679496832921,70.52450704885045,9.825509807656054,0.7133833169937134,0.8875066041946411,0.08034655451774597,0.032146815210580826,0.5970651507377625,0.01409637276083231,0.3888384699821472,0.018
paraboloid,baseline,1042,3.548359280609669e-06,0.14224585890769958,0.015871237963438034,0.9531707763671875,0.1252163426296578,0.3593098484614445,9.427499771118164,9.3267240524292,2.521250009536743,2.5445101261138916,1.0799314975738525,0.9548134207725525,11.350454330444336,11.117105484008789,4.232142925262451,4.528846263885498,0.921875,0.8066964149475098,1.534327028811118,72.82376271630596,184.55923019166156,0.15019501745700836,0.8804805874824524,0.0873551145195961,0.032164301723241806,0.955578088760376,0.03865537419915199,0.005766523070633411,0.02
paraboloid,T,1042,1.2774180866481356e-06,0.0029074042104184628,7.655422814423218e-05,0.8181904554367065,0.09239985044764513,0.3831521797503665,9.427499771118164,9.3267240524292,2.521250009536743,2.5445101261138916,1.0799314975738525,0.9548134207725525,9.131383895874023,9.795546531677246,5.775131702423096,4.341371059417725,1.1100000143051147,0.770878791809082,2.088708636146221,72.82376271630596,224.93138481851742,0.11644388735294342,0.8804805874824524,0.0873551145195961,0.032164301723241806,0.8361812829971313,0.145577073097229,0.018241673707962036,0.034
paraboloid,T+F,1042,4.907904901722474e-08,0.00311876367777586,0.0001248855551239103,0.9949753284454346,0.07802746902856811,0.46728433807768766,9.427499771118164,9.3267240524292,2.521250009536743,2.5445101261138916,1.0799314975738525,0.9548134207725525,9.225180625915527,9.398518562316895,6.302499771118164,4.802736759185791,0.9494117498397827,0.7004064917564392,3.11330902011622,72.82376271630596,299.5466400597846,0.04028640687465668,0.8804805874824524,0.0873551145195961,0.032164301723241806,0.8831976056098938,0.10478128492832184,0.012021082453429699,0.012
paraboloid,baseline,2042,2.026127156713486e-06,0.06702492386102676,0.004480690695345402,1.0271551609039307,0.16543341370116307,0.07246155989939922,9.131385803222656,9.68202018737793,3.2043333053588867,2.6533102989196777,1.2473880052566528,0.9004337787628174,8.818988800048828,9.443110466003418,3.2849295139312744,2.275188684463501,1.4764130115509033,0.8782677054405212,0.8156822969290768,112.36287420872644,20.710466884599544,0.008730258792638779,0.8881173729896545,0.08253664523363113,0.029346007853746414,0.8889603614807129,0.0781714916229248,0.032868124544620514,0.06
paraboloid,T,2042,1.011849036417086e-06,0.0016163886757567525,7.484293018933386e-05,0.9217996597290039,0.1878894303059812,0.21818120666763477,9.131385803222656,9.68202018737793,3.2043333053588867,2.6533102989196777,1.2473880052566528,0.9004337787628174,10.569693565368652,9.51956558227539,2.2942044734954834,1.5513845682144165,1.5108721256256104,1.1023417711257935,0.9205153923642372,112.36287420872644,8.931118969307192,0.10680164396762848,0.8881173729896545,0.08253664523363113,0.029346007853746414,0.9415181875228882,0.029580868780612946,0.028900958597660065,0.154
paraboloid,T+F,2042,1.3652596912585402e-07,0.003731557633727789,0.00019140701624564826,1.0182071924209595,0.16704368609245457,0.1980814275365006,9.131385803222656,9.68202018737793,3.2043333053588867,2.6533102989196777,1.2473880052566528,0.9004337787628174,9.75855541229248,8.800287246704102,2.5691025257110596,2.0325891971588135,1.681384563446045,1.1243077516555786,0.8510838257611031,112.36287420872644,16.732649353649965,0.09606456011533737,0.8881173729896545,0.08253664523363113,0.029346007853746414,0.9361496567726135,0.037077996879816055,0.026772374287247658,0.196
paraboloid,baseline,3042,2.3288061246924586e-06,0.0410391204059124,0.003538986435160041,1.0458546876907349,0.17982965700824594,0.11602059782064596,9.179830551147461,8.269000053405762,3.0096969604492188,2.337270736694336,1.3015151023864746,1.0086947679519653,8.295999526977539,10.476900100708008,2.5458695888519287,2.2966291904449463,1.3063157796859741,0.8496774435043335,0.2754796453163587,73.28307534534241,53.09507974151549,0.12101612985134125,0.8885259032249451,0.07988253980875015,0.03159155696630478,0.9490339756011963,0.0355721078813076,0.015393931418657303,0.102
paraboloid,T,3042,9.307299279584666e-07,0.0012267943238839507,6.3462728576269e-05,0.9662602543830872,0.1531067241739375,0.1910362863249655,9.179830551147461,8.269000053405762,3.0096969604492188,2.337270736694336,1.3015151023864746,1.0086947679519653,10.68657112121582,10.519265174865723,2.9270453453063965,1.781515121459961,1.5315909385681152,1.2789565324783325,0.4944920830912861,73.28307534534241,37.04517476248837,0.10304214805364609,0.8885259032249451,0.07988253980875015,0.03159155696630478,0.9400469660758972,0.03139323368668556,0.02855977602303028,0.196
paraboloid,T+F,3042,9.403249432172959e-08,0.003077220171689987,0.00019461206102278084,0.9979418516159058,0.09164071163553891,0.24593752628395169,9.179830551147461,8.269000053405762,3.0096969604492188,2.337270736694336,1.3015151023864746,1.0086947679519653,9.956724166870117,9.60619831085205,2.609473705291748,1.581869125366211,2.0212621688842773,1.2307077646255493,0.6127608409379877,73.28307534534241,28.378076470208484,0.0677136778831482,0.8885259032249451,0.07988253980875015,0.03159155696630478,0.9027595520019531,0.04602570831775665,0.05121475085616112,0.03
paraboloid,baseline,4042,2.901313944594629e-06,0.0804891288280487,0.01004846952855587,1.049202799797058,0.11913387592147998,0.7413734382229332,9.560514450073242,8.621916770935059,3.8032431602478027,2.551159143447876,1.4095652103424072,0.973127543926239,19.122499465942383,15.734375,,,0.8712499737739563,0.23499999940395355,0.6315714024773567,76.52924300619867,28.195561670243332,0.23206603527069092,0.8792065978050232,0.08746746927499771,0.03332594409584999,0.9952396154403687,0.0015054774703457952,0.003254925599321723,0.468
paraboloid,T,4042,2.5667270427727282e-06,0.0028859926387667656,0.00014326570089906454,0.7670207023620605,0.14309420141818283,0.3460445960355458,9.560514450073242,8.621916770935059,3.8032431602478027,2.551159143447876,1.4095652103424072,0.973127543926239,14.085689544677734,13.326315879821777,3.739090919494629,1.6938461065292358,1.786153793334961,1.398611068725586,0.5859062864887796,76.52924300619867,31.690278428639395,0.18335655331611633,0.8792065978050232,0.08746746927499771,0.03332594409584999,0.9708848595619202,0.016112487763166428,0.01300263125449419,0.476
paraboloid,T+F,4042,5.503805830324096e-08,0.0027545064222067595,0.00016284675803035498,1.0925800800323486,0.17734153309247278,0.3128688715838957,9.560514450073242,8.621916770935059,3.8032431602478027,2.551159143447876,1.4095652103424072,0.973127543926239,15.40333366394043,11.586600303649902,3.555000066757202,2.5390000343322754,1.6118181943893433,1.6627777814865112,0.7544298634155587,76.52924300619867,18.79329665773611,0.1985764354467392,0.8792065978050232,0.08746746927499771,0.03332594409584999,0.9784948229789734,0.014552390202879906,0.006952808704227209,0.524
paraboloid,baseline,5042,4.499394849721176e-06,0.11108013987541199,0.008091545663774014,0.94758141040802,0.41625311492350103,1.90613272755177,10.134246826171875,9.556294441223145,3.373500108718872,2.1138248443603516,1.2424242496490479,0.8923651576042175,8.682499885559082,9.206215858459473,16.579999923706055,1.2919318675994873,6.845714092254639,3.0727272033691406,0.4959030355551182,74.63808791311229,37.62483354897012,0.8763120770454407,0.8926292657852173,0.07729344069957733,0.030077297240495682,0.49561235308647156,0.03615430369973183,0.4682333469390869,0.182
paraboloid,T,5042,2.2369774582040546e-06,0.0035192971117794514,0.0001831034169299528,0.8252440094947815,0.28980268120601466,0.8709854855500788,10.134246826171875,9.556294441223145,3.373500108718872,2.1138248443603516,1.2424242496490479,0.8923651576042175,10.593999862670898,8.441481590270996,2.065000057220459,1.0208333730697632,4.381281852722168,2.349193572998047,0.6620419738709679,74.63808791311229,25.2245408651606,0.34033268690109253,0.8926292657852173,0.07729344069957733,0.030077297240495682,0.7885056138038635,0.011250747367739677,0.20024362206459045,0.198
paraboloid,T+F,5042,9.91275741380468e-08,0.0033134091645479202,0.00018645220552571118,0.9738608002662659,0.32279764139372563,0.8476095376955001,10.134246826171875,9.556294441223145,3.373500108718872,2.1138248443603516,1.2424242496490479,0.8923651576042175,9.135000228881836,9.198661804199219,1.2400000095367432,1.3123077154159546,4.064784049987793,2.3793749809265137,0.7859372203270133,74.63808791311229,15.977236568157561,0.325101375579834,0.8926292657852173,0.07729344069957733,0.030077297240495682,0.8012337684631348,0.006138254422694445,0.19262799620628357,0.28
paraboloid,baseline,6042,3.914785193770531e-06,0.10773336887359619,0.007772271987050772,1.0471750497817993,0.21390889692096912,0.2514072176826801,9.02345085144043,9.6360445022583,3.280714273452759,2.4437499046325684,1.2897499799728394,0.9941935539245605,7.7995686531066895,7.086393356323242,4.668695449829102,3.6682300567626953,1.1355769634246826,1.0583573579788208,1.4714178014920867,42.78646606105359,105.74323388622484,0.7195413708686829,0.8830900192260742,0.08383290469646454,0.03307707607746124,0.5233193039894104,0.3835586905479431,0.0931219831109047,0.056
paraboloid,T,6042,1.1958570633111383e-06,0.0011615066323429346,4.4424348743632436e-05,0.8652490973472595,0.13901289751743628,0.202483937350089,9.02345085144043,9.6360445022583,3.280714273452759,2.4437499046325684,1.2897499799728394,0.9941935539245605,10.060714721679688,8.376896858215332,4.941547393798828,2.859254837036133,1.459259271621704,1.1548393964767456,1.8760987372462068,42.78646606105359,123.05810100942391,0.06076302006840706,0.8830900192260742,0.08383290469646454,0.03307707607746124,0.8527085185050964,0.10483983159065247,0.04245166853070259,0.038
paraboloid,T+F,6042,1.5418630195271908e-07,0.004086514934897423,0.00022458432067651302,1.0551763772964478,0.07457632880822146,0.1573110034352129,9.02345085144043,9.6360445022583,3.280714273452759,2.4437499046325684,1.2897499799728394,0.9941935539245605,9.369999885559082,8.543415069580078,3.950723648071289,3.2362406253814697,1.5613332986831665,1.0468666553497314,4.201923131390442,42.78646606105359,222.57190751344677,0.04227125644683838,0.8830900192260742,0.08383290469646454,0.03307707607746124,0.9042256474494934,0.07466176152229309,0.02111259289085865,0.024
paraboloid,baseline,7042,3.774196317243339e-06,0.09658937156200409,0.004735260736197233,1.0700546503067017,0.1661444561302322,0.6597490709139312,8.5279541015625,9.153287887573242,2.956406354904175,2.364957332611084,1.3208904266357422,1.0391700267791748,9.171148300170898,8.465344429016113,7.425127983093262,6.575200080871582,1.7666666507720947,1.2247999906539917,0.14674131941290539,62.059654333671496,52.95293877443971,0.4635549783706665,0.8786863088607788,0.08763419836759567,0.03367947041988373,0.6677737832069397,0.3194116950035095,0.012814522720873356,0.0
paraboloid,T,7042,9.862005256524134e-07,0.0021053135860711336,9.740448149386793e-05,0.8950068950653076,0.26474529765764676,0.6248941005516488,8.5279541015625,9.153287887573242,2.956406354904175,2.364957332611084,1.3208904266357422,1.0391700267791748,8.234380722045898,7.677299976348877,7.731086730957031,5.731163024902344,0.8399999737739563,0.8820212483406067,0.6191587431562294,62.059654333671496,23.634876755725404,0.96451735496521,0.8786863088607788,0.08763419836759567,0.03367947041988373,0.41523778438568115,0.5698928833007812,0.014869319275021553,0.006
paraboloid,T+F,7042,1.522378475620731e-07,0.004741299897432327,0.00019660693942569196,1.133089542388916,0.3034535864780401,0.6561165991825962,8.5279541015625,9.153287887573242,2.956406354904175,2.364957332611084,1.3208904266357422,1.0391700267791748,7.821335315704346,6.748867988586426,8.942777633666992,5.535416603088379,1.1866666078567505,0.9102500081062317,0.5744142685740766,62.059654333671496,26.41170338163556,0.9793004393577576,0.8786863088607788,0.08763419836759567,0.03367947041988373,0.4122881591320038,0.5772844552993774,0.01042739674448967,0.002
paraboloid,baseline,8042,4.385085139349473e-06,0.09962953627109528,0.013486703857779503,0.96110600233078,0.09440347784998566,0.1411858802425291,8.924253463745117,9.244583129882812,3.7356250286102295,2.3248510360717773,1.3418182134628296,0.8811328411102295,9.156917572021484,8.50679874420166,3.196478843688965,2.1530263423919678,1.5643951892852783,1.1958087682724,0.3763519475816316,85.56574776269454,53.362911945925816,0.10407900810241699,0.8859207630157471,0.08287538588047028,0.03120383620262146,0.8338812589645386,0.1051347479224205,0.06098397448658943,0.02
paraboloid,T,8042,3.857504221986034e-06,0.0028868187218904495,0.0001693991362117231,0.9586736559867859,0.15721159983454053,0.28303664526533034,8.924253463745117,9.244583129882812,3.7356250286102295,2.3248510360717773,1.3418182134628296,0.8811328411102295,8.401405334472656,7.4405412673950195,3.254204511642456,2.0681800842285156,2.2523276805877686,1.3451786041259766,0.4668498063019349,85.56574776269454,45.61939499360037,0.5683695077896118,0.8859207630157471,0.08287538588047028,0.03120383620262146,0.6017360091209412,0.24403634667396545,0.1542276293039322,0.014
paraboloid,T+F,8042,8.453282668656062e-08,0.002916487632319331,0.0002259188040625304,1.0814898014068604,0.11759429212166955,0.10097431431709868,8.924253463745117,9.244583129882812,3.7356250286102295,2.3248510360717773,1.3418182134628296,0.8811328411102295,7.999192714691162,8.201791763305664,3.3468830585479736,2.4479870796203613,1.4447014331817627,1.0183125734329224,0.31756795879746225,85.56574776269454,58.39280790271712,0.30578532814979553,0.8859207630157471,0.08287538588047028,0.03120383620262146,0.7330281138420105,0.18521052598953247,0.08176136761903763,0.02
paraboloid,baseline,9042,2.8058895794906427e-06,0.09099406003952026,0.008715795353055,0.9618197679519653,0.18075693479665253,0.3511198047774136,8.96058177947998,8.21607780456543,2.895108699798584,2.5782511234283447,1.2674657106399536,1.0927631855010986,12.959545135498047,13.918255805969238,2.6231250762939453,1.4983333349227905,1.7636841535568237,1.1606249809265137,0.3536214697877912,70.97328763820296,45.87560934790996,0.20984198153018951,0.8723849058151245,0.09042474627494812,0.03719034418463707,0.9773058891296387,0.008093475364148617,0.014600614085793495,0.488
paraboloid,T,9042,1.8308741916249047e-06,0.0036284131929278374,9.983858035411686e-05,0.8360577821731567,0.1403622779822014,0.34774593616939153,8.96058177947998,8.21607780456543,2.895108699798584,2.5782511234283447,1.2674657106399536,1.0927631855010986,16.223125457763672,11.651346206665039,1.4490000009536743,2.5174999237060547,1.3336842060089111,0.7839999794960022,0.8815215050971511,70.97328763820296,8.408808297681263,0.24065901339054108,0.8723849058151245,0.09042474627494812,0.03719034418463707,0.9927144050598145,0.002643183572217822,0.004642391577363014,0.346
paraboloid,T+F,9042,4.936659413816139e-08,0.0023846374824643135,0.00011120187264168635,0.9108374118804932,0.15630217939774496,0.2853116391997525,8.96058177947998,8.21607780456543,2.895108699798584,2.5782511234283447,1.2674657106399536,1.0927631855010986,8.020000457763672,12.030961990356445,2.6075000762939453,0.5924999713897705,1.2952381372451782,0.8183333277702332,0.9470566588287156,70.97328763820296,3.757562981477081,0.24095988273620605,0.8723849058151245,0.09042474627494812,0.03719034418463707,0.9928648471832275,0.0017655713018029928,0.005369578953832388,0.516
hyperbolic_paraboloid,baseline,42,8.430878692005404e-05,1.2164244651794434,0.18344086408615112,1.0022066831588745,0.2591798450322884,1.0245425554986731,8.867076873779297,9.68563461303711,3.466315746307373,2.4663333892822266,1.3153570890426636,0.9425926208496094,6.695000171661377,6.8179731369018555,2.124000072479248,0.847680389881134,4.207493305206299,3.170816421508789,0.7012940303314265,70.52450704885045,21.066091263425022,0.5837386846542358,0.8875066041946411,0.08034655451774597,0.032146815210580826,0.6539644598960876,0.022019343450665474,0.32401618361473083,0.02
hyperbolic_paraboloid,T,42,8.377601596438767e-06,0.005529192276299,0.00021326029673218727,0.8112915754318237,0.23316264965813538,1.1430551209755597,8.867076873779297,9.68563461303711,3.466315746307373,2.4663333892822266,1.3153570890426636,0.9425926208496094,5.755357265472412,5.536215782165527,2.6304166316986084,0.7353804111480713,4.29334831237793,3.6497116088867188,0.891536696180342,70.52450704885045,7.649321034771075,0.83963543176651,0.8875066041946411,0.08034655451774597,0.032146815210580826,0.5298817753791809,0.018153686076402664,0.4519645571708679,0.022
hyperbolic_paraboloid,T+F,42,8.792056323003618e-08,0.0025944227818399668,0.0001571444736327976,0.9511628746986389,0.20886173307517852,0.9980628629972722,8.867076873779297,9.68563461303711,3.466315746307373,2.4663333892822266,1.3153570890426636,0.9425926208496094,6.422083377838135,6.406944274902344,1.7350000143051147,0.7634285688400269,4.36010217666626,2.7047059535980225,0.8378426014130603,70.52450704885045,11.43607059966788,0.6220934391021729,0.8875066041946411,0.08034655451774597,0.032146815210580826,0.6462928652763367,0.010513602755963802,0.34319353103637695,0.014
hyperbolic_paraboloid,baseline,1042,3.436254511184212e-06,0.10182502120733261,0.011846686713397503,0.8978862762451172,0.16410647574926177,0.1595272565877994,9.427499771118164,9.3267240524292,2.521250009536743,2.5445101261138916,1.0799314975738525,0.9548134207725525,11.536250114440918,9.65999984741211,3.634999990463257,2.758636474609375,0.8987500071525574,0.9587096571922302,26.054535763585783,72.82376271630596,1970.2130928471845,0.1844388097524643,0.8804805874824524,0.0873551145195961,0.032164301723241806,0.9726999998092651,0.023258397355675697,0.004041618667542934,0.176
hyperbolic_paraboloid,T,1042,1.6233462154568724e-06,0.0017418813658878207,5.400499503593892e-05,0.8736254572868347,0.12113122274123825,0.2867864829758713,9.427499771118164,9.3267240524292,2.521250009536743,2.5445101261138916,1.0799314975738525,0.9548134207725525,8.715204238891602,9.278225898742676,4.487857341766357,3.8118181228637695,0.9537500143051147,0.7208333611488342,4.175729281007664,72.82376271630596,376.91608104393896,0.07667019218206406,0.8804805874824524,0.0873551145195961,0.032164301723241806,0.9188156723976135,0.07183145731687546,0.009352849796414375,0.112
hyperbolic_paraboloid,T+F,1042,2.0467474649339424e-08,0.0017594675300642848,7.61935007176362e-05,0.8985681533813477,0.127456120251816,0.3341507832468607,9.427499771118164,9.3267240524292,2.521250009536743,2.5445101261138916,1.0799314975738525,0.9548134207725525,10.839067459106445,8.492375373840332,4.141428470611572,4.124285697937012,0.8487499952316284,0.6796534657478333,8.267629563791681,72.82376271630596,674.9036562961875,0.08092521131038666,0.8804805874824524,0.0873551145195961,0.032164301723241806,0.9209432005882263,0.06886094063520432,0.010195879265666008,0.056
hyperbolic_paraboloid,baseline,2042,3.8202950471446885e-06,0.08505110442638397,0.006326690316200256,0.9769739508628845,0.10911394518147437,0.21735621696415544,9.131385803222656,9.68202018737793,3.2043333053588867,2.6533102989196777,1.2473880052566528,0.9004337787628174,9.363265037536621,8.765612602233887,2.5873334407806396,2.14128041267395,1.8702468872070312,1.1698734760284424,0.788903057120864,112.36287420872644,23.71945923857507,0.09922830760478973,0.8881173729896545,0.08253664523363113,0.029346007853746414,0.9365513920783997,0.03292248398065567,0.030526136979460716,0.064
hyperbolic_paraboloid,T,2042,2.4584384950165134e-06,0.002121093450114131,6.974590360186994e-05,0.9022734761238098,0.12798406898183456,0.20828558748860204,9.131385803222656,9.68202018737793,3.2043333053588867,2.6533102989196777,1.2473880052566528,0.9004337787628174,11.161710739135742,10.433874130249023,2.5371875762939453,1.555847406387329,1.430833339691162,1.0632575750350952,0.9306357079963287,112.36287420872644,7.7939712169858915,0.13528193533420563,0.8881173729896545,0.08253664523363113,0.029346007853746414,0.9557583332061768,0.01933162659406662,0.024910051375627518,0.124
hyperbolic_paraboloid,T+F,2042,9.48264062739399e-08,0.002973867580294609,0.00019204389536753297,1.0534647703170776,0.10969889720164223,0.13709326608530903,9.131385803222656,9.68202018737793,3.2043333053588867,2.6533102989196777,1.2473880052566528,0.9004337787628174,9.734700202941895,9.646793365478516,2.865333318710327,1.970846176147461,1.5379869937896729,1.0416922569274902,0.8566289317440879,112.36287420872644,16.109585307609784,0.11730217933654785,0.8881173729896545,0.08253664523363113,0.029346007853746414,0.9467684626579285,0.032122135162353516,0.021109430119395256,0.116
hyperbolic_paraboloid,baseline,3042,4.54107993305545e-06,0.07106879353523254,0.005995708052068949,0.9677754640579224,0.18055051660434768,0.19803334870722658,9.179830551147461,8.269000053405762,3.0096969604492188,2.337270736694336,1.3015151023864746,1.0086947679519653,9.320294380187988,10.032500267028809,3.0242857933044434,1.7174999713897705,1.85337495803833,1.2766071557998657,0.45760437850132535,73.28307534534241,39.7484191972712,0.14862503111362457,0.8885259032249451,0.07988253980875015,0.03159155696630478,0.9628384113311768,0.018579881638288498,0.018581697717308998,0.22
hyperbolic_paraboloid,T,3042,2.571300832804904e-06,0.0021540122106671333,7.89742189226672e-05,0.9127171635627747,0.13765084055773147,0.145446485097916,9.179830551147461,8.269000053405762,3.0096969604492188,2.337270736694336,1.3015151023864746,1.0086947679519653,8.810317039489746,10.148941040039062,2.5206756591796875,1.9445886611938477,1.5560344457626343,1.088413119316101,0.25549612435576463,73.28307534534241,54.55953361373594,0.056968532502651215,0.8885259032249451,0.07988253980875015,0.03159155696630478,0.9119011759757996,0.05139826238155365,0.036700539290905,0.192
hyperbolic_paraboloid,T+F,3042,2.2179057705940086e-08,0.0008538750698789954,4.986167550669052e-05,0.820746123790741,0.07307592946315282,0.20584428608202696,9.179830551147461,8.269000053405762,3.0096969604492188,2.337270736694336,1.3015151023864746,1.0086947679519653,10.816304206848145,10.044529914855957,2.4339654445648193,1.5930278301239014,1.6840506792068481,1.047473430633545,0.4300369762709809,73.28307534534241,41.76864321199289,0.07530012726783752,0.8885259032249451,0.07988253980875015,0.03159155696630478,0.9217681884765625,0.04223247990012169,0.03599933907389641,0.058
hyperbolic_paraboloid,baseline,4042,4.9568620042421334e-05,1.0787479877471924,0.15077075362205505,1.0003067255020142,0.13714271813801404,0.3583630249774293,9.560514450073242,8.621916770935059,3.8032431602478027,2.551159143447876,1.4095652103424072,0.973127543926239,15.04894733428955,12.730454444885254,3.509999990463257,1.8887499570846558,1.7379411458969116,0.45750001072883606,0.8889376763243805,76.52924300619867,8.499515557404584,0.20727266371250153,0.8792065978050232,0.08746746927499771,0.03332594409584999,0.9828429222106934,0.008108565583825111,0.009048514068126678,0.574
hyperbolic_paraboloid,T,4042,1.626829118630038e-06,0.0013930080458521843,8.201743185054511e-05,0.8894749283790588,0.11249423012242357,0.5442784431243727,9.560514450073242,8.621916770935059,3.8032431602478027,2.551159143447876,1.4095652103424072,0.973127543926239,15.880833625793457,14.477083206176758,2.694999933242798,4.667500019073486,1.3664286136627197,0.2199999988079071,0.7923882570352389,76.52924300619867,15.888369528290658,0.227681502699852,0.8792065978050232,0.08746746927499771,0.03332594409584999,0.9930473566055298,0.004234478808939457,0.0027181932236999273,0.348
hyperbolic_paraboloid,T+F,4042,4.815658157261607e-08,0.002438955707475543,0.00016080753994174302,1.0032306909561157,0.12041906319227696,0.4440500497447173,9.560514450073242,8.621916770935059,3.8032431602478027,2.551159143447876,1.4095652103424072,0.973127543926239,12.231976509094238,12.190384864807129,1.9325000047683716,3.5739474296569824,1.7563636302947998,1.7829310894012451,0.5501555936167061,76.52924300619867,34.42625189108629,0.17525266110897064,0.8792065978050232,0.08746746927499771,0.03332594409584999,0.9668329358100891,0.022676294669508934,0.01049079466611147,0.376
hyperbolic_paraboloid,baseline,5042,4.409686419000821e-06,0.09245900809764862,0.009076308459043503,1.0195032358169556,0.3719378000013641,1.9388856625154383,10.134246826171875,9.556294441223145,3.373500108718872,2.1138248443603516,1.2424242496490479,0.8923651576042175,5.510555744171143,7.00887393951416,3.805000066757202,1.603148102760315,7.736495494842529,5.634453296661377,0.09017122984257352,74.63808791311229,67.90787973288883,1.3606946468353271,0.8926292657852173,0.07729344069957733,0.030077297240495682,0.2614644467830658,0.02811097726225853,0.7104246020317078,0.046
hyperbolic_paraboloid,T,5042,4.003805557812624e-06,0.003245298285037279,0.00010675917292246595,0.8567948341369629,0.3065158211948133,0.8710334248234877,10.134246826171875,9.556294441223145,3.373500108718872,2.1138248443603516,1.2424242496490479,0.8923651576042175,7.62928581237793,7.909921169281006,5.12375020980835,1.1009259223937988,4.576863765716553,1.8962068557739258,0.6540340199778919,74.63808791311229,25.82223923183615,0.5213231444358826,0.8926292657852173,0.07729344069957733,0.030077297240495682,0.6957687139511108,0.01349242776632309,0.29073888063430786,0.232
hyperbolic_paraboloid,T+F,5042,5.664844763093392e-08,0.0023420145735144615,0.00013007450615987182,0.9026813507080078,0.3117845680906775,1.1640780849368293,10.134246826171875,9.556294441223145,3.373500108718872,2.1138248443603516,1.2424242496490479,0.8923651576042175,12.465999603271484,8.082413673400879,1.8799999952316284,0.9403125047683716,4.5465922355651855,3.518437385559082,0.5981721730330745,74.63808791311229,29.99166067509226,0.4677279591560364,0.8926292657852173,0.07729344069957733,0.030077297240495682,0.727680504322052,0.008378219790756702,0.26394128799438477,0.31
hyperbolic_paraboloid,baseline,6042,3.0438920172552266e-06,0.09549713134765625,0.00782056525349617,1.0401439666748047,0.18042039363732304,0.23505180780770307,9.02345085144043,9.6360445022583,3.280714273452759,2.4437499046325684,1.2897499799728394,0.9941935539245605,8.515314102172852,8.589356422424316,4.256049156188965,3.4591472148895264,1.6137499809265137,1.2739228010177612,2.075005024414559,42.78646606105359,131.56859811468277,0.34908542037010193,0.8830900192260742,0.08383290469646454,0.03307707607746124,0.7085472941398621,0.21929854154586792,0.07215414941310883,0.116
hyperbolic_paraboloid,T,6042,2.965362353333786e-06,0.0026174597442150116,9.430019417777658e-05,0.8648706078529358,0.14715585923320212,0.16755208433808821,9.02345085144043,9.6360445022583,3.280714273452759,2.4437499046325684,1.2897499799728394,0.9941935539245605,9.781562805175781,8.61618423461914,3.112499952316284,2.299346446990967,1.9118750095367432,1.2156333923339844,0.09560736155563393,42.78646606105359,46.8771671914406,0.06042396277189255,0.8830900192260742,0.08383290469646454,0.03307707607746124,0.9133020043373108,0.05495953932404518,0.031738463789224625,0.134
hyperbolic_paraboloid,T+F,6042,1.0835847477671871e-07,0.003270586719736457,0.00020828284323215485,0.9716286659240723,0.15796950207086943,0.20424227987454277,9.02345085144043,9.6360445022583,3.280714273452759,2.4437499046325684,1.2897499799728394,0.9941935539245605,9.110087394714355,9.504230499267578,3.997631549835205,3.060285806655884,1.90666663646698,1.245759129524231,3.9268267433556123,42.78646606105359,210.8015052432761,0.0680062472820282,0.8830900192260742,0.08383290469646454,0.03307707607746124,0.8490868806838989,0.1086345911026001,0.04227850213646889,0.062
hyperbolic_paraboloid,baseline,7042,5.2845044135676686e-06,0.12440761178731918,0.00728205731138587,1.030064344406128,0.10670429159720159,0.7921055204167166,8.5279541015625,9.153287887573242,2.956406354904175,2.364957332611084,1.3208904266357422,1.0391700267791748,10.260309219360352,9.883333206176758,6.970624923706055,8.604999542236328,1.8116666078567505,1.1449999809265137,2.6125614795941177,62.059654333671496,224.1943166827478,0.15258750319480896,0.8786863088607788,0.08763419836759567,0.03367947041988373,0.829575777053833,0.16392797231674194,0.006496258080005646,0.038
hyperbolic_paraboloid,T,7042,2.8912932496165753e-06,0.002958688884973526,0.00011896033538505435,0.8609025478363037,0.3142916303780692,0.8949453612044099,8.5279541015625,9.153287887573242,2.956406354904175,2.364957332611084,1.3208904266357422,1.0391700267791748,6.791999816894531,7.230747222900391,8.35053539276123,7.139068603515625,2.477916717529297,0.7930061221122742,0.8440544476137821,62.059654333671496,9.677927075962135,1.2785670757293701,0.8786863088607788,0.08763419836759567,0.03367947041988373,0.24503013491630554,0.7269177436828613,0.02805211953818798,0.008
hyperbolic_paraboloid,T+F,7042,4.742258314949122e-08,0.001189328613691032,6.785088771721348e-05,0.9484951496124268,0.3121452786416226,1.0164396079290463,8.5279541015625,9.153287887573242,2.956406354904175,2.364957332611084,1.3208904266357422,1.0391700267791748,7.896693706512451,7.913275718688965,9.631667137145996,8.212499618530273,,1.1869696378707886,0.5954198525760801,62.059654333671496,25.108104099394325,0.9857330322265625,0.8786863088607788,0.08763419836759567,0.03367947041988373,0.41129451990127563,0.5805007219314575,0.008204773999750614,0.012
hyperbolic_paraboloid,baseline,8042,2.544094108749385e-06,0.07339410483837128,0.01192748174071312,1.1269638538360596,0.11928627991358665,0.1514961968754548,8.924253463745117,9.244583129882812,3.7356250286102295,2.3248510360717773,1.3418182134628296,0.8811328411102295,8.273518562316895,8.550650596618652,3.4889166355133057,2.315138816833496,1.7122387886047363,1.2465541362762451,0.014980784577281626,85.56574776269454,84.2839057282676,0.3693842887878418,0.8859207630157471,0.08287538588047028,0.03120383620262146,0.7012286186218262,0.19392164051532745,0.10484974086284637,0.008
hyperbolic_paraboloid,T,8042,6.185042375318743e-06,0.003439771942794323,0.0001418684551026672,0.8688833713531494,0.15143568731050422,0.26309630658675537,8.924253463745117,9.244583129882812,3.7356250286102295,2.3248510360717773,1.3418182134628296,0.8811328411102295,8.760461807250977,7.3761067390441895,3.2160890102386475,2.1497461795806885,2.13510799407959,1.3679662942886353,0.6936321084244169,85.56574776269454,26.214597733144892,0.4905621111392975,0.8859207630157471,0.08287538588047028,0.03120383620262146,0.6406397223472595,0.20539069175720215,0.15396958589553833,0.006
hyperbolic_paraboloid,T+F,8042,7.16204362902883e-08,0.002606263617053628,0.00019668109598569572,0.9933974742889404,0.21970564787615074,0.2511671333795964,8.924253463745117,9.244583129882812,3.7356250286102295,2.3248510360717773,1.3418182134628296,0.8811328411102295,6.813096046447754,6.319061756134033,3.8167240619659424,2.5910823345184326,1.9293286800384521,1.2158833742141724,0.4891468860309698,85.56574776269454,43.71152869366109,0.6358686089515686,0.8859207630157471,0.08287538588047028,0.03120383620262146,0.5679864883422852,0.29407399892807007,0.13793952763080597,0.0
hyperbolic_paraboloid,baseline,9042,4.024744967452774e-06,0.08656248450279236,0.007050803862512112,0.9629811644554138,0.15289440464187912,0.34249868079631024,8.96058177947998,8.21607780456543,2.895108699798584,2.5782511234283447,1.2674657106399536,1.0927631855010986,12.143047332763672,12.094152450561523,4.984749794006348,3.6037962436676025,1.1575000286102295,1.1162657737731934,0.052213753964688914,70.97328763820296,67.26750585939673,0.07824024558067322,0.8723849058151245,0.09042474627494812,0.03719034418463707,0.9115050435066223,0.0692688524723053,0.019226128235459328,0.146
hyperbolic_paraboloid,T,9042,6.169181511695705e-06,0.006305275950580835,0.00012671988224610686,0.8102434277534485,0.1715117649458238,0.3103568877273176,8.96058177947998,8.21607780456543,2.895108699798584,2.5782511234283447,1.2674657106399536,1.0927631855010986,15.668571472167969,11.737187385559082,3.688076972961426,2.3334782123565674,1.6585185527801514,1.0844594240188599,0.658998624657303,70.97328763820296,24.201988697220045,0.17023634910583496,0.8723849058151245,0.09042474627494812,0.03719034418463707,0.957503080368042,0.024049900472164154,0.01844700798392296,0.5
hyperbolic_paraboloid,T+F,9042,4.3866305020684146e-08,0.0020870137959718704,0.00011806820111814886,0.8089426159858704,0.13455285212351364,0.4858718116171497,8.96058177947998,8.21607780456543,2.895108699798584,2.5782511234283447,1.2674657106399536,1.0927631855010986,15.102499961853027,12.072500228881836,2.244999885559082,0.9024999737739563,0.9481250047683716,0.4000000059604645,0.9263450387488623,70.97328763820296,5.227534750857691,0.2509145438671112,0.8723849058151245,0.09042474627494812,0.03719034418463707,0.9978421926498413,0.0006815654342062771,0.0014762652572244406,0.198
quartic_dome,baseline,42,2.4293335061983683e-06,0.045517098158597946,0.005502778105437756,1.0655564069747925,0.2937210507027295,1.389038841583634,8.867076873779297,9.68563461303711,3.466315746307373,2.4663333892822266,1.3153570890426636,0.9425926208496094,4.635000228881836,4.522594451904297,1.2913635969161987,0.7801449298858643,4.530948638916016,4.3058600425720215,0.8888771114987559,70.52450704885045,7.836886933394612,1.0144129991531372,0.8875066041946411,0.08034655451774597,0.032146815210580826,0.4349365532398224,0.025710124522447586,0.5393533110618591,0.004
quartic_dome,T,42,5.137037476571045e-06,0.006064907647669315,0.00019508191326167434,0.824690043926239,0.22959497339772414,1.117112877231561,8.867076873779297,9.68563461303711,3.466315746307373,2.4663333892822266,1.3153570890426636,0.9425926208496094,7.933000087738037,5.5915045738220215,2.513333320617676,0.9106382727622986,4.5174407958984375,3.61441969871521,0.8564761127298618,70.52450704885045,10.121951399461283,0.8531392812728882,0.8875066041946411,0.08034655451774597,0.032146815210580826,0.5207143425941467,0.020569203421473503,0.4587164521217346,0.02
quartic_dome,T+F,42,1.0959745995209215e-07,0.0037881277967244387,0.00019253886421211064,1.015153169631958,0.2341081921501044,1.016462682377088,8.867076873779297,9.68563461303711,3.466315746307373,2.4663333892822266,1.3153570890426636,0.9425926208496094,5.9239583015441895,5.474522113800049,2.3318750858306885,0.6324999928474426,4.113828182220459,2.9538235664367676,0.8602560460582593,70.52450704885045,9.855373464798523,0.7880682945251465,0.8875066041946411,0.08034655451774597,0.032146815210580826,0.55959552526474,0.014223472215235233,0.42618098855018616,0.008
quartic_dome,baseline,1042,5.456870908279027e-06,0.17559364438056946,0.014848989434540272,0.8652540445327759,0.16248091292157207,0.3770807789098443,9.427499771118164,9.3267240524292,2.521250009536743,2.5445101261138916,1.0799314975738525,0.9548134207725525,12.836333274841309,8.620624542236328,4.809999942779541,3.705277681350708,1.3583333492279053,0.7605769038200378,9.829894504135158,72.82376271630596,788.6736676117648,0.1996694654226303,0.8804805874824524,0.0873551145195961,0.032164301723241806,0.9803153276443481,0.017059048637747765,0.0026256453711539507,0.074
quartic_dome,T,1042,2.409945432078186e-06,0.004506618715822697,0.0001239618577528745,0.7475254535675049,0.0920143920276889,0.37736950176537093,9.427499771118164,9.3267240524292,2.521250009536743,2.5445101261138916,1.0799314975738525,0.9548134207725525,8.73069953918457,10.274210929870605,5.692142963409424,4.052704811096191,1.0608333349227905,0.7441428303718567,3.401513728004076,72.82376271630596,320.5347913207321,0.11191393435001373,0.8804805874824524,0.0873551145195961,0.032164301723241806,0.9364375472068787,0.0576467402279377,0.005915698129683733,0.022
quartic_dome,T+F,1042,3.6585553328707044e-08,0.002925944747403264,0.00013173616025596857,0.9555798768997192,0.09503350620671064,0.49369976643842683,9.427499771118164,9.3267240524292,2.521250009536743,2.5445101261138916,1.0799314975738525,0.9548134207725525,9.982315063476562,9.78531265258789,6.025000095367432,5.439629554748535,1.0138888359069824,0.7012666463851929,5.561254979483154,72.82376271630596,477.8152757470622,0.08542834967374802,0.8804805874824524,0.0873551145195961,0.032164301723241806,0.9231947660446167,0.069363072514534,0.0074421740137040615,0.02
quartic_dome,baseline,2042,1.9313921614443485e-06,0.0591508224606514,0.003939732909202576,1.0273669958114624,0.14999294900216542,0.13520830524554922,9.131385803222656,9.68202018737793,3.2043333053588867,2.6533102989196777,1.2473880052566528,0.9004337787628174,8.909605026245117,9.425138473510742,3.098442554473877,2.0974175930023193,1.751867413520813,0.79828280210495,0.8426995221890152,112.36287420872644,17.674733801248255,0.046854838728904724,0.8881173729896545,0.08253664523363113,0.029346007853746414,0.9086042642593384,0.059109222143888474,0.03228653222322464,0.04
quartic_dome,T,2042,2.5075897968267624e-06,0.0029668775387108326,0.00010110705625265837,0.822688639163971,0.14527722166322488,0.24094462864412355,9.131385803222656,9.68202018737793,3.2043333053588867,2.6533102989196777,1.2473880052566528,0.9004337787628174,10.684318542480469,10.472558975219727,2.1009089946746826,1.468400001525879,1.4604787826538086,1.1095061302185059,0.9181310731416559,112.36287420872644,9.199027930187542,0.11618748307228088,0.8881173729896545,0.08253664523363113,0.029346007853746414,0.9462110996246338,0.024735111743211746,0.029053783044219017,0.102
quartic_dome,T+F,2042,1.1485699089000752e-07,0.0035851886495947838,0.00018453685333952308,1.0482741594314575,0.1466623885802357,0.18596600003722874,9.131385803222656,9.68202018737793,3.2043333053588867,2.6533102989196777,1.2473880052566528,0.9004337787628174,9.477100372314453,8.553980827331543,3.0288751125335693,1.7328472137451172,1.6169277429580688,1.13770592212677,0.8469093787571537,112.36287420872644,17.20170221724572,0.08708545565605164,0.8881173729896545,0.08253664523363113,0.029346007853746414,0.9289699196815491,0.038993917405605316,0.0320361889898777,0.156
quartic_dome,baseline,3042,2.1223355876976875e-06,0.038075391203165054,0.003190179355442524,1.0621604919433594,0.16365937688264867,0.13995012896485404,9.179830551147461,8.269000053405762,3.0096969604492188,2.337270736694336,1.3015151023864746,1.0086947679519653,9.902363777160645,7.89308500289917,3.0631818771362305,2.964521646499634,1.0855882167816162,0.7429166436195374,0.35477700196617407,73.28307534534241,99.28222511122424,0.07325563579797745,0.8885259032249451,0.07988253980875015,0.03159155696630478,0.9251537322998047,0.059686046093702316,0.015160243958234787,0.074
quartic_dome,T,3042,2.108981852554044e-06,0.002250723075121641,7.913396984804422e-05,0.8467795848846436,0.14183635067597233,0.16108910301449683,9.179830551147461,8.269000053405762,3.0096969604492188,2.337270736694336,1.3015151023864746,1.0086947679519653,9.806111335754395,11.240592956542969,2.3769643306732178,2.2521276473999023,1.4955952167510986,1.1531068086624146,0.5609371377102818,73.28307534534241,32.17587681851912,0.12451764941215515,0.8885259032249451,0.07988253980875015,0.03159155696630478,0.9507847428321838,0.02931961789727211,0.01989566534757614,0.124
quartic_dome,T+F,3042,8.383249766679843e-08,0.003020395990461111,0.00016381204477511346,1.029902696609497,0.09590072225113742,0.18567325855694608,9.179830551147461,8.269000053405762,3.0096969604492188,2.337270736694336,1.3015151023864746,1.0086947679519653,9.628841400146484,9.187516212463379,2.6261701583862305,1.5720350742340088,1.6972272396087646,1.2055634260177612,0.49892508365986404,73.28307534534241,36.72031084781533,0.05221876502037048,0.8885259032249451,0.07988253980875015,0.03159155696630478,0.8748221397399902,0.06747690588235855,0.05770092457532883,0.042
quartic_dome,baseline,4042,2.425973678925144e-06,0.06102938950061798,0.00755586102604866,1.0415619611740112,0.13559148049021258,0.5579508550631666,9.560514450073242,8.621916770935059,3.8032431602478027,2.551159143447876,1.4095652103424072,0.973127543926239,18.149999618530273,12.935500144958496,2.132499933242798,0.8224999904632568,1.962499976158142,1.401111125946045,0.037950828201741685,76.52924300619867,73.62489485246108,0.21403014659881592,0.8792065978050232,0.08746746927499771,0.03332594409584999,0.9862216711044312,0.006031773518770933,0.007746558636426926,0.47
quartic_dome,T,4042,4.019077105067707e-06,0.003822993254289031,0.00017004471737891436,0.7389170527458191,0.15489066143760852,0.5455670277416494,9.560514450073242,8.621916770935059,3.8032431602478027,2.551159143447876,1.4095652103424072,0.973127543926239,12.473999977111816,14.47700023651123,2.231428623199463,1.556666612625122,1.5816667079925537,2.300833225250244,0.8885915595912001,76.52924300619867,8.526003608986654,0.20913077890872955,0.8792065978050232,0.08746746927499771,0.03332594409584999,0.9837719798088074,0.008807582780718803,0.0074204448610544205,0.604
quartic_dome,T+F,4042,4.9209079610482694e-08,0.0024071100633591413,0.0001707505580270663,1.0065152645111084,0.11046561337864597,0.5636234879525311,9.560514450073242,8.621916770935059,3.8032431602478027,2.551159143447876,1.4095652103424072,0.973127543926239,13.35628604888916,11.283166885375977,1.4930000305175781,2.863333225250244,0.8324999809265137,2.468684196472168,1.8083850179310588,76.52924300619867,214.9235794922136,0.19394221901893616,0.8792065978050232,0.08746746927499771,0.03332594409584999,0.9761776924133301,0.017328813672065735,0.006493478547781706,0.34
quartic_dome,baseline,5042,4.969525095353376e-06,0.09413546323776245,0.007199532818049192,0.9177679419517517,0.3712297628005337,1.58227429042105,10.134246826171875,9.556294441223145,3.373500108718872,2.1138248443603516,1.2424242496490479,0.8923651576042175,5.209285736083984,8.959336280822754,2.2100000381469727,1.5723077058792114,7.2896342277526855,3.994999885559082,0.4712473250919919,74.63808791311229,39.46508863407719,0.8317968845367432,0.8926292657852173,0.07729344069957733,0.030077297240495682,0.5274298191070557,0.026594456285238266,0.44597575068473816,0.126
quartic_dome,T,5042,2.4396018009280682e-06,0.0031525488011538982,0.00013318538549356163,0.7581957578659058,0.2660927771272195,0.8716231444962567,10.134246826171875,9.556294441223145,3.373500108718872,2.1138248443603516,1.2424242496490479,0.8923651576042175,8.694167137145996,8.092022895812988,2.0466666221618652,0.9644444584846497,3.7798361778259277,2.63698410987854,0.7313333261408285,74.63808791311229,20.052766822824314,0.40380483865737915,0.8926292657852173,0.07729344069957733,0.030077297240495682,0.7472246885299683,0.020795606076717377,0.23197972774505615,0.174
quartic_dome,T+F,5042,8.555937923875577e-08,0.003274790244176984,0.000189058409887366,0.9311732053756714,0.33519795405075314,1.0311550135456056,10.134246826171875,9.556294441223145,3.373500108718872,2.1138248443603516,1.2424242496490479,0.8923651576042175,8.812856674194336,8.291396141052246,4.266250133514404,0.8723809719085693,5.809680938720703,2.1382501125335693,0.5948952819737953,74.63808791311229,30.236241558056438,0.5558401346206665,0.8926292657852173,0.07729344069957733,0.030077297240495682,0.6753238439559937,0.016678757965564728,0.30799737572669983,0.308
quartic_dome,baseline,6042,3.57678720718296e-06,0.08213099092245102,0.006883635651320219,1.019374966621399,0.20872505370146358,0.2898052138245199,9.02345085144043,9.6360445022583,3.280714273452759,2.4437499046325684,1.2897499799728394,0.9941935539245605,7.879895210266113,6.17022705078125,4.955873012542725,3.916762351989746,1.2416666746139526,1.0953738689422607,1.2367199289781825,42.78646606105359,95.7013413293072,0.729884147644043,0.8830900192260742,0.08383290469646454,0.03307707607746124,0.5181479454040527,0.39884355664253235,0.08300850540399551,0.02
quartic_dome,T,6042,2.724391904043321e-06,0.0030863555148243904,0.00010359953012084588,0.7756025791168213,0.1289376496884119,0.24887987839773748,9.02345085144043,9.6360445022583,3.280714273452759,2.4437499046325684,1.2897499799728394,0.9941935539245605,9.624625205993652,8.09857177734375,4.2252631187438965,3.661808490753174,1.733214259147644,1.1303147077560425,4.8562463967086495,42.78646606105359,250.568087697942,0.043942391872406006,0.8830900192260742,0.08383290469646454,0.03307707607746124,0.8676296472549438,0.10580410063266754,0.02656625397503376,0.042
quartic_dome,T+F,6042,1.4779232795679227e-07,0.0036736459005624056,0.00020647383644245565,1.0517573356628418,0.06564258339876851,0.18373304598011897,9.02345085144043,9.6360445022583,3.280714273452759,2.4437499046325684,1.2897499799728394,0.9941935539245605,9.316193580627441,9.878478050231934,4.041805744171143,3.989449977874756,1.3799999952316284,1.1038738489151,9.416555160755783,42.78646606105359,445.6875838587699,0.07503888010978699,0.8830900192260742,0.08383290469646454,0.03307707607746124,0.9206094741821289,0.06304139643907547,0.016349155455827713,0.026
quartic_dome,baseline,7042,2.956254736738122e-06,0.06558948755264282,0.0039211115799844265,1.0739991664886475,0.21384375819242873,0.6911650777968794,8.5279541015625,9.153287887573242,2.956406354904175,2.364957332611084,1.3208904266357422,1.0391700267791748,8.321577072143555,8.81382942199707,8.613823890686035,7.168720722198486,1.152500033378601,1.053076982498169,0.4663654455537125,62.059654333671496,33.1171759894394,0.6873060464859009,0.8786863088607788,0.08763419836759567,0.03367947041988373,0.5523262619972229,0.4312872290611267,0.01638648845255375,0.0
quartic_dome,T,7042,3.365232187568845e-06,0.004244753625243902,0.00015192283899523318,0.8062174916267395,0.18539059773608496,0.5130270998739136,8.5279541015625,9.153287887573242,2.956406354904175,2.364957332611084,1.3208904266357422,1.0391700267791748,9.46667766571045,9.32357120513916,6.62060022354126,6.0459208488464355,1.40666663646698,1.1313194036483765,1.3522424001298237,62.059654333671496,145.97935026106265,0.2507753372192383,0.8786863088607788,0.08763419836759567,0.03367947041988373,0.7743442058563232,0.2130218744277954,0.012633904814720154,0.01
quartic_dome,T+F,7042,1.626914620181703e-07,0.0043328143656253815,0.00018556939903646708,1.0973557233810425,0.5094059271287511,0.8524105794313916,8.5279541015625,9.153287887573242,2.956406354904175,2.364957332611084,1.3208904266357422,1.0391700267791748,5.097362995147705,4.1236958503723145,8.272273063659668,7.570530414581299,1.4199999570846558,1.1310937404632568,0.9551758332512581,62.059654333671496,2.7817722942217724,1.5577083826065063,0.8786863088607788,0.08763419836759567,0.03367947041988373,0.10706821084022522,0.8664883971214294,0.026443390175700188,0.006
quartic_dome,baseline,8042,3.895845115926135e-06,0.0707407295703888,0.009142326191067696,0.9745336174964905,0.12213298976848486,0.2377155411326782,8.924253463745117,9.244583129882812,3.7356250286102295,2.3248510360717773,1.3418182134628296,0.8811328411102295,7.631345272064209,7.513551235198975,2.825873851776123,2.284705400466919,1.846648931503296,1.2839325666427612,0.4148764591274177,85.56574776269454,50.066533308318064,0.35049623250961304,0.8859207630157471,0.08287538588047028,0.03120383620262146,0.7106726765632629,0.17279697954654694,0.11653037369251251,0.01
quartic_dome,T,8042,3.96714197119596e-06,0.0035729119554162025,0.00017129801562987268,0.8400083780288696,0.13718369341806763,0.22332625062012876,8.924253463745117,9.244583129882812,3.7356250286102295,2.3248510360717773,1.3418182134628296,0.8811328411102295,8.821401596069336,7.2926106452941895,3.4200000762939453,1.955652117729187,2.0187671184539795,1.2067005634307861,0.25326637165961596,85.56574776269454,63.894821288494995,0.48243963718414307,0.8859207630157471,0.08287538588047028,0.03120383620262146,0.6447009444236755,0.21647289395332336,0.1388261765241623,0.046
quartic_dome,T+F,8042,8.628075785728736e-08,0.003271591616794467,0.00022919444018043578,0.9917068481445312,0.19591443012712814,0.19178666135049302,8.924253463745117,9.244583129882812,3.7356250286102295,2.3248510360717773,1.3418182134628296,0.8811328411102295,6.998794078826904,6.998486042022705,3.1193268299102783,2.2229044437408447,1.7549642324447632,1.0355699062347412,0.15476413836704941,85.56574776269454,72.32323853646884,0.6314542293548584,0.8859207630157471,0.08287538588047028,0.03120383620262146,0.5701936483383179,0.2860577702522278,0.14374858140945435,0.004
quartic_dome,baseline,9042,2.299526078506044e-06,0.06788580119609833,0.005831413436681032,0.9623518586158752,0.15601852972070646,0.43702776116829195,8.96058177947998,8.21607780456543,2.895108699798584,2.5782511234283447,1.2674657106399536,1.0927631855010986,14.917142868041992,14.790200233459473,2.4375,0.7250000238418579,1.3731818199157715,0.8774999976158142,0.8987221713101841,70.97328763820296,7.188020466974956,0.23650811612606049,0.8723849058151245,0.09042474627494812,0.03719034418463707,0.9906389713287354,0.0028864049818366766,0.006474629510194063,0.43
quartic_dome,T,9042,4.051074811920005e-06,0.006241123657673597,0.0001453309232601896,0.788993775844574,0.13861185757638395,0.33645375628047763,8.96058177947998,8.21607780456543,2.895108699798584,2.5782511234283447,1.2674657106399536,1.0927631855010986,14.756667137145996,12.311216354370117,2.261666774749756,1.4681249856948853,1.5187499523162842,1.0645455121994019,0.8984766456196209,70.97328763820296,7.205446232433859,0.23185409605503082,0.8723849058151245,0.09042474627494812,0.03719034418463707,0.9883119463920593,0.004407383035868406,0.007280662655830383,0.45
quartic_dome,T+F,9042,6.972075977469262e-08,0.0034762711729854345,0.00015627365792170167,0.8949070572853088,0.13266138163459743,0.409575302719326,8.96058177947998,8.21607780456543,2.895108699798584,2.5782511234283447,1.2674657106399536,1.0927631855010986,12.401666641235352,11.153783798217773,1.350000023841858,1.006250023841858,1.562999963760376,0.722000002861023,0.9281326130786302,70.97328763820296,5.1006647237764025,0.2347913682460785,0.8723849058151245,0.09042474627494812,0.03719034418463707,0.989780604839325,0.002645156579092145,0.007574249058961868,0.542
sinusoidal,baseline,42,3.468853639281211e-05,0.4263036847114563,0.05246921628713608,1.0140140056610107,0.338293140369796,1.3201112748670347,8.867076873779297,9.68563461303711,3.466315746307373,2.4663333892822266,1.3153570890426636,0.9425926208496094,4.556451797485352,5.1435394287109375,3.6029999256134033,1.0000678300857544,5.19834566116333,4.128170967102051,0.8337134715347735,70.52450704885045,11.72727544887474,1.0769764184951782,0.8875066041946411,0.08034655451774597,0.032146815210580826,0.38561028242111206,0.04375467076897621,0.5706350207328796,0.016
sinusoidal,T,42,1.323037399720419e-06,0.0012293977197259665,8.520010305801407e-05,0.8453688621520996,0.29949442880413024,1.394644481228207,8.867076873779297,9.68563461303711,3.466315746307373,2.4663333892822266,1.3153570890426636,0.9425926208496094,5.600714206695557,4.874980449676514,1.534999966621399,0.8197008371353149,4.925951957702637,4.272822380065918,0.9059114309062412,70.52450704885045,6.635549954269045,1.0412636995315552,0.8875066041946411,0.08034655451774597,0.032146815210580826,0.42389586567878723,0.023325467482209206,0.5527786612510681,0.008
sinusoidal,T+F,42,8.821865124975457e-08,0.002087706234306097,0.00021098810248076916,1.192008376121521,0.29760746473479494,1.211414306414749,8.867076873779297,9.68563461303711,3.466315746307373,2.4663333892822266,1.3153570890426636,0.9425926208496094,6.664999961853027,4.876285076141357,1.9199999570846558,0.7558823823928833,4.720008373260498,3.577699899673462,0.9044194272622849,70.52450704885045,6.740772775774155,0.9845268130302429,0.8875066041946411,0.08034655451774597,0.032146815210580826,0.4622538685798645,0.01333591528236866,0.5244102478027344,0.004
sinusoidal,baseline,1042,3.316982959707578e-05,0.5216435194015503,0.07419200986623764,0.9537681341171265,0.2189697047861023,0.49576874614628536,9.427499771118164,9.3267240524292,2.521250009536743,2.5445101261138916,1.0799314975738525,0.9548134207725525,9.207857131958008,8.534000396728516,5.885000228881836,5.538333415985107,1.3866666555404663,0.8865000009536743,3.0411089410380643,72.82376271630596,294.28875863289846,0.10260865837335587,0.8804805874824524,0.0873551145195961,0.032164301723241806,0.9317849278450012,0.06156759336590767,0.00664750300347805,0.534
sinusoidal,T,1042,1.4817417455623992e-06,0.0015641771024093032,7.49708415241912e-05,0.8258033990859985,0.11475976377182978,0.3154950024482471,9.427499771118164,9.3267240524292,2.521250009536743,2.5445101261138916,1.0799314975738525,0.9548134207725525,8.871648788452148,9.374492645263672,4.847285747528076,4.265254020690918,1.1502000093460083,0.7972784638404846,2.4565037857712793,72.82376271630596,251.7156115230209,0.09499658644199371,0.8804805874824524,0.0873551145195961,0.032164301723241806,0.8479001522064209,0.13485339283943176,0.01724642887711525,0.042
sinusoidal,T+F,1042,4.231133604675893e-08,0.002541756257414818,0.00017498907982371747,1.3199383020401,0.1589618526317472,0.3894741037740208,9.427499771118164,9.3267240524292,2.521250009536743,2.5445101261138916,1.0799314975738525,0.9548134207725525,8.95409107208252,8.730388641357422,5.263035774230957,4.205040454864502,1.342972993850708,0.726561427116394,1.4406560834691464,72.82376271630596,177.73775949466577,0.36827191710472107,0.8804805874824524,0.0873551145195961,0.032164301723241806,0.6963446140289307,0.26808011531829834,0.03557524457573891,0.044
sinusoidal,baseline,2042,4.50728560765436e-06,0.08551684021949768,0.007386401761323214,1.0570932626724243,0.13404200701818078,0.12591926623018015,9.131385803222656,9.68202018737793,3.2043333053588867,2.6533102989196777,1.2473880052566528,0.9004337787628174,7.716097354888916,9.790229797363281,2.629166603088379,2.2782857418060303,1.5799285173416138,0.9021621346473694,0.9238526247491395,112.36287420872644,8.556137946637127,0.1326366662979126,0.8881173729896545,0.08253664523363113,0.029346007853746414,0.9544357061386108,0.02240942418575287,0.02315489947795868,0.08
sinusoidal,T,2042,1.215748517862081e-06,0.0013713054358959198,7.234496297314763e-05,0.8364545106887817,0.11344791858423127,0.1876490807958202,9.131385803222656,9.68202018737793,3.2043333053588867,2.6533102989196777,1.2473880052566528,0.9004337787628174,8.989500045776367,8.95910358428955,2.5690624713897705,1.9089516401290894,1.5032142400741577,1.2172131538391113,0.9272205495080157,112.36287420872644,8.17770824061107,0.1307799071073532,0.8881173729896545,0.08253664523363113,0.029346007853746414,0.9535073041915894,0.024321086704730988,0.022171592339873314,0.064
sinusoidal,T+F,2042,8.3590092442105e-08,0.00246816361322999,0.00017915148055180907,1.2710283994674683,0.1589100334444756,0.16340907324998696,9.131385803222656,9.68202018737793,3.2043333053588867,2.6533102989196777,1.2473880052566528,0.9004337787628174,8.784117698669434,9.168815612792969,2.680568218231201,1.898560643196106,1.5871264934539795,1.0527397394180298,0.9168355314545543,112.36287420872644,9.344598717807493,0.08712635934352875,0.8881173729896545,0.08253664523363113,0.029346007853746414,0.9255209565162659,0.03897343948483467,0.03550558164715767,0.208
sinusoidal,baseline,3042,3.871472033472797e-06,0.0435175783932209,0.0045629944652318954,1.0761730670928955,0.22671602874531882,0.228697222515421,9.179830551147461,8.269000053405762,3.0096969604492188,2.337270736694336,1.3015151023864746,1.0086947679519653,9.644881248474121,10.456584930419922,5.298947334289551,2.936363697052002,1.314062476158142,0.9780468940734863,0.4691027114941909,73.28307534534241,107.66036469647563,0.018961746245622635,0.8885259032249451,0.07988253980875015,0.03159155696630478,0.8857306241989136,0.08936341851949692,0.024905968457460403,0.57
sinusoidal,T,3042,1.8094918535401423e-06,0.0018718075007200241,0.0001255703391507268,0.8553552627563477,0.14410965584218116,0.16888167029086107,9.179830551147461,8.269000053405762,3.0096969604492188,2.337270736694336,1.3015151023864746,1.0086947679519653,9.66839599609375,11.022500038146973,2.2908928394317627,2.226869583129883,1.6108139753341675,1.1129615306854248,0.624756778082738,73.28307534534241,27.498977304591754,0.07841680943965912,0.8885259032249451,0.07988253980875015,0.03159155696630478,0.9277343153953552,0.044077418744564056,0.028188278898596764,0.216
sinusoidal,T+F,3042,6.605691692921615e-08,0.0022855824790894985,0.00015899070422165096,1.03317129611969,0.1412642340113246,0.11100328295509883,9.179830551147461,8.269000053405762,3.0096969604492188,2.337270736694336,1.3015151023864746,1.0086947679519653,9.576169967651367,9.277453422546387,2.778787851333618,1.8497650623321533,1.5206060409545898,1.0563583374023438,0.4612540925429909,73.28307534534241,39.48095692816687,0.06703264266252518,0.8885259032249451,0.07988253980875015,0.03159155696630478,0.9220399856567383,0.04636620730161667,0.03159378468990326,0.066
sinusoidal,baseline,4042,2.096986006574696e-06,0.04404839500784874,0.007871124893426895,1.0090659856796265,0.14349289499697124,0.43979153705528407,9.560514450073242,8.621916770935059,3.8032431602478027,2.551159143447876,1.4095652103424072,0.973127543926239,9.949776649475098,9.346911430358887,5.374166488647461,4.275405406951904,1.9950000047683716,1.9556944370269775,0.20353035912268724,76.52924300619867,92.10526731863769,0.04299292713403702,0.8792065978050232,0.08746746927499771,0.03332594409584999,0.8577101230621338,0.1032048687338829,0.03908499702811241,0.034
sinusoidal,T,4042,2.2010345171803413e-06,0.0017795163439586759,0.00013152637984603643,0.7779059410095215,0.15124632034870006,0.46932395900125273,9.560514450073242,8.621916770935059,3.8032431602478027,2.551159143447876,1.4095652103424072,0.973127543926239,12.563043594360352,13.837082862854004,3.112222194671631,4.617142677307129,1.399999976158142,1.8476922512054443,0.6144304163367725,76.52924300619867,29.507348363961977,0.1917257308959961,0.8792065978050232,0.08746746927499771,0.03332594409584999,0.9750694632530212,0.01611616089940071,0.008814375847578049,0.596
sinusoidal,T+F,4042,5.577845938807233e-08,0.002089484827592969,0.00016714251250959933,1.2054283618927002,0.15276617553274635,0.39050325392104,9.560514450073242,8.621916770935059,3.8032431602478027,2.551159143447876,1.4095652103424072,0.973127543926239,10.33323860168457,9.418889045715332,4.931666851043701,5.060999870300293,1.7454166412353516,1.6066228151321411,0.004665926522615979,76.52924300619867,76.17216318150032,0.04416313022375107,0.8792065978050232,0.08746746927499771,0.03332594409584999,0.8654133081436157,0.10954903811216354,0.025037674233317375,0.134
sinusoidal,baseline,5042,2.4654978390467997e-06,0.05897215008735657,0.007157966028898954,1.1619902849197388,0.37421574282781805,1.5843865387896507,10.134246826171875,9.556294441223145,3.373500108718872,2.1138248443603516,1.2424242496490479,0.8923651576042175,7.659999847412109,9.187758445739746,,1.2362821102142334,5.8622918128967285,4.020681858062744,0.29057102206073343,74.63808791311229,52.950422423540374,0.8845593929290771,0.8926292657852173,0.07729344069957733,0.030077297240495682,0.49410340189933777,0.03353959321975708,0.47235700488090515,0.178
sinusoidal,T,5042,1.5156598708393117e-06,0.0016674608923494816,0.0001180357503471896,0.781570553779602,0.3849837285479991,1.3896280192807613,10.134246826171875,9.556294441223145,3.373500108718872,2.1138248443603516,1.2424242496490479,0.8923651576042175,4.327499866485596,7.900815963745117,3.0274999141693115,0.9902499914169312,5.423623085021973,4.09782600402832,0.6715380925751758,74.63808791311229,24.51576872248258,0.7726662755012512,0.8926292657852173,0.07729344069957733,0.030077297240495682,0.5639220476150513,0.01966751739382744,0.4164104461669922,0.166
sinusoidal,T+F,5042,1.0081886324570491e-07,0.003190969116985798,0.0002642367035150528,1.254014015197754,0.3735139501997281,1.7397347253502389,10.134246826171875,9.556294441223145,3.373500108718872,2.1138248443603516,1.2424242496490479,0.8923651576042175,10.329999923706055,9.418000221252441,12.125,1.0922727584838867,6.325461387634277,3.7799999713897705,0.5526005466224271,74.63808791311229,33.39303973347367,0.7467935085296631,0.8926292657852173,0.07729344069957733,0.030077297240495682,0.5845049619674683,0.012020999565720558,0.4034740626811981,0.45
sinusoidal,baseline,6042,3.289353433736966e-06,0.07774095982313156,0.007481229491531849,1.1324764490127563,0.14026745419341613,0.35328079496430626,9.02345085144043,9.6360445022583,3.280714273452759,2.4437499046325684,1.2897499799728394,0.9941935539245605,9.60064697265625,8.781475067138672,4.955999851226807,4.217244625091553,1.7573684453964233,1.3601515293121338,1.85741508407775,42.78646606105359,122.25869351723523,0.18047179281711578,0.8830900192260742,0.08383290469646454,0.03307707607746124,0.7928541302680969,0.16306841373443604,0.04407747462391853,0.018
sinusoidal,T,6042,2.155455891552627e-06,0.0022243817802518606,0.0001656303065828979,0.7468219995498657,0.11623663097335282,0.16159930525947083,9.02345085144043,9.6360445022583,3.280714273452759,2.4437499046325684,1.2897499799728394,0.9941935539245605,8.714912414550781,8.793639183044434,3.805955171585083,2.601956605911255,1.7166249752044678,1.2846637964248657,1.7418361290254243,42.78646606105359,117.31347847951686,0.19438448548316956,0.8830900192260742,0.08383290469646454,0.03307707607746124,0.7858977913856506,0.14310072362422943,0.07100150734186172,0.034
sinusoidal,T+F,6042,1.2361238416937639e-07,0.00335747841745615,0.00032809970434755087,1.094000220298767,0.10920135883491935,0.25360322795273904,9.02345085144043,9.6360445022583,3.280714273452759,2.4437499046325684,1.2897499799728394,0.9941935539245605,9.408740043640137,9.757159233093262,4.312121391296387,3.617570400238037,1.86159086227417,1.221125841140747,3.7026662661859424,42.78646606105359,201.21047059462643,0.0167988371104002,0.8830900192260742,0.08383290469646454,0.03307707607746124,0.8821506500244141,0.09223233163356781,0.02561703510582447,0.024
sinusoidal,baseline,7042,3.696721630977161e-06,0.08040779829025269,0.0063812341541051865,1.0319623947143555,0.1341552774361636,0.5991050727139061,8.5279541015625,9.153287887573242,2.956406354904175,2.364957332611084,1.3208904266357422,1.0391700267791748,9.822355270385742,8.178999900817871,6.225800037384033,6.539000034332275,0.8774999976158142,1.1741666793823242,0.101704444725208,62.059654333671496,68.3713970175159,0.33318570256233215,0.8786863088607788,0.08763419836759567,0.03367947041988373,0.7375888228416443,0.25422704219818115,0.008184102363884449,0.01
sinusoidal,T,7042,1.3069816417899446e-06,0.0015223495429381728,9.865091124083847e-05,0.8369863033294678,0.18187935643697398,0.49772213844432306,8.5279541015625,9.153287887573242,2.956406354904175,2.364957332611084,1.3208904266357422,1.0391700267791748,9.239270210266113,8.42141342163086,6.377142906188965,5.83863639831543,1.1116666793823242,1.0793836116790771,0.6695270654385034,62.059654333671496,103.61027258182247,0.331811785697937,0.8786863088607788,0.08763419836759567,0.03367947041988373,0.7345758080482483,0.2535400986671448,0.011884086765348911,0.064
sinusoidal,T+F,7042,1.1214821702807641e-07,0.0032022246159613132,0.00022453308338299394,1.1763324737548828,0.13588518210181622,0.8650492294849936,8.5279541015625,9.153287887573242,2.956406354904175,2.364957332611084,1.3208904266357422,1.0391700267791748,9.242500305175781,9.076499938964844,8.1850004196167,8.20199966430664,0.27000001072883606,0.9707692265510559,1.140290122801411,62.059654333671496,132.82566519482688,0.30532699823379517,0.8786863088607788,0.08763419836759567,0.03367947041988373,0.756066083908081,0.24029770493507385,0.003636183449998498,0.022
sinusoidal,baseline,8042,4.570201138933351e-06,0.05887963995337486,0.00896744430065155,1.0186219215393066,0.27196803200315883,0.3492723465614742,8.924253463745117,9.244583129882812,3.7356250286102295,2.3248510360717773,1.3418182134628296,0.8811328411102295,6.127964496612549,6.239140510559082,3.4304285049438477,2.4976699352264404,2.1109848022460938,1.5225390195846558,0.36857069822031097,85.56574776269454,54.028720366055204,0.9617866277694702,0.8859207630157471,0.08287538588047028,0.03120383620262146,0.40502744913101196,0.3554442524909973,0.23952828347682953,0.02
sinusoidal,T,8042,9.574278417641101e-07,0.0007989699952304363,4.7944173275027424e-05,0.8361490368843079,0.27018764434782366,0.2580432930320827,8.924253463745117,9.244583129882812,3.7356250286102295,2.3248510360717773,1.3418182134628296,0.8811328411102295,5.591371059417725,5.2945876121521,3.9365270137786865,2.8970272541046143,1.7174999713897705,1.0288519859313965,0.748615024077815,85.56574776269454,21.509943441088726,0.964595377445221,0.8859207630157471,0.08287538588047028,0.03120383620262146,0.403623104095459,0.449607253074646,0.1467696577310562,0.0
sinusoidal,T+F,8042,7.781526262047168e-08,0.0022872237022966146,0.00025347727932967246,1.1477359533309937,0.2550369612703195,0.31699865934550214,8.924253463745117,9.244583129882812,3.7356250286102295,2.3248510360717773,1.3418182134628296,0.8811328411102295,6.786816120147705,6.591014385223389,4.191293239593506,2.7119297981262207,2.1053600311279297,1.337499976158142,0.4062487364826845,85.56574776269454,50.8047708479038,0.7283617258071899,0.8859207630157471,0.08287538588047028,0.03120383620262146,0.5217399001121521,0.3346881866455078,0.1435718983411789,0.04
sinusoidal,baseline,9042,3.3783616349842418e-06,0.08209465444087982,0.007076808251440525,1.040385365486145,0.118647489974346,0.42807276102844966,8.96058177947998,8.21607780456543,2.895108699798584,2.5782511234283447,1.2674657106399536,1.0927631855010986,18.72333335876465,14.836206436157227,2.9100000858306885,1.2166666984558105,1.1072221994400024,1.1074999570846558,0.6256314059604314,70.97328763820296,26.57016990747994,0.24175764620304108,0.8723849058151245,0.09042474627494812,0.03719034418463707,0.9932637214660645,0.002589620416983962,0.0041466448456048965,0.298
sinusoidal,T,9042,1.4107330326936138e-06,0.0020868906285613775,0.0001344590273220092,0.7727364301681519,0.12131317537838061,0.4141367548789239,8.96058177947998,8.21607780456543,2.895108699798584,2.5782511234283447,1.2674657106399536,1.0927631855010986,14.489999771118164,10.522666931152344,1.4787499904632568,,0.8536363840103149,0.7024999856948853,0.9468373003800247,70.97328763820296,3.7731315717518874,0.2504286766052246,0.8723849058151245,0.09042474627494812,0.03719034418463707,0.9975992441177368,0.0005823270766995847,0.0018184133805334568,0.242
sinusoidal,T+F,9042,7.930557602328429e-08,0.0032033687457442284,0.00028791450313292444,1.1023235321044922,0.16671426840338563,0.6039307555766509,8.96058177947998,8.21607780456543,2.895108699798584,2.5782511234283447,1.2674657106399536,1.0927631855010986,19.655000686645508,15.285937309265137,,,1.389285683631897,0.8025000095367432,0.9388258946041284,70.97328763820296,4.341727378270951,0.2467246949672699,0.8723849058151245,0.09042474627494812,0.03719034418463707,0.9957472681999207,0.0007551857852376997,0.003497566794976592,0.388
