surface,condition,seed,recon_per_dim,E_mu,E_Sigma,sigma_min_p5,W2@1.0,gt_w0_escape,lr_w0_escape,w0_escape_err,pairwise_mfpt_err,gt_mfpt_01,gt_mfpt_02,gt_mfpt_10,gt_mfpt_12,gt_mfpt_20,gt_mfpt_21,lr_mfpt_01,lr_mfpt_02,lr_mfpt_10,lr_mfpt_12,lr_mfpt_20,lr_mfpt_21,its_t2_err,gt_t2,lr_t2,stat_l1_err,gt_stat_0,gt_stat_1,gt_stat_2,lr_stat_0,lr_stat_1,lr_stat_2,exit_frac
paraboloid,baseline,42,2.515565694323671e-07,0.005691232159733772,0.0004908983246423304,1.1501328945159912,0.04731144977245506,20.040483284883724,20.49248689138577,0.02255452625950327,0.014020878487322974,18.924734115600586,18.169296264648438,3.5656089782714844,2.780275583267212,1.4037837982177734,0.9848977327346802,18.926233291625977,18.09769058227539,3.555767774581909,2.6839194297790527,1.4287538528442383,1.009421944618225,0.16539460051467147,65.71618245717235,76.58528420202563,0.003954354673624039,0.8403120636940002,0.11631482094526291,0.04337313398718834,0.8389708995819092,0.1156788095831871,0.04535031318664551,0.036
paraboloid,T,42,5.8282112783233434e-08,0.0001483577798353508,5.524338121176697e-06,0.9675334095954895,0.03681206796518897,20.040483284883724,20.4627728285078,0.021071824347799153,0.04564932705430073,18.924734115600586,18.169296264648438,3.5656089782714844,2.780275583267212,1.4037837982177734,0.9848977327346802,17.936908721923828,18.647048950195312,3.339045763015747,2.611022472381592,1.3243473768234253,0.999079167842865,0.12920067059546686,65.71618245717235,57.22560761473163,0.013986703008413315,0.8403120636940002,0.11631482094526291,0.04337313398718834,0.847305417060852,0.10966427624225616,0.043030329048633575,0.046
paraboloid,T+F,42,1.0418409318894852e-07,0.003333691041916609,0.00020932985353283584,1.2279810905456543,0.03993003478148313,20.040483284883724,20.483035156250004,0.022082894163540034,0.037672164692321465,18.924734115600586,18.169296264648438,3.5656089782714844,2.780275583267212,1.4037837982177734,0.9848977327346802,18.529338836669922,18.691349029541016,3.4320085048675537,2.680851459503174,1.3056446313858032,1.0176624059677124,0.055501012487180805,65.71618245717235,62.06886779400698,0.03905964642763138,0.8403120636940002,0.11631482094526291,0.04337313398718834,0.8598418831825256,0.10135293751955032,0.03880519047379494,0.04
paraboloid,baseline,1042,2.073639775313604e-07,0.005659074522554874,0.00033339514629915357,1.0973252058029175,0.04934713663917568,20.013090096798216,20.922662173546758,0.04544885734032946,0.06384875397158771,18.87572479248047,17.72051239013672,3.2831761837005615,2.7695066928863525,1.302673101425171,0.9857653379440308,19.9226131439209,19.235580444335938,3.2467284202575684,2.477987289428711,1.3544988632202148,1.0705277919769287,0.04449892253953692,73.98790372215996,77.28028571875507,0.08473274111747742,0.842616081237793,0.11544220894575119,0.04194168746471405,0.8849824666976929,0.08056640625,0.03445113077759743,0.0205
paraboloid,T,1042,8.615006211118782e-08,0.00014130104682408273,5.127549229655415e-06,0.8880038261413574,0.04731869201253518,20.013090096798216,20.129297856614933,0.00580658755118025,0.029252586585751732,18.87572479248047,17.72051239013672,3.2831761837005615,2.7695066928863525,1.302673101425171,0.9857653379440308,17.971694946289062,18.709308624267578,3.4646692276000977,2.760589361190796,1.3037728071212769,0.9734644889831543,0.026119625728349895,73.98790372215996,72.05536736851195,0.007657870650291443,0.842616081237793,0.11544220894575119,0.04194168746471405,0.8464450240135193,0.11235283315181732,0.041202135384082794,0.014
paraboloid,T+F,1042,3.147518404673169e-08,0.00020864982798229903,1.2214522030262742e-05,1.2571420669555664,0.04324046833649271,20.013090096798216,20.344761182714176,0.016572707378608307,0.03413490310665273,18.87572479248047,17.72051239013672,3.2831761837005615,2.7695066928863525,1.302673101425171,0.9857653379440308,18.75199317932129,18.662355422973633,3.4525792598724365,2.66890549659729,1.3698521852493286,0.9912978410720825,0.02791983726155808,73.98790372215996,71.92217349091342,0.014475665986537933,0.842616081237793,0.11544220894575119,0.04194168746471405,0.8498539328575134,0.10824581980705261,0.041900262236595154,0.046
paraboloid,baseline,2042,4.0924343956977276e-07,0.010356277227401733,0.0005773755256086588,1.1149506568908691,0.036493267307136985,20.55067758749069,21.269474116680364,0.03497678001757032,0.045769567245411674,18.592330932617188,18.488624572753906,3.5473251342773438,2.7439332008361816,1.3062660694122314,0.9867983460426331,20.140695571899414,19.14388084411621,3.3784778118133545,2.57034969329834,1.3326932191848755,1.0112770795822144,0.06220850437984097,68.82994602493395,73.11175402369027,0.05717690661549568,0.8453883528709412,0.11326214671134949,0.04134947434067726,0.8739768266677856,0.08973459899425507,0.03628858923912048,0.0285
paraboloid,T,2042,5.503578863885087e-07,0.00026550801703706384,1.058236557582859e-05,0.9900175929069519,0.023845006247207874,20.55067758749069,20.952079207920793,0.01953228153773572,0.05456110155621315,18.592330932617188,18.488624572753906,3.5473251342773438,2.7439332008361816,1.3062660694122314,0.9867983460426331,19.740015029907227,18.52613067626953,3.263817071914673,2.494436502456665,1.3662564754486084,1.0330157279968262,0.2041073575089732,68.82994602493395,54.781247624299425,0.0487179234623909,0.8453883528709412,0.11326214671134949,0.04134947434067726,0.8697473406791687,0.09080590307712555,0.03944678232073784,0.0225
paraboloid,T+F,2042,2.208896026487893e-07,0.00032626523170620203,1.667968899710104e-05,1.213548183441162,0.022526573806974697,20.55067758749069,20.487374237804875,0.003080353405200959,0.039375001132019034,18.592330932617188,18.488624572753906,3.5473251342773438,2.7439332008361816,1.3062660694122314,0.9867983460426331,19.28882598876953,18.167945861816406,3.3761954307556152,2.5384018421173096,1.354304313659668,1.0080370903015137,0.020730998093409087,68.82994602493395,67.40303254512159,0.016410183161497116,0.8453883528709412,0.11326214671134949,0.04134947434067726,0.8532469868659973,0.10505705326795578,0.04169593006372452,0.0385
paraboloid,baseline,3042,2.732460723844686e-07,0.0051497966051101685,0.00031722369021736085,1.1215671300888062,0.03388717431193687,20.42622246696035,21.36650627615063,0.046033171855990505,0.04894117670215917,18.625883102416992,18.651227951049805,3.506350040435791,2.7712461948394775,1.337001085281372,0.9975137114524841,19.760499954223633,19.76886749267578,3.4671270847320557,2.5646297931671143,1.3655712604522705,1.063045859336853,0.00725515228380382,66.43527928591695,65.95328121768058,0.07297255098819733,0.8426864147186279,0.11494092643260956,0.04237266629934311,0.879172682762146,0.08540265262126923,0.03542466089129448,0.0275
paraboloid,T,3042,6.07821101001904e-08,0.00012384871661197394,4.575901584757958e-06,0.9199854731559753,0.018655824985487207,20.42622246696035,20.279173431734318,0.007199032296054067,0.020178716358446782,18.625883102416992,18.651227951049805,3.506350040435791,2.7712461948394775,1.337001085281372,0.9975137114524841,19.262405395507812,18.185579299926758,3.48218035697937,2.7326440811157227,1.32113516330719,1.0266836881637573,0.034921350406167846,66.43527928591695,64.11526961864182,0.018431801348924637,0.8426864147186279,0.11494092643260956,0.04237266629934311,0.8519023060798645,0.10741649568080902,0.04068118706345558,0.0285
paraboloid,T+F,3042,2.0999206428124166e-07,0.00016286781465169042,8.018360858841334e-06,1.1276910305023193,0.04236108812043172,20.42622246696035,20.390866141732285,0.0017309282362538815,0.013665191481077471,18.625883102416992,18.651227951049805,3.506350040435791,2.7712461948394775,1.337001085281372,0.9975137114524841,18.883399963378906,18.61346435546875,3.520310640335083,2.7184815406799316,1.2933738231658936,1.0079760551452637,0.02589330832246304,66.43527928591695,68.15550845595614,0.025139089673757553,0.8426864147186279,0.11494092643260956,0.04237266629934311,0.8552559614181519,0.1057470515370369,0.038996998220682144,0.054
paraboloid,baseline,4042,3.501508991345207e-07,0.007161568850278854,0.0005555012030526996,1.1651867628097534,0.0377527074727129,20.989718100890208,21.33680118946474,0.01653586231631247,0.023213953053280157,19.73012924194336,18.965429306030273,3.669102668762207,2.737358331680298,1.3409571647644043,0.9935920238494873,19.601757049560547,19.740171432495117,3.541797637939453,2.7421257495880127,1.387631893157959,1.0141414403915405,0.39087683125756834,72.11437753695743,100.30221691671532,0.0016360729932785034,0.8479141592979431,0.11086444556713104,0.04122142121195793,0.848391592502594,0.11120504140853882,0.04040337726473808,0.064
paraboloid,T,4042,1.2066383854502266e-07,0.00011008737055817619,5.251329639577307e-06,0.9081166386604309,0.038605165067561203,20.989718100890208,19.874111584932482,0.05315014287449679,0.04707595086691774,19.73012924194336,18.965429306030273,3.669102668762207,2.737358331680298,1.3409571647644043,0.9935920238494873,17.900087356567383,17.85623550415039,3.3044471740722656,2.741633176803589,1.313736081123352,0.9836857914924622,0.040511297787714035,72.11437753695743,69.19293051378212,0.0436539463698864,0.8479141592979431,0.11086444556713104,0.04122142121195793,0.8260871767997742,0.12792447209358215,0.045988358557224274,0.03
paraboloid,T+F,4042,4.604478973889664e-09,0.00017639528959989548,1.0920028216787614e-05,1.2032498121261597,0.035022420684193145,20.989718100890208,20.714192928516525,0.013126673309728627,0.0404536003424644,19.73012924194336,18.965429306030273,3.669102668762207,2.737358331680298,1.3409571647644043,0.9935920238494873,18.58029556274414,18.82071876525879,3.2690882682800293,2.6847689151763916,1.3762707710266113,1.01569402217865,0.022376208019097687,72.11437753695743,70.50073122402273,0.003526069223880768,0.8479141592979431,0.11086444556713104,0.04122142121195793,0.8464270830154419,0.11058846861124039,0.04298443719744682,0.0385
paraboloid,baseline,5042,1.4862839702461193e-06,0.029490038752555847,0.0029339008033275604,1.1239806413650513,0.05337408965984968,19.91298611111111,20.100059241706163,0.00939452925599487,0.04998961770903993,18.35256004333496,17.889846801757812,3.6718664169311523,2.721783399581909,1.3331223726272583,0.9690374732017517,17.994112014770508,18.773448944091797,3.3577778339385986,2.5806570053100586,1.4285293817520142,0.9904131889343262,0.05344791306432117,62.7642154763223,66.1188318086511,0.03738010302186012,0.8416284322738647,0.11620260775089264,0.04216896370053291,0.8603184819221497,0.10099128633737564,0.0386902317404747,0.0205
paraboloid,T,5042,1.5211810195118894e-07,0.0001720102154649794,6.4702853705966845e-06,0.9127407073974609,0.046494662645082,19.91298611111111,20.608775887573966,0.03494150865070997,0.015896205781211904,18.35256004333496,17.889846801757812,3.6718664169311523,2.721783399581909,1.3331223726272583,0.9690374732017517,18.37097930908203,18.378442764282227,3.6298718452453613,2.7697715759277344,1.3214178085327148,0.997347354888916,0.03178990371022468,62.7642154763223,64.75948384276238,0.004511002451181412,0.8416284322738647,0.11620260775089264,0.04216896370053291,0.8393729329109192,0.11781366169452667,0.042813412845134735,0.031
paraboloid,T+F,5042,1.1692554382978017e-08,0.00019741227151826024,8.314302249345928e-06,1.0869944095611572,0.03670735283767889,19.91298611111111,20.653541666666666,0.03718957826934547,0.024659763028764558,18.35256004333496,17.889846801757812,3.6718664169311523,2.721783399581909,1.3331223726272583,0.9690374732017517,18.881858825683594,18.258224487304688,3.5551865100860596,2.7080695629119873,1.2938566207885742,1.0002959966659546,0.20883661154359345,62.7642154763223,75.87168156258942,0.008247602730989456,0.8416284322738647,0.11620260775089264,0.04216896370053291,0.8457522392272949,0.11267410963773727,0.041573666036129,0.0415
paraboloid,baseline,6042,2.3194690439409915e-07,0.0066733937710523605,0.00033427306334488094,1.098703145980835,0.04115583632195377,19.74132608695652,20.997057595993322,0.06360927850062156,0.030910968909374073,18.73769760131836,17.67011260986328,3.52843976020813,2.7960128784179688,1.3093550205230713,1.0186136960983276,20.021907806396484,19.03300666809082,3.551781177520752,2.7804317474365234,1.317589282989502,0.9968937039375305,0.10151760213096397,67.40303254512159,74.24562678545766,0.04572809860110283,0.8417825698852539,0.11515368521213531,0.04306374490261078,0.8646466135978699,0.10028944164514542,0.035063933581113815,0.047
paraboloid,T,6042,1.2854237938519865e-07,0.0002074358781101182,5.806688932352699e-06,0.8537993431091309,0.02505476080107902,19.74132608695652,20.00518215613383,0.013365670979501544,0.016621415419911908,18.73769760131836,17.67011260986328,3.52843976020813,2.7960128784179688,1.3093550205230713,1.0186136960983276,19.048433303833008,17.866670608520508,3.5662789344787598,2.8214738368988037,1.2709065675735474,0.9953621625900269,0.036590224076764204,67.40303254512159,64.93674048084216,0.02443835884332657,0.8417825698852539,0.11515368521213531,0.04306374490261078,0.8540017604827881,0.10742787271738052,0.03857038915157318,0.0195
paraboloid,T+F,6042,1.4770597799589038e-08,0.0003946996293962002,2.219076850451529e-05,1.313477635383606,0.043372942202342925,19.74132608695652,19.83466562986003,0.004728129330946118,0.01151978426055472,18.73769760131836,17.67011260986328,3.52843976020813,2.7960128784179688,1.3093550205230713,1.0186136960983276,19.067203521728516,17.68855857849121,3.4771625995635986,2.7683959007263184,1.2862880229949951,1.0099934339523315,0.009395404791968374,67.40303254512159,68.03631132008923,0.022628404200077057,0.8417825698852539,0.11515368521213531,0.04306374490261078,0.8530967831611633,0.10698764026165009,0.039915598928928375,0.0615
paraboloid,baseline,7042,3.908526422270569e-07,0.008632460609078407,0.00039195013232529163,1.1834653615951538,0.06567625995657327,19.97801838235294,20.18303752931978,0.010262236376153245,0.014640791389351782,18.656057357788086,17.89380645751953,3.389110565185547,2.726531744003296,1.3479505777359009,1.0106990337371826,19.00040626525879,18.215574264526367,3.467254400253296,2.746473789215088,1.3381803035736084,0.9967662692070007,0.06277800711457128,70.74519494914625,75.18643730098549,0.013688422739505768,0.8463610410690308,0.11181993037462234,0.0418190062046051,0.8532052636146545,0.10766230523586273,0.03913243114948273,0.0245
paraboloid,T,7042,1.601646232953879e-07,0.00012831923959311098,5.1153783715562895e-06,0.9743219614028931,0.07566475241154037,19.97801838235294,19.788543788187372,0.009484153560141607,0.04930654284217569,18.656057357788086,17.89380645751953,3.389110565185547,2.726531744003296,1.3479505777359009,1.0106990337371826,17.72479248046875,17.66236114501953,3.743612051010132,2.8951451778411865,1.3263410329818726,0.9596445560455322,0.0021098852958035576,70.74519494914625,70.5959307025743,0.06671586632728577,0.8463610410690308,0.11181993037462234,0.0418190062046051,0.8130031228065491,0.14004430174827576,0.04695257917046547,0.026
paraboloid,T+F,7042,2.494484693100398e-08,0.0003259638324379921,1.6962763766059652e-05,1.1905200481414795,0.06986902509267151,19.97801838235294,19.73857512953368,0.011985335494073136,0.024321966470367162,18.656057357788086,17.89380645751953,3.389110565185547,2.726531744003296,1.3479505777359009,1.0106990337371826,18.017181396484375,17.59282112121582,3.5945680141448975,2.7958755493164062,1.3571012020111084,1.0086555480957031,0.06909504547152656,70.74519494914625,75.63333741104952,0.03547419607639313,0.8463610410690308,0.11181993037462234,0.0418190062046051,0.8286239504814148,0.12602438032627106,0.04535166174173355,0.047
paraboloid,baseline,8042,6.000186500269271e-07,0.00746049452573061,0.0008090893970802426,1.1338934898376465,0.034692657276332306,20.548930180180182,20.72164910858995,0.008405251606546354,0.025592036300114276,18.350370407104492,18.649972915649414,3.491333246231079,2.7602176666259766,1.4045405387878418,0.9827820658683777,18.840436935424805,19.474342346191406,3.434621572494507,2.733464479446411,1.3379627466201782,0.991927981376648,0.1092187235190138,73.86215647117835,65.79502602503459,0.063591867685318,0.8400653600692749,0.11674123257398605,0.04319343343377113,0.8718612790107727,0.09272575378417969,0.03541295975446701,0.035
paraboloid,T,8042,7.464703103957179e-08,0.00012431404320523143,7.443774848070461e-06,0.9722519516944885,0.036946328407109166,20.548930180180182,18.868178733031677,0.08179264966161699,0.036113078561059796,18.350370407104492,18.649972915649414,3.491333246231079,2.7602176666259766,1.4045405387878418,0.9827820658683777,17.292503356933594,17.16761016845703,3.4077539443969727,2.6837410926818848,1.4089473485946655,1.0071191787719727,0.07861223692185121,73.86215647117835,68.05568712710723,0.005764547735452652,0.8400653600692749,0.11674123257398605,0.04319343343377113,0.8425329923629761,0.11385893076658249,0.04360804706811905,0.0575
paraboloid,T+F,8042,1.0887119902120625e-08,0.00018338195513933897,1.2835771485697478e-05,1.2273377180099487,0.035946111062060554,20.548930180180182,19.187054845980462,0.06627475602176475,0.02626706831365699,18.350370407104492,18.649972915649414,3.491333246231079,2.7602176666259766,1.4045405387878418,0.9827820658683777,17.533329010009766,17.337032318115234,3.4545493125915527,2.771677255630493,1.3969913721084595,1.0050091743469238,0.04260456131108802,73.86215647117835,70.71529169723286,0.0058497898280620575,0.8400653600692749,0.11674123257398605,0.04319343343377113,0.8371404409408569,0.11904685944318771,0.04381267726421356,0.0495
paraboloid,baseline,9042,2.2713896246228496e-07,0.004731413908302784,0.0003556268638931215,1.1325609683990479,0.04272352049393687,20.400526512322628,20.783644480519484,0.01877980786257844,0.04037408917143849,18.607250213623047,18.352005004882812,3.3780150413513184,2.782041311264038,1.3521405458450317,0.99015873670578,19.973398208618164,18.830724716186523,3.641314744949341,2.8786983489990234,1.3335696458816528,0.9740031361579895,0.12049543616112976,70.61828023001128,79.12746070727538,0.031924523413181305,0.8451524376869202,0.1127745658159256,0.04207301884889603,0.8611146807670593,0.10291115939617157,0.03597414493560791,0.0345
paraboloid,T,9042,1.0512847447853572e-07,0.00014645388000644743,5.712357506126864e-06,0.9705806970596313,0.041299292416780424,20.400526512322628,20.616561102831596,0.0105896575943016,0.017812889186290207,18.607250213623047,18.352005004882812,3.3780150413513184,2.782041311264038,1.3521405458450317,0.99015873670578,18.617170333862305,18.49512481689453,3.4417293071746826,2.6565632820129395,1.3078958988189697,0.9883176684379578,0.007399007517710552,70.61828023001128,71.14078541632092,0.00885741040110588,0.8451524376869202,0.1127745658159256,0.04207301884889603,0.8495811223983765,0.10927962511777878,0.041139233857393265,0.028
paraboloid,T+F,9042,1.3037199313481297e-08,0.00021159004245419055,1.2814123692805879e-05,1.1836100816726685,0.05666594209161031,20.400526512322628,20.92486574450773,0.0257022401783789,0.023008551390955992,18.607250213623047,18.352005004882812,3.3780150413513184,2.782041311264038,1.3521405458450317,0.99015873670578,20.184099197387695,18.135435104370117,3.4461445808410645,2.7705869674682617,1.364426612854004,0.9982131719589233,0.07215526673436715,70.61828023001128,75.71376107633003,0.010877631604671478,0.8451524376869202,0.1127745658159256,0.04207301884889603,0.850591242313385,0.10876525938510895,0.04064349830150604,0.0875
hyperbolic_paraboloid,baseline,42,1.5196410142144755e-06,0.021934770047664642,0.0021729315631091595,1.1567047834396362,0.047323914202986636,20.040483284883724,21.23804568527919,0.05975716170970644,0.04531557906636826,18.924734115600586,18.169296264648438,3.5656089782714844,2.780275583267212,1.4037837982177734,0.9848977327346802,19.632476806640625,20.137670516967773,3.706817150115967,2.7531135082244873,1.3722424507141113,1.0383967161178589,0.1623092056326427,65.71618245717235,76.3825238290058,0.05490509048104286,0.8403120636940002,0.11631482094526291,0.04337313398718834,0.8677645921707153,0.09593790769577026,0.03629748523235321,0.0305
hyperbolic_paraboloid,T,42,6.356648061875096e-08,9.057427814695984e-05,2.9841182822565315e-06,0.836296558380127,0.036116964627914375,20.040483284883724,19.96751443001443,0.0036410726144680498,0.031036432089681848,18.924734115600586,18.169296264648438,3.5656089782714844,2.780275583267212,1.4037837982177734,0.9848977327346802,17.531118392944336,18.096097946166992,3.4870071411132812,2.6675217151641846,1.354575276374817,0.995629608631134,0.0837288105655724,65.71618245717235,60.213844665123176,0.019418224692344666,0.8403120636940002,0.11631482094526291,0.04337313398718834,0.8306029438972473,0.1226143017411232,0.046782758086919785,0.041
hyperbolic_paraboloid,T+F,42,1.4702949040689256e-08,0.0004150089807808399,2.6505622372496873e-05,1.1466320753097534,0.04419845910795474,20.040483284883724,20.7927903091061,0.03753936536998739,0.04027484568116962,18.924734115600586,18.169296264648438,3.5656089782714844,2.780275583267212,1.4037837982177734,0.9848977327346802,18.8843936920166,18.98703384399414,3.3306021690368652,2.5938913822174072,1.3698776960372925,1.0217429399490356,0.013698793521510003,65.71618245717235,64.81595004266967,0.03166567534208298,0.8403120636940002,0.11631482094526291,0.04337313398718834,0.856144905090332,0.10290475934743881,0.040950361639261246,0.117
hyperbolic_paraboloid,baseline,1042,4.2376465822074245e-06,0.06499837338924408,0.0065743159502744675,1.0526118278503418,0.05603447366899066,20.013090096798216,22.254868421052635,0.11201560145942024,0.08501453526979735,18.87572479248047,17.72051239013672,3.2831761837005615,2.7695066928863525,1.302673101425171,0.9857653379440308,21.294464111328125,21.378040313720703,3.4452195167541504,2.7074315547943115,1.3739612102508545,1.0341193675994873,0.1623356870348472,73.98790372215996,85.99878090516492,0.10892366617918015,0.842616081237793,0.11544220894575119,0.04194168746471405,0.8970779180526733,0.07397236675024033,0.02894970029592514,0.009
hyperbolic_paraboloid,T,1042,1.1212003626686924e-07,0.00018691454897634685,6.947654128452996e-06,0.9038967490196228,0.04796050208938493,20.013090096798216,19.648730606488012,0.0182060585620656,0.04018535036904383,18.87572479248047,17.72051239013672,3.2831761837005615,2.7695066928863525,1.302673101425171,0.9857653379440308,17.490482330322266,17.918582916259766,3.4967966079711914,2.6184303760528564,1.3366265296936035,0.996478259563446,0.16646201770518607,73.98790372215996,61.67172798279216,0.008218120783567429,0.842616081237793,0.11544220894575119,0.04194168746471405,0.8386507034301758,0.11529853940010071,0.04605076089501381,0.0275
hyperbolic_paraboloid,T+F,1042,1.8044478954707934e-08,0.0004192601190879941,2.455186768202111e-05,1.1901772022247314,0.04934721877387992,20.013090096798216,20.187535687453042,0.008716574492548524,0.03496907350599865,18.87572479248047,17.72051239013672,3.2831761837005615,2.7695066928863525,1.302673101425171,0.9857653379440308,18.219606399536133,18.69424819946289,3.4582455158233643,2.715834140777588,1.345828890800476,0.9998354315757751,0.049954204352875085,73.98790372215996,70.29189685998233,0.007908925414085388,0.842616081237793,0.11544220894575119,0.04194168746471405,0.8460215330123901,0.11148776859045029,0.04249072074890137,0.039
hyperbolic_paraboloid,baseline,2042,2.878502043733253e-07,0.0057980893179774284,0.00030231429263949394,1.0386310815811157,0.02708475561564449,20.55067758749069,20.517870442203257,0.0015964021209403715,0.015014941631876446,18.592330932617188,18.488624572753906,3.5473251342773438,2.7439332008361816,1.3062660694122314,0.9867983460426331,18.817548751831055,18.54790496826172,3.429229259490967,2.7073402404785156,1.3301818370819092,0.977094292640686,4.11435370778779e-05,68.82994602493395,68.8271141174976,0.006409876048564911,0.8453883528709412,0.11326214671134949,0.04134947434067726,0.8485932946205139,0.11109516024589539,0.040311526507139206,0.062
hyperbolic_paraboloid,T,2042,4.8797680315531474e-08,0.00015448885096702725,5.714837698178599e-06,0.9363192319869995,0.03879378321753613,20.55067758749069,20.494001452432823,0.0027578718422581693,0.031049196772268316,18.592330932617188,18.488624572753906,3.5473251342773438,2.7439332008361816,1.3062660694122314,0.9867983460426331,19.181594848632812,18.07735252380371,3.282341241836548,2.713472604751587,1.3473930358886719,1.0016709566116333,0.1607086986750179,68.82994602493395,57.76837496939509,0.010149769484996796,0.8453883528709412,0.11326214671134949,0.04134947434067726,0.8499599695205688,0.10818728059530258,0.041852761059999466,0.0345
hyperbolic_paraboloid,T+F,2042,3.3635082380992094e-08,0.0011106820311397314,5.602183227892965e-05,1.1037448644638062,0.04659465306901683,20.55067758749069,20.950977414330218,0.019478668045631427,0.02145899338874593,18.592330932617188,18.488624572753906,3.5473251342773438,2.7439332008361816,1.3062660694122314,0.9867983460426331,19.68762969970703,18.62537384033203,3.4667203426361084,2.83919095993042,1.3078433275222778,0.9830482006072998,0.09041349072673113,68.82994602493395,62.606790338287176,0.02933572605252266,0.8453883528709412,0.11326214671134949,0.04134947434067726,0.8600562214851379,0.10346868634223938,0.03647507727146149,0.042
hyperbolic_paraboloid,baseline,3042,9.56102241924153e-07,0.014310052618384361,0.000851830409374088,1.1163889169692993,0.027959153430999206,20.42622246696035,20.513396153846156,0.004267734135707643,0.09638397986087659,18.625883102416992,18.651227951049805,3.506350040435791,2.7712461948394775,1.337001085281372,0.9975137114524841,18.857654571533203,19.010740280151367,3.9428870677948,3.0565080642700195,1.4723471403121948,1.2148903608322144,0.04353799134567398,66.43527928591695,63.54282067131926,0.07157542556524277,0.8426864147186279,0.11494092643260956,0.04237266629934311,0.8784741163253784,0.08549259603023529,0.0360332727432251,0.0215
hyperbolic_paraboloid,T,3042,9.83952725333954e-08,0.00014738722529727966,5.2935988605895545e-06,0.82896488904953,0.018235273337442848,20.42622246696035,20.444930249632893,0.0009158708959917997,0.012294489062251846,18.625883102416992,18.651227951049805,3.506350040435791,2.7712461948394775,1.337001085281372,0.9975137114524841,18.89858627319336,18.667539596557617,3.573845386505127,2.7708287239074707,1.307314395904541,0.9809078574180603,0.010649101589061676,66.43527928591695,65.72780324770353,0.003432750701904297,0.8426864147186279,0.11494092643260956,0.04237266629934311,0.8444027900695801,0.11453010886907578,0.041067108511924744,0.0195
hyperbolic_paraboloid,T+F,3042,5.313766912388643e-09,0.00015839931438677013,7.201415428426117e-06,1.0964977741241455,0.020067297543095736,20.42622246696035,20.54672600619195,0.005899452991198693,0.010242177236891832,18.625883102416992,18.651227951049805,3.506350040435791,2.7712461948394775,1.337001085281372,0.9975137114524841,18.715810775756836,18.767276763916016,3.4281880855560303,2.770995616912842,1.3078715801239014,0.9912954568862915,0.00830984670572723,66.43527928591695,66.9873462726351,0.03319074586033821,0.8426864147186279,0.11494092643260956,0.04237266629934311,0.8592817783355713,0.10344472527503967,0.03727348521351814,0.037
hyperbolic_paraboloid,baseline,4042,2.108457549220294e-06,0.026559244841337204,0.002476159017533064,1.0022867918014526,0.061320607398863865,20.989718100890208,21.136464968152865,0.006991369134034861,0.021686667823742744,19.73012924194336,18.965429306030273,3.669102668762207,2.737358331680298,1.3409571647644043,0.9935920238494873,19.824386596679688,19.257986068725586,3.3683714866638184,2.7496631145477295,1.350862741470337,0.9776233434677124,0.17531314324394565,72.11437753695743,59.47177933787284,0.1051127165555954,0.8479141592979431,0.11086444556713104,0.04122142121195793,0.900470495223999,0.07285375148057938,0.026675738394260406,0.0315
hyperbolic_paraboloid,T,4042,3.171035720484878e-07,0.00025524600641801953,1.5025254469946958e-05,0.9189221262931824,0.04357645388982957,20.989718100890208,19.835155817174517,0.05500608813163262,0.06755571112466652,19.73012924194336,18.965429306030273,3.669102668762207,2.737358331680298,1.3409571647644043,0.9935920238494873,17.203231811523438,17.726205825805664,3.139174699783325,2.6167333126068115,1.3688123226165771,0.99622642993927,0.15788173401394545,72.11437753695743,60.72883456408628,0.02999364584684372,0.8479141592979431,0.11086444556713104,0.04122142121195793,0.832917332649231,0.11871880292892456,0.048363883048295975,0.028
hyperbolic_paraboloid,T+F,4042,2.8154090048801166e-09,0.00015775546489749104,7.321392786252545e-06,1.0756404399871826,0.03780848615796385,20.989718100890208,20.627484251968507,0.017257680507216426,0.03243349975211624,19.73012924194336,18.965429306030273,3.669102668762207,2.737358331680298,1.3409571647644043,0.9935920238494873,18.786075592041016,18.763484954833984,3.2905385494232178,2.7697603702545166,1.3406342267990112,1.014309048652649,0.0047616709098270964,72.11437753695743,71.77099260325942,0.02392427623271942,0.8479141592979431,0.11086444556713104,0.04122142121195793,0.859876275062561,0.10185924172401428,0.03826446458697319,0.031
hyperbolic_paraboloid,baseline,5042,1.3471101769779006e-06,0.0209051463752985,0.0010868869721889496,1.081613540649414,0.038506662436345915,19.91298611111111,21.36398957497995,0.07286719609869084,0.06453314809782783,18.35256004333496,17.889846801757812,3.6718664169311523,2.721783399581909,1.3331223726272583,0.9690374732017517,19.540115356445312,19.25983238220215,3.2873318195343018,2.576510429382324,1.3682334423065186,1.0286098718643188,0.2935219332669777,62.7642154763223,81.18688934291758,0.0489271804690361,0.8416284322738647,0.11620260775089264,0.04216896370053291,0.8660920262336731,0.09550952166318893,0.038398463279008865,0.0355
hyperbolic_paraboloid,T,5042,8.892299833566191e-08,0.00015217214240692556,5.690018952009268e-06,0.8819392919540405,0.046900449837680755,19.91298611111111,19.084252433936022,0.04161774997234934,0.036016653226722664,18.35256004333496,17.889846801757812,3.6718664169311523,2.721783399581909,1.3331223726272583,0.9690374732017517,16.531953811645508,17.25090789794922,3.527320623397827,2.8113763332366943,1.334494948387146,0.9766644239425659,0.10877810874687559,62.7642154763223,69.59158813281802,0.06265698373317719,0.8416284322738647,0.11620260775089264,0.04216896370053291,0.8102999329566956,0.1405944973230362,0.049105554819107056,0.05
hyperbolic_paraboloid,T+F,5042,1.4210302683591973e-08,0.0006454579997807741,2.9677365091629326e-05,0.9909611344337463,0.059262123227727115,19.91298611111111,19.1902962962963,0.03629238783085182,0.04629678659229899,18.35256004333496,17.889846801757812,3.6718664169311523,2.721783399581909,1.3331223726272583,0.9690374732017517,17.243606567382812,17.136459350585938,3.3885445594787598,2.756335973739624,1.416116714477539,0.9914537668228149,0.07657651019729707,62.7642154763223,67.57048006277024,0.07817134261131287,0.8416284322738647,0.11620260775089264,0.04216896370053291,0.8025427460670471,0.14416688680648804,0.05329034477472305,0.0385
hyperbolic_paraboloid,baseline,6042,5.590200044251793e-07,0.011577414348721504,0.0005638039438053966,1.008983850479126,0.041443927824455516,19.74132608695652,21.281902618657938,0.07803814824371437,0.12206314536317477,18.73769760131836,17.67011260986328,3.52843976020813,2.7960128784179688,1.3093550205230713,1.0186136960983276,19.452245712280273,18.99847412109375,2.952908754348755,2.3606760501861572,1.5627429485321045,1.127337098121643,0.2519621163493922,67.40303254512159,50.4200218166858,0.11710227280855179,0.8417825698852539,0.11515368521213531,0.04306374490261078,0.9003337025642395,0.06515595316886902,0.03451033681631088,0.065
hyperbolic_paraboloid,T,6042,8.94503604675138e-08,0.0001589581515872851,7.505052053602412e-06,0.887265145778656,0.02444480852075096,19.74132608695652,19.82295520231214,0.004134935768552823,0.019307000556920167,18.73769760131836,17.67011260986328,3.52843976020813,2.7960128784179688,1.3093550205230713,1.0186136960983276,18.65262222290039,17.729373931884766,3.320967435836792,2.717700958251953,1.2877413034439087,1.0138951539993286,0.02262631256110627,67.40303254512159,65.87795046318925,0.02491772174835205,0.8417825698852539,0.11515368521213531,0.04306374490261078,0.8542414307594299,0.1050962582230568,0.040662311017513275,0.0175
hyperbolic_paraboloid,T+F,6042,2.5107384606970264e-09,0.00014718669990543276,7.342404842347605e-06,0.9821005463600159,0.038777759361095725,19.74132608695652,20.98670906200318,0.06308507187212253,0.04582267885789023,18.73769760131836,17.67011260986328,3.52843976020813,2.7960128784179688,1.3093550205230713,1.0186136960983276,20.005069732666016,18.65713882446289,3.3080732822418213,2.6612844467163086,1.3560723066329956,1.013398289680481,0.010506273354016087,67.40303254512159,66.6948778603129,0.048493530601263046,0.8417825698852539,0.11515368521213531,0.04306374490261078,0.8660293221473694,0.09641148149967194,0.03755917027592659,0.0405
hyperbolic_paraboloid,baseline,7042,1.2193586959953034e-06,0.020844345912337303,0.0010194481583312154,1.0304936170578003,0.07034017865788733,19.97801838235294,19.167975316877918,0.04054671739568283,0.0860775760442537,18.656057357788086,17.89380645751953,3.389110565185547,2.726531744003296,1.3479505777359009,1.0106990337371826,17.149288177490234,16.759336471557617,3.1709792613983154,2.491692304611206,1.451827883720398,1.1569905281066895,0.09225402300756669,70.74519494914625,64.21866610663292,0.032397303730249405,0.8463610410690308,0.11181993037462234,0.0418190062046051,0.8301624059677124,0.11472096294164658,0.05511664226651192,0.0385
hyperbolic_paraboloid,T,7042,9.644918011406446e-08,0.00017031110473908484,5.045591933594551e-06,0.8707313537597656,0.07366317042264645,19.97801838235294,19.52786301369863,0.02253253350952668,0.058979792066352,18.656057357788086,17.89380645751953,3.389110565185547,2.726531744003296,1.3479505777359009,1.0106990337371826,17.725120544433594,17.167110443115234,3.780456781387329,3.002492904663086,1.3043912649154663,0.9961782693862915,0.04521249724048167,70.74519494914625,73.94376188056187,0.07688252627849579,0.8463610410690308,0.11181993037462234,0.0418190062046051,0.8079198002815247,0.14470186829566956,0.047378357499837875,0.049
hyperbolic_paraboloid,T+F,7042,1.1095750520706052e-08,0.0003183980588801205,1.9119299395242706e-05,1.145992636680603,0.06295140380097057,19.97801838235294,19.969752475247528,0.0004137501000956355,0.021918143599363882,18.656057357788086,17.89380645751953,3.389110565185547,2.726531744003296,1.3479505777359009,1.0106990337371826,18.391178131103516,17.840194702148438,3.4477221965789795,2.6335949897766113,1.395652413368225,1.0385398864746094,0.02363348547736672,70.74519494914625,72.41715048657038,0.010689616203308105,0.8463610410690308,0.11181993037462234,0.0418190062046051,0.8515825271606445,0.10647513717412949,0.04194234311580658,0.037
hyperbolic_paraboloid,baseline,8042,5.31483364560229e-07,0.0061545418575406075,0.0006680673686787486,1.1537353992462158,0.05087927292821624,20.548930180180182,19.383979452054795,0.05669155123457488,0.05334676485466938,18.350370407104492,18.649972915649414,3.491333246231079,2.7602176666259766,1.4045405387878418,0.9827820658683777,17.718225479125977,17.27935218811035,3.184706449508667,2.664163112640381,1.4231809377670288,1.0577131509780884,0.03803017558876291,73.86215647117835,71.05316569121476,0.04259629547595978,0.8400653600692749,0.11674123257398605,0.04319343343377113,0.8187671899795532,0.12714211642742157,0.054090674966573715,0.041
hyperbolic_paraboloid,T,8042,1.2146046540679048e-07,0.00017230722005479038,7.08514289726736e-06,0.8394095301628113,0.04578459301092679,20.548930180180182,19.007341862117983,0.07502036867832125,0.033250581809895596,18.350370407104492,18.649972915649414,3.491333246231079,2.7602176666259766,1.4045405387878418,0.9827820658683777,17.50982093811035,17.379865646362305,3.5279173851013184,2.808533191680908,1.364868402481079,1.0116435289382935,0.14072279712129399,73.86215647117835,63.46806721114345,0.000276222825050354,0.8400653600692749,0.11674123257398605,0.04319343343377113,0.8402034640312195,0.11661137640476227,0.043185170739889145,0.008
hyperbolic_paraboloid,T+F,8042,3.9007710229406485e-09,0.00018749762966763228,1.0599311281112023e-05,1.1263476610183716,0.039232952540296316,20.548930180180182,18.941188679245283,0.07823966925955082,0.049824466522825746,18.350370407104492,18.649972915649414,3.491333246231079,2.7602176666259766,1.4045405387878418,0.9827820658683777,17.442195892333984,17.203350067138672,3.3304731845855713,2.6396684646606445,1.4313621520996094,1.0447412729263306,0.06601616578777458,73.86215647117835,68.9860601041345,0.01763511449098587,0.8400653600692749,0.11674123257398605,0.04319343343377113,0.8483524322509766,0.10792367160320282,0.04372391477227211,0.0325
hyperbolic_paraboloid,baseline,9042,1.9993888088548326e-07,0.0035189175978302956,0.0002799315843731165,1.1328362226486206,0.04286700531184055,20.400526512322628,20.348183534743203,0.0025657660133334243,0.018643092316035382,18.607250213623047,18.352005004882812,3.3780150413513184,2.782041311264038,1.3521405458450317,0.99015873670578,18.69362449645996,18.303112030029297,3.491929292678833,2.7182936668395996,1.3482944965362549,1.0347869396209717,0.01182554766867192,70.61828023001128,69.78318039087165,0.01606408879160881,0.8451524376869202,0.1127745658159256,0.04207301884889603,0.8531844615936279,0.10586462169885635,0.040950898081064224,0.028
hyperbolic_paraboloid,T,9042,9.184758035832117e-08,0.00011881474347319454,5.509588845598046e-06,0.8454183340072632,0.03843899049427704,20.400526512322628,20.094051660516605,0.01502288931714097,0.02243946903081691,18.607250213623047,18.352005004882812,3.3780150413513184,2.782041311264038,1.3521405458450317,0.99015873670578,18.861080169677734,17.609548568725586,3.5628671646118164,2.8088600635528564,1.334535002708435,0.9870334267616272,0.019186878406326182,70.61828023001128,71.97322458604837,0.020779095590114594,0.8451524376869202,0.1127745658159256,0.04207301884889603,0.8347628712654114,0.12153154611587524,0.043705567717552185,0.025
hyperbolic_paraboloid,T+F,9042,9.700787003978564e-09,0.00030722899828106165,1.9837367290165275e-05,1.1589246988296509,0.04535306693119164,20.400526512322628,21.072124105011934,0.03292060096015843,0.024966848268756118,18.607250213623047,18.352005004882812,3.3780150413513184,2.782041311264038,1.3521405458450317,0.99015873670578,19.223459243774414,19.04413414001465,3.4332592487335205,2.723815441131592,1.3224278688430786,0.9706401228904724,0.08995896001156353,70.61828023001128,76.97102727730825,0.039099741727113724,0.8451524376869202,0.1127745658159256,0.04207301884889603,0.8647022843360901,0.09931375831365585,0.03598393127322197,0.0455
quartic_dome,baseline,42,4.692601714172025e-07,0.011566173285245895,0.0009092288673855364,1.170898199081421,0.03260546627846728,20.040483284883724,20.36639136904762,0.01626248626497564,0.047842131893367855,18.924734115600586,18.169296264648438,3.5656089782714844,2.780275583267212,1.4037837982177734,0.9848977327346802,19.003110885620117,18.51002311706543,3.8799562454223633,2.9901862144470215,1.3196014165878296,0.9449804425239563,0.19770772389842337,65.71618245717235,78.7087793140734,0.016232233494520187,0.8403120636940002,0.11631482094526291,0.04337313398718834,0.8363593220710754,0.12443093210458755,0.0392097532749176,0.019
quartic_dome,T,42,9.153822546393902e-08,0.00020077420049346983,5.190697265788913e-06,0.7807552814483643,0.036908249170226476,20.040483284883724,20.152663817663818,0.005597695982946206,0.04819987476071579,18.924734115600586,18.169296264648438,3.5656089782714844,2.780275583267212,1.4037837982177734,0.9848977327346802,18.011770248413086,18.104515075683594,3.7539865970611572,2.9718923568725586,1.305669903755188,0.9398409724235535,0.05683124424522155,65.71618245717235,61.981450041085246,0.0214788019657135,0.8403120636940002,0.11631482094526291,0.04337313398718834,0.831831693649292,0.12705419957637787,0.04111408069729805,0.0195
quartic_dome,T+F,42,3.1850229345252783e-07,0.0004193379427306354,1.7340335034532472e-05,1.083696722984314,0.03614675057133286,20.040483284883724,20.578660647103085,0.02685451017168341,0.02900064698335823,18.924734115600586,18.169296264648438,3.5656089782714844,2.780275583267212,1.4037837982177734,0.9848977327346802,18.412763595581055,18.765865325927734,3.419849395751953,2.7991034984588623,1.3258568048477173,0.9741095304489136,0.03475817292069726,65.71618245717235,68.00035689070684,0.00663331151008606,0.8403120636940002,0.11631482094526291,0.04337313398718834,0.8383030891418457,0.11963146179914474,0.04206543788313866,0.0345
quartic_dome,baseline,1042,4.1663932378881085e-07,0.009293791837990284,0.0006060224841348827,1.1321771144866943,0.04750332199576806,20.013090096798216,20.135690298507463,0.006126000588427923,0.06085519557114367,18.87572479248047,17.72051239013672,3.2831761837005615,2.7695066928863525,1.302673101425171,0.9857653379440308,18.159255981445312,18.934846878051758,3.6495981216430664,2.931896924972534,1.2675669193267822,0.9251835346221924,0.058231513589293474,73.98790372215996,78.29633134320025,0.016473107039928436,0.842616081237793,0.11544220894575119,0.04194168746471405,0.8364887237548828,0.1236787885427475,0.03983251750469208,0.0185
quartic_dome,T,1042,1.6871396398903867e-07,0.0003047853824682534,7.285565061465604e-06,0.8354256749153137,0.04890767506726089,20.013090096798216,19.77655375552283,0.011819081417778056,0.04900846772790374,18.87572479248047,17.72051239013672,3.2831761837005615,2.7695066928863525,1.302673101425171,0.9857653379440308,17.27369499206543,18.698822021484375,3.5405147075653076,2.877204656600952,1.3032333850860596,0.9500092267990112,0.13243804645034468,73.98790372215996,64.1890902922409,0.014279868453741074,0.842616081237793,0.11544220894575119,0.04194168746471405,0.8354761600494385,0.1220422089099884,0.04248163476586342,0.0425
quartic_dome,T+F,1042,2.533341383657636e-08,0.0003964031348004937,1.6768306522862986e-05,1.1716173887252808,0.047585687772264344,20.013090096798216,19.691495258935085,0.01606922450794249,0.044209058381788346,18.87572479248047,17.72051239013672,3.2831761837005615,2.7695066928863525,1.302673101425171,0.9857653379440308,17.572509765625,18.194021224975586,3.387420177459717,2.586500883102417,1.3636420965194702,1.0102702379226685,0.15867437626486613,73.98790372215996,62.24791924790126,0.007805522531270981,0.842616081237793,0.11544220894575119,0.04194168746471405,0.8417576551437378,0.11239789426326752,0.04584446921944618,0.0435
quartic_dome,baseline,2042,2.0313702624485787e-07,0.0052426522597670555,0.00024974491680040956,1.136721134185791,0.02493211231017097,20.55067758749069,21.03107843137255,0.023376399237282693,0.02788945510345121,18.592330932617188,18.488624572753906,3.5473251342773438,2.7439332008361816,1.3062660694122314,0.9867983460426331,19.681425094604492,18.934967041015625,3.4171597957611084,2.658226251602173,1.3257485628128052,0.9885489344596863,0.0004322113432966685,68.82994602493395,68.85969510836442,0.03843636065721512,0.8453883528709412,0.11326214671134949,0.04134947434067726,0.8646065592765808,0.09843403846025467,0.03695942834019661,0.02
quartic_dome,T,2042,1.455619664073908e-07,0.0002842234680429101,5.609266736428253e-06,0.8187371492385864,0.03772590226168191,20.55067758749069,20.31838287331918,0.011303506328808745,0.018699921759469065,18.592330932617188,18.488624572753906,3.5473251342773438,2.7439332008361816,1.3062660694122314,0.9867983460426331,18.56528091430664,17.90585708618164,3.425527334213257,2.815647602081299,1.3288931846618652,0.9882110357284546,0.1344522136094544,68.82994602493395,59.57560741926231,0.015431083738803864,0.8453883528709412,0.11326214671134949,0.04134947434067726,0.8376728296279907,0.1193409413099289,0.04298624023795128,0.0275
quartic_dome,T+F,2042,1.2641075909640454e-08,0.00040024102781899273,1.597054688318167e-05,1.0617154836654663,0.022352810869818843,20.55067758749069,20.866250947687643,0.015355861569695636,0.01663932057582535,18.592330932617188,18.488624572753906,3.5473251342773438,2.7439332008361816,1.3062660694122314,0.9867983460426331,18.92290687561035,19.04884147644043,3.5644912719726562,2.696920871734619,1.3375991582870483,0.9925177693367004,0.017980881329750318,68.82994602493395,67.59232293352649,0.010542936623096466,0.8453883528709412,0.11326214671134949,0.04134947434067726,0.8506598472595215,0.10885626822710037,0.04048391059041023,0.033
quartic_dome,baseline,3042,4.927790709261537e-07,0.007395626045763493,0.0005323755904100835,1.146823763847351,0.037869424296229574,20.42622246696035,20.073715701219513,0.017257560290994657,0.021863453720886283,18.625883102416992,18.651227951049805,3.506350040435791,2.7712461948394775,1.337001085281372,0.9975137114524841,17.686344146728516,18.875490188598633,3.4436960220336914,2.800248146057129,1.3269007205963135,0.9647697806358337,0.05894060768605727,66.43527928591695,70.35101501882183,0.005203276872634888,0.8426864147186279,0.11494092643260956,0.04237266629934311,0.8452880382537842,0.11428360641002655,0.04042833298444748,0.0195
quartic_dome,T,3042,1.6735945941199228e-07,0.0002454616769682616,6.37243010714883e-06,0.8548521399497986,0.017564614083871707,20.42622246696035,19.79110912981455,0.031093039262306228,0.037931033083624756,18.625883102416992,18.651227951049805,3.506350040435791,2.7712461948394775,1.337001085281372,0.9975137114524841,17.94746971130371,18.058168411254883,3.672088861465454,2.844796657562256,1.2472736835479736,0.9791135787963867,0.0029677519454984133,66.43527928591695,66.63244271526746,0.01256364956498146,0.8426864147186279,0.11494092643260956,0.04237266629934311,0.8371655941009521,0.12122273445129395,0.04161164537072182,0.029
quartic_dome,T+F,3042,3.910523600238074e-08,0.0003105361247435212,1.8048278434434906e-05,1.1834604740142822,0.023789161970058998,20.42622246696035,20.242864225781847,0.008976610407288334,0.012033475867084161,18.625883102416992,18.651227951049805,3.506350040435791,2.7712461948394775,1.337001085281372,0.9975137114524841,18.75754165649414,18.49471092224121,3.4293103218078613,2.751756429672241,1.3205292224884033,1.0128915309906006,0.017214525613314224,66.43527928591695,65.29162746902185,0.016371041536331177,0.8426864147186279,0.11494092643260956,0.04237266629934311,0.8508719205856323,0.10825469344854355,0.040873363614082336,0.0435
quartic_dome,baseline,4042,3.023783550933652e-07,0.004988542757928371,0.0004681668942794204,1.1270828247070312,0.051652526868991626,20.989718100890208,18.96087186261559,0.09665905128037765,0.06891425108216397,19.73012924194336,18.965429306030273,3.669102668762207,2.737358331680298,1.3409571647644043,0.9935920238494873,16.461801528930664,16.586179733276367,3.3761491775512695,2.682079315185547,1.3626019954681396,0.9874287843704224,0.04581957290114011,72.11437753695743,68.81012755818247,0.12145109474658966,0.8479141592979431,0.11086444556713104,0.04122142121195793,0.7871885895729065,0.1543731689453125,0.05843822658061981,0.055
quartic_dome,T,4042,1.1438283193578471e-07,0.0002462669217493385,5.859947577846469e-06,0.7993808388710022,0.04769015122589435,20.989718100890208,19.2042732166891,0.08506283293654074,0.06770455066344469,19.73012924194336,18.965429306030273,3.669102668762207,2.737358331680298,1.3409571647644043,0.9935920238494873,17.247514724731445,16.898849487304688,3.482492685317993,2.8878061771392822,1.3154120445251465,0.9473280310630798,0.05574347106887262,72.11437753695743,68.09447181907629,0.09303386509418488,0.8479141592979431,0.11086444556713104,0.04122142121195793,0.8013972043991089,0.14809787273406982,0.0505049042403698,0.032
quartic_dome,T+F,4042,9.265720620705046e-07,0.0005598720163106918,3.2979318348225206e-05,0.9321416020393372,0.03886573980501103,20.989718100890208,20.260437821927887,0.03474464380402474,0.047451808349875745,19.73012924194336,18.965429306030273,3.669102668762207,2.737358331680298,1.3409571647644043,0.9935920238494873,17.906675338745117,18.41200065612793,3.2451119422912598,2.6908905506134033,1.3797531127929688,0.9919564127922058,0.12164715959578414,72.11437753695743,63.34186834356854,0.013744693249464035,0.8479141592979431,0.11086444556713104,0.04122142121195793,0.8410418033599854,0.11463958024978638,0.04431862384080887,0.0315
quartic_dome,baseline,5042,1.4742892826281822e-07,0.004126036074012518,0.00019161547243129462,1.1466697454452515,0.04888087970460232,19.91298611111111,20.100792151162793,0.009431334858757844,0.02777962667907975,18.35256004333496,17.889846801757812,3.6718664169311523,2.721783399581909,1.3331223726272583,0.9690374732017517,18.299259185791016,18.327104568481445,3.6541507244110107,2.9278838634490967,1.3601502180099487,1.0063555240631104,0.10006041839337194,62.7642154763223,69.04442913701486,0.010411281138658524,0.8416284322738647,0.11620260775089264,0.04216896370053291,0.8364228010177612,0.1204620823264122,0.04311513900756836,0.0515
quartic_dome,T,5042,1.4738558020688296e-07,0.00025168556021526456,6.616719019802986e-06,0.8137159943580627,0.04595216893171428,19.91298611111111,20.27285258681786,0.01807194931482172,0.022219606341253365,18.35256004333496,17.889846801757812,3.6718664169311523,2.721783399581909,1.3331223726272583,0.9690374732017517,18.379243850708008,17.762861251831055,3.7044975757598877,2.9774436950683594,1.3173377513885498,0.9592432379722595,0.014553389619868509,62.7642154763223,61.85078339431,0.019297584891319275,0.8416284322738647,0.11620260775089264,0.04216896370053291,0.8319796323776245,0.12563619017601013,0.04238416627049446,0.03
quartic_dome,T+F,5042,4.5612923985124745e-09,0.00032052380265668035,1.3314091120264493e-05,1.0245704650878906,0.04841739544946457,19.91298611111111,19.569701715137956,0.017239222387726502,0.033342946818610754,18.35256004333496,17.889846801757812,3.6718664169311523,2.721783399581909,1.3331223726272583,0.9690374732017517,17.25811195373535,18.183563232421875,3.5463197231292725,2.858564853668213,1.3342547416687012,1.0065486431121826,0.055722296771955906,62.7642154763223,66.26158171775292,0.0047716014087200165,0.8416284322738647,0.11620260775089264,0.04216896370053291,0.839474081993103,0.1185884103178978,0.04193751513957977,0.0315
quartic_dome,baseline,6042,9.419342511060152e-07,0.023840300738811493,0.001692295540124178,1.142107367515564,0.040597877985601036,19.74132608695652,20.59709035222052,0.043348874411705304,0.03102526280912464,18.73769760131836,17.67011260986328,3.52843976020813,2.7960128784179688,1.3093550205230713,1.0186136960983276,19.330236434936523,18.317535400390625,3.5252161026000977,2.881579875946045,1.3559740781784058,0.9669008255004883,0.0908203530011192,67.40303254512159,73.52459975421546,0.015327822417020798,0.8417825698852539,0.11515368521213531,0.04306374490261078,0.8494464755058289,0.11207970976829529,0.03847380355000496,0.0315
quartic_dome,T,6042,1.041237045506905e-07,0.00019742024596780539,6.085916538722813e-06,0.789801299571991,0.03262532115646665,19.74132608695652,19.774114546732257,0.0016609046236970625,0.02583107055657925,18.73769760131836,17.67011260986328,3.52843976020813,2.7960128784179688,1.3093550205230713,1.0186136960983276,17.882837295532227,17.677499771118164,3.603411912918091,2.9366137981414795,1.343571424484253,1.030103087425232,0.12564195849494844,67.40303254512159,75.87168156258942,0.03313995525240898,0.8417825698852539,0.11515368521213531,0.04306374490261078,0.8252125978469849,0.1294775754213333,0.04530983790755272,0.0095
quartic_dome,T+F,6042,1.7405591731869606e-08,0.0008205422200262547,3.098997694905847e-05,1.0767865180969238,0.03196735708683117,19.74132608695652,19.21035637149028,0.026896355043598625,0.031052806306601715,18.73769760131836,17.67011260986328,3.52843976020813,2.7960128784179688,1.3093550205230713,1.0186136960983276,18.46656036376953,16.841920852661133,3.3759965896606445,2.7377126216888428,1.3838529586791992,1.0227136611938477,0.008247189577581882,67.40303254512159,67.95891813262513,0.018370509147644043,0.8417825698852539,0.11515368521213531,0.04306374490261078,0.8325973153114319,0.12065622955560684,0.04674645513296127,0.035
quartic_dome,baseline,7042,1.2250516079458877e-06,0.023078763857483864,0.0017218280117958784,1.1300320625305176,0.0711364316150563,19.97801838235294,20.07637085137085,0.004923034263737991,0.030263020246888886,18.656057357788086,17.89380645751953,3.389110565185547,2.726531744003296,1.3479505777359009,1.0106990337371826,18.361661911010742,17.688556671142578,3.626840114593506,2.7506043910980225,1.3868095874786377,0.9636760950088501,0.033203554509023785,70.74519494914625,73.09418688589174,0.007796350866556168,0.8463610410690308,0.11181993037462234,0.0418190062046051,0.8432731032371521,0.11571810394525528,0.04100876674056053,0.0175
quartic_dome,T,7042,2.3228456674546783e-07,0.00036511465441435575,7.182467925304081e-06,0.8113986849784851,0.0732334048282405,19.97801838235294,19.45611525423729,0.026123868650389227,0.059105700374919835,18.656057357788086,17.89380645751953,3.389110565185547,2.726531744003296,1.3479505777359009,1.0106990337371826,17.739171981811523,16.924943923950195,3.706498384475708,2.96621036529541,1.3216924667358398,0.9598538875579834,0.11708753999341066,70.74519494914625,62.46181410619646,0.053716059774160385,0.8463610410690308,0.11181993037462234,0.0418190062046051,0.8195030093193054,0.1346074342727661,0.04588953033089638,0.026
quartic_dome,T+F,7042,1.0471699373629779e-07,0.0030804937705397606,0.00013309602218214422,1.1516650915145874,0.07297502217098058,19.97801838235294,19.651513569937368,0.016343203122887336,0.02625587727821137,18.656057357788086,17.89380645751953,3.389110565185547,2.726531744003296,1.3479505777359009,1.0106990337371826,17.828529357910156,17.36342430114746,3.3771631717681885,2.6305322647094727,1.403651475906372,1.014216661453247,0.012712866940325116,70.74519494914625,69.8458206990904,0.04466427490115166,0.8463610410690308,0.11181993037462234,0.0418190062046051,0.8240289092063904,0.12646788358688354,0.04950319603085518,0.027
quartic_dome,baseline,8042,4.163622220199722e-07,0.007678191177546978,0.0008185102487914264,1.1558177471160889,0.0539125328272599,20.548930180180182,19.77486832479883,0.03766920460550048,0.019830464274335484,18.350370407104492,18.649972915649414,3.491333246231079,2.7602176666259766,1.4045405387878418,0.9827820658683777,18.01622772216797,18.150678634643555,3.450615882873535,2.821890354156494,1.3658472299575806,0.9950150847434998,0.06791882385457594,73.86215647117835,68.84552567629326,0.0036311186850070953,0.8400653600692749,0.11674123257398605,0.04319343343377113,0.8382498025894165,0.11761674284934998,0.04413348436355591,0.05
quartic_dome,T,8042,1.809000346313847e-07,0.000283603323623538,7.167051080614328e-06,0.822737991809845,0.03839168733734663,20.548930180180182,18.660400000000003,0.0919040633074758,0.04105356118136547,18.350370407104492,18.649972915649414,3.491333246231079,2.7602176666259766,1.4045405387878418,0.9827820658683777,16.917739868164062,16.63128662109375,3.4611151218414307,2.7531139850616455,1.3772486448287964,1.0116264820098877,0.1672234900718231,73.86215647117835,61.510668881836814,0.026130523532629013,0.8400653600692749,0.11674123257398605,0.04319343343377113,0.827000081539154,0.12564590573310852,0.04735400527715683,0.02
quartic_dome,T+F,8042,4.8832959434019275e-09,0.00032216805266216397,1.4570738130714744e-05,0.9587647318840027,0.036254722517795886,20.548930180180182,19.154696620583717,0.06784944750755097,0.024255892128813742,18.350370407104492,18.649972915649414,3.491333246231079,2.7602176666259766,1.4045405387878418,0.9827820658683777,17.38608741760254,17.546531677246094,3.4822516441345215,2.749079704284668,1.4124497175216675,1.0039645433425903,0.10297322097166611,73.86215647117835,66.25633231142793,0.011801980435848236,0.8400653600692749,0.11674123257398605,0.04319343343377113,0.8459663391113281,0.11212603002786636,0.04190763458609581,0.0585
quartic_dome,baseline,9042,1.2638410773424812e-06,0.02534087561070919,0.0027257506735622883,1.1823168992996216,0.04018707532050206,20.400526512322628,20.645036075036074,0.011985453540414954,0.026678169959102244,18.607250213623047,18.352005004882812,3.3780150413513184,2.782041311264038,1.3521405458450317,0.99015873670578,18.455398559570312,18.3033447265625,3.5262365341186523,2.859757661819458,1.3424432277679443,0.9205787777900696,0.06499019840048352,70.61828023001128,66.0287841871619,0.021193258464336395,0.8451524376869202,0.1127745658159256,0.04207301884889603,0.8345558047294617,0.1232248842716217,0.04221932590007782,0.028
quartic_dome,T,9042,1.7597457331452353e-07,0.0002672466798685491,8.951017662184313e-06,0.8369303941726685,0.038096236181453476,20.400526512322628,19.190093880389433,0.05933340157677064,0.0411627153671323,18.607250213623047,18.352005004882812,3.3780150413513184,2.782041311264038,1.3521405458450317,0.99015873670578,16.89238929748535,17.30219078063965,3.574172019958496,2.7087342739105225,1.3440302610397339,0.997282087802887,0.024521230812234843,70.61828023001128,68.88663308092809,0.07085059583187103,0.8451524376869202,0.1127745658159256,0.04207301884889603,0.809727132320404,0.13812711834907532,0.052145760506391525,0.0455
quartic_dome,T+F,9042,1.087267124395243e-06,0.0003300925309304148,1.55633515532827e-05,0.9298100471496582,0.05548769774997894,20.400526512322628,20.440859554873366,0.0019770589021992093,0.02667975647705101,18.607250213623047,18.352005004882812,3.3780150413513184,2.782041311264038,1.3521405458450317,0.99015873670578,19.373931884765625,17.885141372680664,3.2869510650634766,2.710252046585083,1.3593275547027588,1.0251688957214355,0.043274738495832285,70.61828023001128,67.56229262003214,0.00657312199473381,0.8451524376869202,0.1127745658159256,0.04207301884889603,0.8466783165931702,0.10948800295591354,0.04383369907736778,0.048
sinusoidal,baseline,42,4.25809564298269e-07,0.008060641586780548,0.0013720816932618618,1.234217882156372,0.0405102775213641,20.040483284883724,20.13118129907209,0.004525739868597785,0.037771918247686144,18.924734115600586,18.169296264648438,3.5656089782714844,2.780275583267212,1.4037837982177734,0.9848977327346802,18.653247833251953,18.036958694458008,3.3656837940216064,2.602039337158203,1.432031273841858,1.048622727394104,0.026134346570988846,65.71618245717235,63.99873296951427,0.024555683135986328,0.8403120636940002,0.11631482094526291,0.04337313398718834,0.8516619205474854,0.10403697937726974,0.044301118701696396,0.014
sinusoidal,T,42,1.0375136375457363e-07,0.0001010637788567692,3.208609086868819e-06,0.8398498892784119,0.04611011861048349,20.040483284883724,20.720478087649404,0.0339310581037031,0.02557436117158059,18.924734115600586,18.169296264648438,3.5656089782714844,2.780275583267212,1.4037837982177734,0.9848977327346802,19.55586814880371,18.379199981689453,3.695326089859009,2.8627774715423584,1.3566901683807373,0.976090669631958,0.09000819686554963,65.71618245717235,71.6311775450299,0.02999616041779518,0.8403120636940002,0.11631482094526291,0.04337313398718834,0.8553101420402527,0.1074175238609314,0.03727234899997711,0.046
sinusoidal,T+F,42,1.5989975671895514e-07,0.00038816026062704623,2.189019141951576e-05,1.20188570022583,0.04596462655520644,20.040483284883724,20.452450229709036,0.020556737029194003,0.016136393895116098,18.924734115600586,18.169296264648438,3.5656089782714844,2.780275583267212,1.4037837982177734,0.9848977327346802,19.0263729095459,18.151681900024414,3.508730888366699,2.7042429447174072,1.3553943634033203,0.9974142909049988,0.008179499210313272,65.71618245717235,66.2537079196856,0.017925862222909927,0.8403120636940002,0.11631482094526291,0.04337313398718834,0.8492749929428101,0.10934185236692429,0.04138316959142685,0.0385
sinusoidal,baseline,1042,6.103468537608635e-07,0.008761478587985039,0.001041377312503755,1.174820065498352,0.05776363472764015,20.013090096798216,20.18355366027008,0.008517603360968943,0.02300278271520312,18.87572479248047,17.72051239013672,3.2831761837005615,2.7695066928863525,1.302673101425171,0.9857653379440308,18.21316146850586,18.130294799804688,3.44659161567688,2.7963883876800537,1.304663896560669,0.9672502279281616,0.09575827842081383,73.98790372215996,66.902949437761,0.019708435982465744,0.842616081237793,0.11544220894575119,0.04194168746471405,0.8327618837356567,0.12348203361034393,0.04375610128045082,0.014
sinusoidal,T,1042,9.615364410933015e-08,8.744712977204472e-05,3.628820422818535e-06,0.8836036324501038,0.050458563021581485,20.013090096798216,20.18005109489051,0.008342589639318318,0.04307792290912624,18.87572479248047,17.72051239013672,3.2831761837005615,2.7695066928863525,1.302673101425171,0.9857653379440308,18.232290267944336,18.532094955444336,3.3226583003997803,2.595243453979492,1.410902738571167,1.0060229301452637,0.14056876550470335,73.98790372215996,63.587515433655085,0.018513783812522888,0.842616081237793,0.11544220894575119,0.04194168746471405,0.8492292761802673,0.10618531703948975,0.04458538442850113,0.0245
sinusoidal,T+F,1042,8.305392495358817e-08,0.0027848752215504646,0.00019724690355360508,1.248414397239685,0.0534136559455713,20.013090096798216,19.551,0.023089392720624616,0.03130317682151124,18.87572479248047,17.72051239013672,3.2831761837005615,2.7695066928863525,1.302673101425171,0.9857653379440308,17.69194984436035,17.913223266601562,3.4136111736297607,2.665652275085449,1.332237720489502,0.9998686909675598,0.03354937932149982,73.98790372215996,71.5056554749826,0.02515712007880211,0.842616081237793,0.11544220894575119,0.04194168746471405,0.830037534236908,0.12238959968090057,0.047572869807481766,0.056
sinusoidal,baseline,2042,7.465494500093199e-07,0.013301377184689045,0.0013658921234309673,1.143160343170166,0.05056636357959462,20.55067758749069,20.245829402515724,0.014833972440914925,0.020252129185531886,18.592330932617188,18.488624572753906,3.5473251342773438,2.7439332008361816,1.3062660694122314,0.9867983460426331,18.816423416137695,18.243083953857422,3.4387128353118896,2.74249005317688,1.3636404275894165,1.0076323747634888,0.07255062445670687,68.82994602493395,63.83629045950356,0.039068080484867096,0.8453883528709412,0.11326214671134949,0.04134947434067726,0.8649224042892456,0.0979037806391716,0.037173811346292496,0.025
sinusoidal,T,2042,2.545215040607498e-07,0.00014441597159020603,1.0007612218032591e-05,0.8873223066329956,0.017818526202308067,20.55067758749069,20.44097968069666,0.005337921648909651,0.015516270359217677,18.592330932617188,18.488624572753906,3.5473251342773438,2.7439332008361816,1.3062660694122314,0.9867983460426331,18.928844451904297,18.080387115478516,3.569018840789795,2.8197524547576904,1.3278067111968994,0.9894431829452515,0.12613930364074136,68.82994602493395,60.147784563718965,0.011811375617980957,0.8453883528709412,0.11326214671134949,0.04134947434067726,0.8512940406799316,0.10914015024900436,0.039565782994031906,0.02
sinusoidal,T+F,2042,1.3057665206695818e-08,0.0003813168150372803,2.4994995328597724e-05,1.2631287574768066,0.029508356373657726,20.55067758749069,19.892737843551796,0.03201547691738325,0.03257807038798582,18.592330932617188,18.488624572753906,3.5473251342773438,2.7439332008361816,1.3062660694122314,0.9867983460426331,18.242769241333008,17.486507415771484,3.606820583343506,2.770692825317383,1.380593180656433,1.025323510169983,0.01537388838017023,68.82994602493395,69.88812993233442,0.0580853633582592,0.8453883528709412,0.11326214671134949,0.04134947434067726,0.8163456916809082,0.1338944286108017,0.049759894609451294,0.049
sinusoidal,baseline,3042,1.125981445095284e-06,0.018699049949645996,0.0018579052994027734,1.1253066062927246,0.043282595176312305,20.42622246696035,20.828514464425332,0.01969487985924434,0.044252666086263215,18.625883102416992,18.651227951049805,3.506350040435791,2.7712461948394775,1.337001085281372,0.9975137114524841,19.022808074951172,19.232669830322266,3.6364972591400146,2.88246488571167,1.2586419582366943,0.9205332398414612,0.11990461526813823,66.43527928591695,58.469382682907764,0.03103683516383171,0.8426864147186279,0.11494092643260956,0.04237266629934311,0.8582048416137695,0.10644156485795975,0.03535361960530281,0.029
sinusoidal,T,3042,9.686601827782926e-08,8.430487650912255e-05,4.541262114798883e-06,0.8581364750862122,0.025797954118548388,20.42622246696035,20.075647372429547,0.01716299208519162,0.01916823611469833,18.625883102416992,18.651227951049805,3.506350040435791,2.7712461948394775,1.337001085281372,0.9975137114524841,18.547775268554688,18.372102737426758,3.682393789291382,2.7873075008392334,1.289641261100769,1.0019278526306152,0.0259222161663781,66.43527928591695,64.71312961519371,0.0014934763312339783,0.8426864147186279,0.11494092643260956,0.04237266629934311,0.8433793783187866,0.11499468982219696,0.041625916957855225,0.058
sinusoidal,T+F,3042,1.1207020862679002e-07,0.000396284565795213,2.4038916308199987e-05,1.2078593969345093,0.017622935505612034,20.42622246696035,19.9040538573508,0.025563640582793257,0.019426352198937402,18.625883102416992,18.651227951049805,3.506350040435791,2.7712461948394775,1.337001085281372,0.9975137114524841,18.461740493774414,17.861597061157227,3.4228389263153076,2.7737526893615723,1.348736047744751,1.0293445587158203,0.041991060439553446,66.43527928591695,63.6455914581034,0.0033153146505355835,0.8426864147186279,0.11494092643260956,0.04237266629934311,0.8410287499427795,0.1152091771364212,0.04376206547021866,0.035
sinusoidal,baseline,4042,6.019232133797263e-07,0.005968332756310701,0.0007836251170374453,1.0799319744110107,0.07180563066992245,20.989718100890208,19.30862656467316,0.0800911917033203,0.05021312938001462,19.73012924194336,18.965429306030273,3.669102668762207,2.737358331680298,1.3409571647644043,0.9935920238494873,17.751760482788086,17.27740478515625,3.578855037689209,2.9216527938842773,1.3385757207870483,0.9754055738449097,0.008432374716940768,72.11437753695743,72.722472990828,0.03565819561481476,0.8479141592979431,0.11086444556713104,0.04122142121195793,0.830085039138794,0.126632958650589,0.04328198358416557,0.0255
sinusoidal,T,4042,9.04238636869548e-08,8.352468285011128e-05,3.988965545431711e-06,0.8654254674911499,0.04019402489856595,20.989718100890208,20.07749633431085,0.04346041057791378,0.04661421621740633,19.73012924194336,18.965429306030273,3.669102668762207,2.737358331680298,1.3409571647644043,0.9935920238494873,17.963665008544922,18.085947036743164,3.3081142902374268,2.72065806388855,1.3858634233474731,0.9878232479095459,0.08728848945355092,72.11437753695743,65.81962245387334,0.01551329717040062,0.8479141592979431,0.11086444556713104,0.04122142121195793,0.8401575088500977,0.1155867874622345,0.04425572603940964,0.0385
sinusoidal,T+F,4042,5.03973548001707e-08,0.0015024845488369465,0.00012462319864425808,1.2708399295806885,0.03617895530795056,20.989718100890208,20.519919847328246,0.022382304102599487,0.05193161763513999,19.73012924194336,18.965429306030273,3.669102668762207,2.737358331680298,1.3409571647644043,0.9935920238494873,17.7316837310791,18.989227294921875,3.168180227279663,2.6263513565063477,1.3420374393463135,0.9626285433769226,0.005329873850596106,72.11437753695743,72.49873807204368,0.00729953870177269,0.8479141592979431,0.11086444556713104,0.04122142121195793,0.8515639305114746,0.10737743228673935,0.04105866700410843,0.0305
sinusoidal,baseline,5042,3.2369888373720114e-07,0.005078340880572796,0.0004688319459091872,1.1562390327453613,0.046216053748007274,19.91298611111111,20.004764258555134,0.004608959546896586,0.03685118864260032,18.35256004333496,17.889846801757812,3.6718664169311523,2.721783399581909,1.3331223726272583,0.9690374732017517,18.479843139648438,17.60723304748535,3.4151787757873535,2.7385153770446777,1.4171632528305054,1.0264816284179688,0.1397613998242379,62.7642154763223,71.5362300901632,0.002348054200410843,0.8416284322738647,0.11620260775089264,0.04216896370053291,0.84111088514328,0.11554612964391708,0.043342992663383484,0.06
sinusoidal,T,5042,1.858057857048582e-07,9.539914026390761e-05,5.995531864755321e-06,0.8517890572547913,0.04758599026817505,19.91298611111111,19.6157760453579,0.014925439313562855,0.030923985665150058,18.35256004333496,17.889846801757812,3.6718664169311523,2.721783399581909,1.3331223726272583,0.9690374732017517,17.90567398071289,17.0518741607666,3.494381904602051,2.79884934425354,1.374018669128418,0.975845217704773,0.015279019026042237,62.7642154763223,63.72319111873964,0.017032500356435776,0.8416284322738647,0.11620260775089264,0.04216896370053291,0.8331121802330017,0.12210123986005783,0.04478657990694046,0.031
sinusoidal,T+F,5042,7.928450832511785e-08,0.0026252977550029755,0.00019310681091155857,1.2749707698822021,0.056083806678773385,19.91298611111111,19.849939759036143,0.0031660923039456977,0.013678694000839218,18.35256004333496,17.889846801757812,3.6718664169311523,2.721783399581909,1.3331223726272583,0.9690374732017517,18.30581283569336,18.111454010009766,3.529005527496338,2.6758928298950195,1.3300620317459106,0.9778311848640442,0.05134376096403192,62.7642154763223,59.541664599811014,0.06089233607053757,0.8416284322738647,0.11620260775089264,0.04216896370053291,0.8720746040344238,0.09305728226900101,0.03486812487244606,0.0435
sinusoidal,baseline,6042,1.3846106797141667e-06,0.03397373855113983,0.0031673989724367857,1.2149068117141724,0.04029333738527294,19.74132608695652,20.479295352323838,0.03738195003297725,0.022608484711082243,18.73769760131836,17.67011260986328,3.52843976020813,2.7960128784179688,1.3093550205230713,1.0186136960983276,19.32314682006836,18.154497146606445,3.5651607513427734,2.8028030395507812,1.3338673114776611,0.9723306894302368,0.1310670302811298,67.40303254512159,58.56871723749016,0.032314762473106384,0.8417825698852539,0.11515368521213531,0.04306374490261078,0.8579399585723877,0.1048487052321434,0.037211351096630096,0.021
sinusoidal,T,6042,1.3903949574210603e-07,0.0001271226501557976,5.085253178549465e-06,0.8429520726203918,0.03765108270924787,19.74132608695652,20.40197857142857,0.03346545624959604,0.029521139122151433,18.73769760131836,17.67011260986328,3.52843976020813,2.7960128784179688,1.3093550205230713,1.0186136960983276,19.39137840270996,17.633819580078125,3.3027806282043457,2.716538906097412,1.3447818756103516,0.9974755048751831,0.03355094862969212,67.40303254512159,65.14159686271475,0.004496481269598007,0.8417825698852539,0.11515368521213531,0.04306374490261078,0.839534342288971,0.11662118881940842,0.043844494968652725,0.0195
sinusoidal,T+F,6042,6.0628370428008995e-09,0.0002694021677598357,1.4587112673325464e-05,1.186793327331543,0.03795209558629171,19.74132608695652,20.209041636755206,0.023692205262123477,0.027704599916434643,18.73769760131836,17.67011260986328,3.52843976020813,2.7960128784179688,1.3093550205230713,1.0186136960983276,18.28618621826172,18.18647575378418,3.394378185272217,2.6819040775299072,1.3519821166992188,1.020189642906189,0.037057548902104345,67.40303254512159,64.90524137043062,0.009981289505958557,0.8417825698852539,0.11515368521213531,0.04306374490261078,0.8467732071876526,0.11063244938850403,0.04259432852268219,0.0295
sinusoidal,baseline,7042,6.051200012843222e-07,0.008230054751038551,0.0007771922391839325,1.1573635339736938,0.06143779255126966,19.97801838235294,19.845997012696042,0.006608331573741802,0.018708916157728444,18.656057357788086,17.89380645751953,3.389110565185547,2.726531744003296,1.3479505777359009,1.0106990337371826,18.92168617248535,17.722244262695312,3.5390636920928955,2.6692166328430176,1.360917329788208,0.9970130920410156,0.046704474603601866,70.74519494914625,67.44107778831699,0.010526247322559357,0.8463610410690308,0.11181993037462234,0.0418190062046051,0.8516241908073425,0.10736357420682907,0.04101226478815079,0.0285
sinusoidal,T,7042,6.057079058993071e-08,6.394315278157592e-05,2.444861138428678e-06,0.8696478009223938,0.06058692493531775,19.97801838235294,20.26667491166078,0.014448706762769676,0.01494326184423409,18.656057357788086,17.89380645751953,3.389110565185547,2.726531744003296,1.3479505777359009,1.0106990337371826,18.490434646606445,17.773944854736328,3.5309982299804688,2.658316135406494,1.3522249460220337,1.0147695541381836,0.12633854446430218,70.74519494914625,61.80734999142781,0.01062396913766861,0.8463610410690308,0.11181993037462234,0.0418190062046051,0.841049075126648,0.11462180316448212,0.04432913661003113,0.0305
sinusoidal,T+F,7042,5.3671580975045875e-08,0.0018639564514160156,0.00011610024375841022,1.2941458225250244,0.058161096952016,19.97801838235294,20.460961685823754,0.02417373406250395,0.01909078677444123,18.656057357788086,17.89380645751953,3.389110565185547,2.726531744003296,1.3479505777359009,1.0106990337371826,19.303321838378906,17.72266960144043,3.4891064167022705,2.7075228691101074,1.338536024093628,0.9835871458053589,0.07225269576324446,70.74519494914625,65.63366390177417,0.000931520015001297,0.8463610410690308,0.11181993037462234,0.0418190062046051,0.8458952903747559,0.11199256032705307,0.04211214557290077,0.061
sinusoidal,baseline,8042,2.6087102593752136e-07,0.0038206882309168577,0.0004381901235319674,1.1846166849136353,0.054227349756349345,20.548930180180182,19.976780028943562,0.027843306012517846,0.01839625662950042,18.350370407104492,18.649972915649414,3.491333246231079,2.7602176666259766,1.4045405387878418,0.9827820658683777,18.239347457885742,18.030986785888672,3.5133047103881836,2.809093952178955,1.3908377885818481,1.019519567489624,0.07718558574694821,73.86215647117835,68.16106265941771,0.00844787061214447,0.8400653600692749,0.11674123257398605,0.04319343343377113,0.8358414173126221,0.11921711266040802,0.044941481202840805,0.0195
sinusoidal,T,8042,8.538758881165373e-08,5.9562866226769984e-05,3.5860989555658307e-06,0.8726545572280884,0.049568105637986,20.548930180180182,21.820658800393314,0.061887826230473904,0.05382705588919547,18.350370407104492,18.649972915649414,3.491333246231079,2.7602176666259766,1.4045405387878418,0.9827820658683777,21.66668701171875,19.722875595092773,3.61722993850708,2.750296115875244,1.3423829078674316,0.9819930195808411,0.10417581984358666,73.86215647117835,81.55680717697864,0.10662151873111725,0.8400653600692749,0.11674123257398605,0.04319343343377113,0.8933761119842529,0.07809873670339584,0.02852516621351242,0.024
sinusoidal,T+F,8042,1.1917630566208187e-08,0.00016081771173048764,1.2393059478199575e-05,1.2947040796279907,0.04044499351724946,20.548930180180182,18.405077958894402,0.10432914037313555,0.0466042729139621,18.350370407104492,18.649972915649414,3.491333246231079,2.7602176666259766,1.4045405387878418,0.9827820658683777,16.793479919433594,16.612163543701172,3.4556915760040283,2.772390365600586,1.4347676038742065,1.0313093662261963,0.05942230599079116,73.86215647117835,69.4730968082083,0.04939921945333481,0.8400653600692749,0.11674123257398605,0.04319343343377113,0.815365731716156,0.1339941769838333,0.050640080124139786,0.0515
sinusoidal,baseline,9042,1.9212193229346912e-07,0.0029078538063913584,0.00029322959017008543,1.2012791633605957,0.04051598226475785,20.400526512322628,19.42358457183298,0.04788807484451649,0.04264019752544745,18.607250213623047,18.352005004882812,3.3780150413513184,2.782041311264038,1.3521405458450317,0.99015873670578,17.661975860595703,17.493144989013672,3.6426947116851807,2.8934342861175537,1.3326143026351929,0.9650028347969055,0.04901485736705419,70.61828023001128,74.07962516299195,0.04931270703673363,0.8451524376869202,0.1127745658159256,0.04207301884889603,0.8204960823059082,0.13362756371498108,0.04587637260556221,0.034
sinusoidal,T,9042,1.1406572144976654e-07,0.00010893626313190907,5.117863111081533e-06,0.922478199005127,0.04018726961654193,20.400526512322628,20.3366838614591,0.0031294609394009764,0.02430599997945504,18.607250213623047,18.352005004882812,3.3780150413513184,2.782041311264038,1.3521405458450317,0.99015873670578,18.58820915222168,17.9918270111084,3.6135001182556152,2.824639320373535,1.3279383182525635,1.0122041702270508,0.04106384682528629,70.61828023001128,73.5181384724416,0.033802956342697144,0.8451524376869202,0.1127745658159256,0.04207301884889603,0.8282509446144104,0.1265934258699417,0.04515562206506729,0.0345
sinusoidal,T+F,9042,8.615190824968694e-08,0.002582102781161666,0.00021511271188501269,1.3190566301345825,0.03708637930472493,20.400526512322628,20.468300550747443,0.003322171042197242,0.01758503265394575,18.607250213623047,18.352005004882812,3.3780150413513184,2.782041311264038,1.3521405458450317,0.99015873670578,18.1903133392334,18.574806213378906,3.333639144897461,2.7429707050323486,1.3197731971740723,1.0098075866699219,0.08223583705459793,70.61828023001128,64.81092684394014,0.023655079305171967,0.8451524376869202,0.1127745658159256,0.04207301884889603,0.8569799661636353,0.10289894789457321,0.040121085941791534,0.055
