W2@1.0,MFPT_gt_r0.5,MFPT_lr_r0.5,MFPT_err_r0.5,exit_frac_r0.5,MFPT_gt_r1.0,MFPT_lr_r1.0,MFPT_err_r1.0,exit_frac_r1.0,MFPT_gt_r2.0,MFPT_lr_r2.0,MFPT_err_r2.0,exit_frac_r2.0,MFPT_gt_r3.0,MFPT_lr_r3.0,MFPT_err_r3.0,exit_frac_r3.0,surface,seed,condition,recon_per_dim
2.0256095053562233,0.07462000101804733,0.14814001321792603,0.9852587938466713,1.0,0.23626002669334412,0.46693387627601624,0.9763558093645582,0.998,0.6002231240272522,0.9748688340187073,0.6241774016931159,0.686,0.7733480930328369,1.1140000820159912,0.4404898545068113,0.25,paraboloid,42,baseline,0.0016797313635999506
1.9042691856130873,0.07462000101804733,0.15328000485897064,1.0541410180616169,1.0,0.23626002669334412,0.4701422452926636,0.9899356309770042,0.984,0.6002231240272522,0.9171260595321655,0.5279752192461763,0.682,0.7733480930328369,1.1369229555130005,0.47013093554589774,0.286,paraboloid,42,T,0.0006316069259562275
2.1801603728298367,0.07462000101804733,0.09865999966859818,0.3221656167591932,1.0,0.23626002669334412,0.35646000504493713,0.508761384792391,1.0,0.6002231240272522,1.0380165576934814,0.7293844841045343,0.726,0.7733480930328369,1.316087007522583,0.7018041673333525,0.23,paraboloid,42,F,0.016878165981986305
1.0308927322019146,0.07462000101804733,0.07539999485015869,0.01045287887255204,1.0,0.23626002669334412,0.23797999322414398,0.007279972642313768,1.0,0.6002231240272522,0.653527021408081,0.0888068040817579,0.964,0.7733480930328369,0.9348463416099548,0.20882995643497448,0.846,paraboloid,42,T+F,0.0008449632335792888
1.959714708720126,0.08272000402212143,0.17423999309539795,1.106382792834509,1.0,0.250980019569397,0.503333330154419,1.0054717145132952,0.996,0.5882821679115295,1.0070710182189941,0.7118843187006908,0.676,0.7765548229217529,1.1905494928359985,0.5331171189647745,0.182,paraboloid,1042,baseline,0.0006289930844848806
1.5170600357695132,0.08272000402212143,0.06766000390052795,0.18205995393286065,1.0,0.250980019569397,0.2287999987602234,0.08837365160472753,1.0,0.5882821679115295,0.7353172302246094,0.24993968937571487,0.914,0.7765548229217529,1.0773611068725586,0.3873600099720396,0.432,paraboloid,1042,T,0.0004838025620715185
2.0400980051272035,0.08272000402212143,0.09306000173091888,0.12499996622379608,1.0,0.250980019569397,0.3264000117778778,0.30050197755932084,1.0,0.5882821679115295,0.8756961822509766,0.4885648928639132,0.79,0.7765548229217529,1.1482142210006714,0.4786003345914027,0.392,paraboloid,1042,F,0.01332168552008542
1.1156901077810324,0.08272000402212143,0.06637999415397644,0.1975339588205926,1.0,0.250980019569397,0.20894001424312592,0.16750339488537186,1.0,0.5882821679115295,0.5672652721405029,0.03572587597825555,0.98,0.7765548229217529,0.8151422142982483,0.04969049220673438,0.844,paraboloid,1042,T+F,3.052320045588369e-05
1.707247296506189,0.07320000231266022,0.08566001057624817,0.17021868674767715,1.0,0.22940000891685486,0.2839600145816803,0.237837853287096,1.0,0.5792592167854309,0.8233944773674011,0.4214611585065253,0.872,0.7756792902946472,1.1069353818893433,0.4270529015527359,0.372,paraboloid,2042,baseline,0.0008811077780344269
1.5775818138446607,0.07320000231266022,0.07860001176595688,0.07377061861598752,1.0,0.22940000891685486,0.2653200030326843,0.1565823571037808,1.0,0.5792592167854309,0.7968493103981018,0.37563509963669783,0.876,0.7756792902946472,1.1192049980163574,0.44287079985237143,0.478,paraboloid,2042,T,0.0005851833742450584
1.8778289441601443,0.07320000231266022,0.06734000146389008,0.08005465387473946,1.0,0.22940000891685486,0.22190000116825104,0.032694016813757706,1.0,0.5792592167854309,0.6748232841491699,0.16497634322344817,0.962,0.7756792902946472,1.0429142713546753,0.34451735969193786,0.7,paraboloid,2042,F,0.012335353276946327
1.003393354303582,0.07320000231266022,0.07428000122308731,0.014754083009643615,1.0,0.22940000891685486,0.237280011177063,0.03435048802924941,1.0,0.5792592167854309,0.6337213516235352,0.09402031639710293,0.962,0.7756792902946472,0.8852630853652954,0.14127461754073906,0.798,paraboloid,2042,T+F,0.0011242024431174452
1.8867576079290072,0.07853999733924866,0.11896000057458878,0.5146422791529826,1.0,0.23291999101638794,0.3617435097694397,0.5530805586540999,0.998,0.5840534567832947,0.8884499669075012,0.5211791944536831,0.8,0.7793377041816711,1.147411823272705,0.47229091716731864,0.34,paraboloid,3042,baseline,0.00026421843689273703
2.028993329940084,0.07853999733924866,0.12310001254081726,0.567354427185608,1.0,0.23291999101638794,0.3924448788166046,0.6848913530526142,0.998,0.5840534567832947,0.901032567024231,0.5427227705948622,0.736,0.7793377041816711,1.0764237642288208,0.38120324277021767,0.302,paraboloid,3042,T,0.0008629441091960126
2.100165324031752,0.07853999733924866,0.09843999892473221,0.25337410567416657,1.0,0.23291999101638794,0.31014004349708557,0.3315303772069291,1.0,0.5840534567832947,0.8370438814163208,0.43316313206394547,0.866,0.7793377041816711,1.1413393020629883,0.46449901748489136,0.448,paraboloid,3042,F,0.014723585410551592
1.4619572929301843,0.07853999733924866,0.12157999724149704,0.5480010359096368,1.0,0.23291999101638794,0.3587174415588379,0.5400886802095017,0.998,0.5840534567832947,0.755901575088501,0.294233543709627,0.854,0.7793377041816711,0.9577913880348206,0.2289812014684075,0.652,paraboloid,3042,T+F,2.8270810038189996e-05
1.5384749114985703,0.075360007584095,0.0752200037240982,0.0018578005030130062,1.0,0.2389800250530243,0.2438800185918808,0.0205037786642181,1.0,0.56160569190979,0.7099343538284302,0.26411531089408186,0.914,0.7788528203964233,1.130218505859375,0.4511323272657757,0.366,paraboloid,4042,baseline,0.0005841035057197918
1.5058222116813005,0.075360007584095,0.07078000158071518,0.06077502046783828,1.0,0.2389800250530243,0.24250000715255737,0.014729189599641545,1.0,0.56160569190979,0.7556828260421753,0.345575440078623,0.908,0.7788528203964233,1.124144196510315,0.4433332807835811,0.444,paraboloid,4042,T,0.0005398679693991488
1.9386997316947299,0.075360007584095,0.08171999454498291,0.08439472294095425,1.0,0.2389800250530243,0.2775600254535675,0.1614360881918193,1.0,0.56160569190979,0.8163288831710815,0.45356233907651944,0.888,0.7788528203964233,1.0422694683074951,0.33821107276339707,0.564,paraboloid,4042,F,0.008633781563151966
1.1204241863996822,0.075360007584095,0.0810599997639656,0.07563683129290992,1.0,0.2389800250530243,0.24528001248836517,0.026361983324518674,1.0,0.56160569190979,0.6205122470855713,0.10488952662759574,0.976,0.7788528203964233,0.94746994972229,0.21649421419574927,0.83,paraboloid,4042,T+F,8.863124954090877e-05
1.625595831630213,0.07586000114679337,0.07336000353097916,0.032955412312432916,1.0,0.21748000383377075,0.22613999247550964,0.03981970061191507,1.0,0.5730162262916565,0.7184233069419861,0.25375735272166555,0.926,0.7795206904411316,1.1166071891784668,0.4324279045711764,0.448,paraboloid,5042,baseline,0.0005445252595977349
1.5365277002216984,0.07586000114679337,0.07488000392913818,0.012918497269184483,1.0,0.21748000383377075,0.2381400167942047,0.0949972990446758,1.0,0.5730162262916565,0.7506181001663208,0.309942137282981,0.906,0.7795206904411316,1.0911290645599365,0.39974355772707637,0.496,paraboloid,5042,T,0.0002591900146481666
2.0647964057458035,0.07586000114679337,0.10286000370979309,0.3559188261908038,1.0,0.21748000383377075,0.3737875521183014,0.7187214710737414,0.998,0.5730162262916565,0.8464227318763733,0.4771357128123577,0.738,0.7795206904411316,1.0420564413070679,0.3367912540170897,0.496,paraboloid,5042,F,0.020272050391543995
0.963613884109986,0.07586000114679337,0.06911999732255936,0.08884792673798834,1.0,0.21748000383377075,0.20506000518798828,0.057108692416961725,1.0,0.5730162262916565,0.5781376361846924,0.008937635023321608,0.988,0.7795206904411316,0.8408408164978027,0.07866388513943103,0.88,paraboloid,5042,T+F,0.00021881946701217782
2.0145868339373005,0.07998000085353851,0.12860001623630524,0.6079021613390699,1.0,0.21904000639915466,0.42276209592819214,0.9300679491297883,0.992,0.5404838919639587,0.9343491196632385,0.7287270417404854,0.676,0.7301326990127563,1.1092424392700195,0.5192340252256524,0.264,paraboloid,6042,baseline,0.00032133526507426393
2.103004909745428,0.07998000085353851,0.2047400027513504,1.5598899795747152,1.0,0.21904000639915466,0.5864487886428833,1.677359256346089,0.918,0.5404838919639587,0.8957550525665283,0.6573205342191035,0.49,0.7301326990127563,1.0312727689743042,0.4124456696279077,0.22,paraboloid,6042,T,0.0004050140269100666
2.0216048002600413,0.07998000085353851,0.08708000183105469,0.08877220432290171,1.0,0.21904000639915466,0.28808003664016724,0.3151937008036858,1.0,0.5404838919639587,0.8621105551719666,0.595071690368628,0.796,0.7301326990127563,0.9695982933044434,0.3279754414717745,0.448,paraboloid,6042,F,0.016654021360657432
1.1455798704318885,0.07998000085353851,0.07436000555753708,0.07026750732714943,1.0,0.21904000639915466,0.22242000699043274,0.015430973760650514,1.0,0.5404838919639587,0.5355983376502991,0.009039222789613595,0.986,0.7301326990127563,0.7931191921234131,0.08626718567162307,0.872,paraboloid,6042,T+F,0.00029507050798697907
1.4603181823325335,0.07711999863386154,0.0687200054526329,0.10892107533752474,1.0,0.22516001760959625,0.21379999816417694,0.050453093608814635,1.0,0.5621052384376526,0.6522886753082275,0.16043870560828777,0.97,0.7752297520637512,1.0482141971588135,0.35213360215903233,0.616,paraboloid,7042,baseline,0.0006586889821020039
1.4624496520386443,0.07711999863386154,0.07215999811887741,0.06431536051410552,1.0,0.22516001760959625,0.22299998998641968,0.009593300116550156,1.0,0.5621052384376526,0.695263147354126,0.23689142141172725,0.95,0.7752297520637512,1.1103845834732056,0.43232968099745067,0.572,paraboloid,7042,T,0.0009136788377707654
1.9527472393008594,0.07711999863386154,0.14319999516010284,0.8568464431640583,1.0,0.22516001760959625,0.46080318093299866,1.0465586467131247,0.996,0.5621052384376526,0.970081090927124,0.7257997694940947,0.74,0.7752297520637512,1.1424877643585205,0.4737408636821355,0.41,paraboloid,7042,F,0.01682384041222659
1.0069939584313448,0.07711999863386154,0.07143999636173248,0.07365148304910765,1.0,0.22516001760959625,0.21546000242233276,0.04308054018756693,1.0,0.5621052384376526,0.5904858708381653,0.05048989132247806,0.988,0.7752297520637512,0.8538282513618469,0.10138736173225732,0.862,paraboloid,7042,T+F,0.0007973320951515979
1.9482320001046587,0.07787999510765076,0.14917999505996704,0.9155110995289717,1.0,0.2326200008392334,0.46424543857574463,0.9957245159524802,0.994,0.5631223917007446,0.921536386013031,0.6364761898915134,0.742,0.7788694500923157,1.1269822120666504,0.44694622691013824,0.338,paraboloid,8042,baseline,0.0005868217823180286
1.552475112667225,0.07787999510765076,0.0873200073838234,0.12121228645589979,1.0,0.2326200008392334,0.29162001609802246,0.2536325984263267,1.0,0.5631223917007446,0.7911504507064819,0.40493516572311394,0.904,0.7788694500923157,1.0351698398590088,0.3290672008464513,0.53,paraboloid,8042,T,0.001012777824970809
1.89002087351102,0.07787999510765076,0.14602001011371613,0.8749360463091689,1.0,0.2326200008392334,0.46169352531433105,0.9847542070701532,0.992,0.5631223917007446,0.8382999897003174,0.48866392467271674,0.8,0.7788694500923157,1.070351481437683,0.3742373401740426,0.626,paraboloid,8042,F,0.008085273206233978
0.9087402456292757,0.07787999510765076,0.07325999438762665,0.05932204687016281,1.0,0.2326200008392334,0.21282000839710236,0.08511732598528819,1.0,0.5631223917007446,0.5968097448348999,0.059822435816151064,0.978,0.7788694500923157,0.8881670236587524,0.14032848965058553,0.862,paraboloid,8042,T+F,0.0009523929012092677
1.5039277201694203,0.07901999354362488,0.10878000408411026,0.37661367972721554,1.0,0.21935999393463135,0.3424649238586426,0.561200461925141,0.998,0.5771457552909851,0.8391414880752563,0.4539507228155535,0.862,0.8024175763130188,1.0534911155700684,0.31289636053424025,0.338,paraboloid,9042,baseline,0.0007375480437820607
1.6752853009530955,0.07901999354362488,0.10429999977350235,0.31991911282454155,1.0,0.21935999393463135,0.359360009431839,0.6382203654643027,1.0,0.5771457552909851,0.8689160346984863,0.505540024738459,0.738,0.8024175763130188,1.02786123752594,0.28095553720146427,0.346,paraboloid,9042,T,0.0006888596425679597
1.745630238885711,0.07901999354362488,0.17667999863624573,1.2358898136166678,1.0,0.21935999393463135,0.488913893699646,1.2288197812648598,0.976,0.5771457552909851,0.8386631011962891,0.45312183882120427,0.748,0.8024175763130188,0.9730152487754822,0.21260460575444093,0.524,paraboloid,9042,F,0.01105916432359002
0.9208265519158838,0.07901999354362488,0.10062000155448914,0.27334864307397666,1.0,0.21935999393463135,0.3123999834060669,0.4241429250730249,1.0,0.5771457552909851,0.7675278782844543,0.32986835863928765,0.898,0.8024175763130188,1.0264225006103516,0.27916253445818046,0.71,paraboloid,9042,T+F,0.0003997404551641508
1.2801676406022822,0.07572000473737717,0.10467999428510666,0.3824615390367793,1.0,0.24808000028133392,0.343106210231781,0.38304663754709395,0.998,0.6519381999969482,0.9168564081192017,0.40635478657868723,0.808,0.853441059589386,1.297883152961731,0.5207648359292419,0.274,hyperbolic_paraboloid,42,baseline,0.0011237423697655852
1.2838173662833923,0.07572000473737717,0.10778000205755234,0.4234019455145333,1.0,0.24808000028133392,0.3910261392593384,0.5762098468876857,0.994,0.6519381999969482,0.9837186932563782,0.5089140247664319,0.64,0.853441059589386,1.1997673511505127,0.4057998940521491,0.258,hyperbolic_paraboloid,42,T,0.0006604280153458768
1.6609706442948886,0.07572000473737717,0.0996600091457367,0.3161648561881584,1.0,0.24808000028133392,0.3393000066280365,0.3677039916287285,1.0,0.6519381999969482,0.9424641132354736,0.44563413102635396,0.836,0.853441059589386,1.2294490337371826,0.4405787252944034,0.472,hyperbolic_paraboloid,42,F,0.019127944653684444
1.0323798843338559,0.07572000473737717,0.13255999982357025,0.7506602156633982,1.0,0.24808000028133392,0.41874998807907104,0.6879635101749019,0.992,0.6519381999969482,0.8980882167816162,0.3775664883355818,0.816,0.853441059589386,1.0896137952804565,0.2767299897718769,0.518,hyperbolic_paraboloid,42,T+F,0.0005121120590377938
1.1260200763213621,0.08225999772548676,0.0764400064945221,0.07075117179539434,1.0,0.25808000564575195,0.2527199983596802,0.020768781652264368,1.0,0.65676349401474,0.8571293950080872,0.3050807525377625,0.85,0.8601204752922058,1.202199935913086,0.39771110030216017,0.2,hyperbolic_paraboloid,1042,baseline,0.00043207406997680664
0.9851024152744733,0.08225999772548676,0.07532000541687012,0.08436655118538143,1.0,0.25808000564575195,0.2710399925708771,0.05021693522013625,1.0,0.65676349401474,0.8318689465522766,0.2666187358665929,0.824,0.8601204752922058,1.0846307277679443,0.26102186719769277,0.298,hyperbolic_paraboloid,1042,T,0.0003820532848211852
1.590604509265465,0.08225999772548676,0.11538000404834747,0.4026259085659942,1.0,0.25808000564575195,0.39192768931388855,0.5186286451491317,0.996,0.65676349401474,0.9290662407875061,0.4146130977959849,0.664,0.8601204752922058,1.1491836309432983,0.33607286880700066,0.294,hyperbolic_paraboloid,1042,F,0.016367474740201778
0.9123929014923121,0.08225999772548676,0.07587999850511551,0.07755895206394493,1.0,0.25808000564575195,0.2332400232553482,0.0962491547078615,1.0,0.65676349401474,0.6544813513755798,0.003474831746828086,0.964,0.8601204752922058,0.9634999632835388,0.12019186958223758,0.72,hyperbolic_paraboloid,1042,T+F,1.465123072689907e-05
1.233463722986555,0.07554000616073608,0.07773999869823456,0.0291235419390524,1.0,0.24424000084400177,0.2664400041103363,0.09089421548321182,1.0,0.6521621942520142,0.854143500328064,0.3097102344420757,0.864,0.8723971843719482,1.2181051969528198,0.39627364550672173,0.19,hyperbolic_paraboloid,2042,baseline,0.0007914185354655439
2.227106009318161,0.07554000616073608,0.05870000272989273,0.22292827717025512,1.0,0.24424000084400177,0.13816000521183014,0.434326872197834,1.0,0.6521621942520142,0.5197200179100037,0.20308165286077753,1.0,0.8723971843719482,0.9326280951499939,0.06904069827025724,0.898,hyperbolic_paraboloid,2042,T,0.014669538898901506
1.6505528922736425,0.07554000616073608,0.07574000209569931,0.002647549889493913,1.0,0.24424000084400177,0.26228001713752747,0.07386184175886902,1.0,0.6521621942520142,0.8237124681472778,0.26304847997516967,0.932,0.8723971843719482,1.1472800970077515,0.3150891790574674,0.5,hyperbolic_paraboloid,2042,F,0.010426645251837644
0.8526096989041874,0.07554000616073608,0.07414000481367111,0.01853324375015288,1.0,0.24424000084400177,0.24038000404834747,0.015804113913837195,1.0,0.6521621942520142,0.6788726449012756,0.04095676027325772,0.958,0.8723971843719482,0.9863255023956299,0.13059225782084605,0.762,hyperbolic_paraboloid,2042,T+F,8.252159882844849e-05
1.796873299380177,0.08178000152111053,0.262800008058548,2.213499671930298,1.0,0.2417600154876709,0.6774640679359436,1.8022171762745127,0.836,0.6358799338340759,1.0437194108963013,0.6413781208712358,0.328,0.8731796741485596,1.176296353340149,0.3471412449988136,0.108,hyperbolic_paraboloid,3042,baseline,0.00042512648823586375
1.7932261598879506,0.08178000152111053,0.23094001412391663,1.8239179485011652,1.0,0.2417600154876709,0.6844393014907837,1.8310690670256358,0.874,0.6358799338340759,0.9931764602661133,0.5618930672614508,0.34,0.8731796741485596,1.1949152946472168,0.3684643951571396,0.118,hyperbolic_paraboloid,3042,T,0.0008484293622049419
1.5120696610329374,0.08178000152111053,0.10475999861955643,0.2809977582662906,1.0,0.2417600154876709,0.33438003063201904,0.38310725186511047,1.0,0.6358799338340759,0.7975528836250305,0.25425074953401644,0.85,0.8731796741485596,1.0846946239471436,0.2422353108537861,0.524,hyperbolic_paraboloid,3042,F,0.006475712765346874
1.004846651474474,0.08178000152111053,0.15042001008987427,0.8393251075086509,1.0,0.2417600154876709,0.4085943102836609,0.690082247304034,0.996,0.6358799338340759,0.8068898320198059,0.26893425800467646,0.836,0.8731796741485596,1.0761432647705078,0.23244195511062338,0.586,hyperbolic_paraboloid,3042,T+F,0.00021965568885207176
1.428957237233101,0.07747999578714371,0.10223999619483948,0.31956636233844776,1.0,0.2429400086402893,0.33688002824783325,0.38667990560022103,1.0,0.6252653002738953,0.9466939568519592,0.5140676388682744,0.732,0.873729944229126,1.2089285850524902,0.38364101292087815,0.112,hyperbolic_paraboloid,4042,baseline,0.00040315650403499603
1.3372408562094504,0.07747999578714371,0.07423999160528183,0.04181729940671335,1.0,0.2429400086402893,0.2754400074481964,0.1337778778794251,1.0,0.6252653002738953,0.8512531518936157,0.3614271438391468,0.782,0.873729944229126,1.1433961391448975,0.30863792261771733,0.318,hyperbolic_paraboloid,4042,T,0.0003717954863201488
1.6319501643053422,0.07747999578714371,0.07237999886274338,0.06582340219030541,1.0,0.2429400086402893,0.24347999691963196,0.002222722730458895,1.0,0.6252653002738953,0.78277188539505,0.2519036080399146,0.938,0.873729944229126,1.141135573387146,0.306050663507872,0.546,hyperbolic_paraboloid,4042,F,0.012090605768290434
1.0318722357816945,0.07747999578714371,0.07088001072406769,0.08518308495018218,1.0,0.2429400086402893,0.23890000581741333,0.016629631510624635,1.0,0.6252653002738953,0.6665288209915161,0.06599362014739266,0.968,0.873729944229126,1.0167819261550903,0.16372562583073216,0.752,hyperbolic_paraboloid,4042,T+F,8.154045049609108e-05
1.2187427679637874,0.07510000467300415,0.07197999954223633,0.041544672924492584,1.0,0.222880020737648,0.26082003116607666,0.17022616160417456,1.0,0.6380487084388733,0.8871464729309082,0.3904055618285122,0.792,0.8674606680870056,1.3268084526062012,0.5295315412192537,0.094,hyperbolic_paraboloid,5042,baseline,0.00023687897588719022
1.2955701717188046,0.07510000467300415,0.07677999883890152,0.022370094026122864,1.0,0.222880020737648,0.2974400222301483,0.3345297673866643,1.0,0.6380487084388733,0.9019504189491272,0.41360746761159906,0.646,0.8674606680870056,1.170897364616394,0.34979879514139994,0.156,hyperbolic_paraboloid,5042,T,0.0007378493689677932
1.5986547937458093,0.07510000467300415,0.09714000672101974,0.29347537518780226,1.0,0.222880020737648,0.35214856266975403,0.5799916094061566,0.996,0.6380487084388733,0.9274309277534485,0.45354252032358555,0.724,0.8674606680870056,1.1608107089996338,0.3381709992218407,0.296,hyperbolic_paraboloid,5042,F,0.01794872365214608
0.828396629772801,0.07510000467300415,0.07128000259399414,0.05086553716797794,1.0,0.222880020737648,0.22786001861095428,0.022343850547143603,1.0,0.6380487084388733,0.6642148494720459,0.04100962933879113,0.968,0.8674606680870056,1.0036286115646362,0.15697304614158378,0.7,hyperbolic_paraboloid,5042,T+F,0.00064870042049072
1.2567595829327305,0.07992000132799149,0.08475999534130096,0.0605604846457166,1.0,0.2312600016593933,0.26931998133659363,0.16457657789545552,1.0,0.5919308066368103,0.8678534030914307,0.4661399497389525,0.764,0.8252847194671631,1.0781441926956177,0.3063905913485358,0.194,hyperbolic_paraboloid,6042,baseline,0.00025070318952202797
1.3089905207900976,0.07992000132799149,0.11313999444246292,0.4156655726034922,1.0,0.2312600016593933,0.4263855218887329,0.8437495409029977,0.996,0.5919308066368103,0.9348912239074707,0.5793927489925185,0.552,0.8252847194671631,1.1414544582366943,0.38310383230367223,0.22,hyperbolic_paraboloid,6042,T,0.000977766022763469
1.4991563589788937,0.07992000132799149,0.07539999485015869,0.05655663667074652,1.0,0.2312600016593933,0.23265999555587769,0.006053765832564198,1.0,0.5919308066368103,0.726808488368988,0.22786055434167382,0.94,0.8252847194671631,1.0103873014450073,0.224289360521971,0.568,hyperbolic_paraboloid,6042,F,0.008858158507130363
0.9843348680797949,0.07992000132799149,0.12117999792098999,0.5162662150575746,1.0,0.2312600016593933,0.38267067074775696,0.654720522364113,0.996,0.5919308066368103,0.8165094256401062,0.37940011988781336,0.848,0.8252847194671631,1.0704166889190674,0.2970271515631252,0.576,hyperbolic_paraboloid,6042,T+F,0.0003832978281107816
1.5218931163134244,0.07897999882698059,0.12282000482082367,0.5550773188776849,1.0,0.23552000522613525,0.470604807138443,0.9981521598837871,0.992,0.6275460124015808,0.9699999094009399,0.5457032476213317,0.562,0.8737272620201111,1.1762962341308594,0.34629681968626025,0.108,hyperbolic_paraboloid,7042,baseline,0.00029425928369164467
1.4933605911753125,0.07897999882698059,0.1248600035905838,0.5809066275641677,1.0,0.23552000522613525,0.46686235070228577,0.9822619749605833,0.988,0.6275460124015808,0.9447534680366516,0.5054728248867951,0.568,0.8737272620201111,1.111899971961975,0.2725938863246571,0.2,hyperbolic_paraboloid,7042,T,0.000449970830231905
1.3262795593574577,0.07897999882698059,0.0839800015091896,0.06330720127208903,1.0,0.23552000522613525,0.24896001815795898,0.05706527103257857,1.0,0.6275460124015808,0.7151939868927002,0.13966780564136783,0.928,0.8737272620201111,1.0787537097930908,0.2346572628384583,0.658,hyperbolic_paraboloid,7042,F,0.005424007773399353
0.8913536412500463,0.07897999882698059,0.07818000763654709,0.010129035228096444,1.0,0.23552000522613525,0.24466001987457275,0.03880780590023207,1.0,0.6275460124015808,0.6864830255508423,0.09391664034914839,0.944,0.8737272620201111,0.9891184568405151,0.1320677513868716,0.726,hyperbolic_paraboloid,7042,T+F,3.1812055650251835e-05
1.3089148285222634,0.07911999523639679,0.07880000025033951,0.0040444262553503965,1.0,0.24028000235557556,0.2639000415802002,0.09830214330392253,1.0,0.637253999710083,0.9082195162773132,0.4252080280241556,0.82,0.8562302589416504,1.1391072273254395,0.3303748792216724,0.112,hyperbolic_paraboloid,8042,baseline,0.00030395513485101134
1.31183956798203,0.07911999523639679,0.09620000422000885,0.21587474737049672,1.0,0.24028000235557556,0.329959899187088,0.37323079720467417,0.998,0.637253999710083,0.9548517465591431,0.4983848622269147,0.742,0.8562302589416504,1.0864583253860474,0.26888569288472947,0.288,hyperbolic_paraboloid,8042,T,0.0019274299794977362
1.575081655040143,0.07911999523639679,0.08764000236988068,0.10768462647182406,1.0,0.24028000235557556,0.2716200053691864,0.13043117490581968,1.0,0.637253999710083,0.8021267056465149,0.2587236894730206,0.884,0.8562302589416504,1.0981720685958862,0.28256629233506625,0.558,hyperbolic_paraboloid,8042,F,0.012767305428331549
1.0339291543845561,0.07911999523639679,0.12452000379562378,0.5738120739716889,1.0,0.24028000235557556,0.4085370600223541,0.7002541036177672,0.998,0.637253999710083,0.9177696704864502,0.4401944450783942,0.816,0.8562302589416504,1.0555132627487183,0.23274464050522237,0.526,hyperbolic_paraboloid,8042,T+F,0.0007766168564558029
1.3822717357749428,0.07970000058412552,0.07906000316143036,0.008030080527033688,1.0,0.2262199968099594,0.26308000087738037,0.1629387524852011,1.0,0.6345585584640503,0.8664934039115906,0.36550581873631777,0.77,0.8544265627861023,1.0461363792419434,0.22437249121880803,0.088,hyperbolic_paraboloid,9042,baseline,0.0014526280151172118
1.376041501296698,0.07970000058412552,0.08059999346733093,0.011292256921070495,1.0,0.2262199968099594,0.2759400010108948,0.21978607064831512,1.0,0.6345585584640503,0.8940274119377136,0.40889662587123243,0.73,0.8544265627861023,1.0584615468978882,0.23879756669370325,0.234,hyperbolic_paraboloid,9042,T,0.00047958320514722305
1.7403788529679936,0.07970000058412552,0.09372000396251678,0.17590970232920852,1.0,0.2262199968099594,0.34146004915237427,0.5094158516818676,1.0,0.6345585584640503,0.9650137424468994,0.5207638910153797,0.726,0.8544265627861023,1.1897871494293213,0.3924978473862983,0.282,hyperbolic_paraboloid,9042,F,0.022704762491312893
0.9523810426365504,0.07970000058412552,0.07494000345468521,0.059723928413476,1.0,0.2262199968099594,0.217539981007576,0.038369798977918125,1.0,0.6345585584640503,0.6619037985801697,0.04309332803312679,0.956,0.8544265627861023,0.9720162749290466,0.13762412975494281,0.734,hyperbolic_paraboloid,9042,T+F,0.0007393813946030357
3.119740478082169,0.07961999624967575,0.08805999904870987,0.10600355685232138,1.0,0.27806001901626587,0.3128400146961212,0.12508089369662598,1.0,0.7847402095794678,1.06521475315094,0.3574106948359061,0.652,0.9192909598350525,1.5094999074935913,0.6420262718176185,0.04,quartic_dome,42,baseline,0.0004763508384877985
3.1307296813729204,0.07961999624967575,0.1467200070619583,0.8427532526109084,1.0,0.27806001901626587,0.45435479283332825,0.6340169810847547,0.992,0.7847402095794678,1.1166542768478394,0.4229604437451218,0.538,0.9192909598350525,1.26918363571167,0.38061146161972303,0.098,quartic_dome,42,T,0.00028958146206357264
3.1550372167045966,0.07961999624967575,0.09986000508069992,0.2542076084449275,1.0,0.27806001901626587,0.3469200134277344,0.24764435626194917,1.0,0.7847402095794678,1.0235074758529663,0.3042628163547919,0.804,0.9192909598350525,1.351321816444397,0.4699609541323711,0.348,quartic_dome,42,F,0.008886593986641277
3.1225582915634433,0.07961999624967575,0.07884000241756439,0.009796456529154072,1.0,0.27806001901626587,0.26600000262260437,0.043371990106049786,1.0,0.7847402095794678,0.8368708491325378,0.06643044273340627,0.914,0.9192909598350525,1.1904231309890747,0.29493618777962444,0.52,quartic_dome,42,T+F,0.0009698546068234878
3.3087482184862402,0.08550000190734863,0.10738000273704529,0.2559064367437879,1.0,0.28160005807876587,0.38502004742622375,0.36725840915320573,1.0,0.7809649109840393,1.020509123802185,0.30672852192080285,0.55,0.9280052185058594,1.4190908670425415,0.5291841454591792,0.044,quartic_dome,1042,baseline,0.0003310532139783556
3.3096311661095807,0.08550000190734863,0.08036000281572342,0.060116947098961836,1.0,0.28160005807876587,0.2884199917316437,0.024218509397360335,1.0,0.7809649109840393,0.9203943014144897,0.1785347695772467,0.71,0.9280052185058594,1.2899999618530273,0.3900783488373049,0.11,quartic_dome,1042,T,0.0008628034794872457
3.35450340782846,0.08550000190734863,0.09188000112771988,0.07461987225783784,1.0,0.28160005807876587,0.3360999822616577,0.19353662266521182,1.0,0.7809649109840393,0.9149608016014099,0.17157735095746074,0.766,0.9280052185058594,1.236545443534851,0.3324768211171903,0.33,quartic_dome,1042,F,0.007562722672115673
3.266862015368803,0.08550000190734863,0.08229999989271164,0.03742692331287488,1.0,0.28160005807876587,0.26621997356414795,0.054616766131191576,1.0,0.7809649109840393,0.7905592322349548,0.012285214247111811,0.894,0.9280052185058594,1.109316349029541,0.19537727472653954,0.468,quartic_dome,1042,T+F,0.00027602788230234927
3.1460374707126855,0.08048000186681747,0.08136000484228134,0.01093443035600499,1.0,0.2670600116252899,0.2952200174331665,0.10544448656501858,1.0,0.7971429228782654,1.014626383781433,0.2728286918961713,0.696,0.9289898872375488,1.193548321723938,0.28478074747732945,0.062,quartic_dome,2042,baseline,0.0005068634636700153
3.087214590149496,0.08048000186681747,0.08310000598430634,0.03255472237469106,1.0,0.2670600116252899,0.2967599928379059,0.11121088863834773,1.0,0.7971429228782654,0.97602379322052,0.22440250701387987,0.674,0.9289898872375488,1.1829849481582642,0.2734099309476844,0.134,quartic_dome,2042,T,0.0008487008004025979
3.2572445441472033,0.08048000186681747,0.08376000076532364,0.04075545256490027,1.0,0.2670600116252899,0.29750001430511475,0.11398188180465965,1.0,0.7971429228782654,0.8774777054786682,0.10077839280104987,0.896,0.9289898872375488,1.2225725650787354,0.31602354543835365,0.482,quartic_dome,2042,F,0.006875955245711587
3.109662364431205,0.08048000186681747,0.07714000344276428,0.04150097349128292,1.0,0.2670600116252899,0.26274001598358154,0.016176123169535882,1.0,0.7971429228782654,0.8101139068603516,0.016271842363288505,0.878,0.9289898872375488,1.180201530456543,0.27041375441233156,0.496,quartic_dome,2042,T+F,0.0005687970922074535
3.581201257389564,0.08416000008583069,0.08216000348329544,0.02376421816178171,1.0,0.27018001675605774,0.27932003140449524,0.0338293511051556,1.0,0.7684130072593689,0.9512672424316406,0.23796348245644858,0.726,0.9377418756484985,1.172806978225708,0.25067143601180164,0.114,quartic_dome,3042,baseline,0.00029229076409881765
3.581954941995389,0.08416000008583069,0.13967999815940857,0.6596957939277059,1.0,0.27018001675605774,0.4661923944950104,0.7254880656696747,0.998,0.7684130072593689,1.0251219272613525,0.3340767498425941,0.492,0.9377418756484985,1.1349999904632568,0.2103543842257698,0.048,quartic_dome,3042,T,0.0005689791657707908
3.654631207080544,0.08416000008583069,0.0919400081038475,0.09244306095630185,1.0,0.27018001675605774,0.3004800081253052,0.1121474183510949,1.0,0.7684130072593689,0.8822246789932251,0.14811263039361902,0.854,0.9377418756484985,1.2167164087295532,0.2974960810917492,0.402,quartic_dome,3042,F,0.007295254956592213
3.5591606448887467,0.08416000008583069,0.08122000098228455,0.03493344938863808,1.0,0.27018001675605774,0.2610599994659424,0.03375533616296171,1.0,0.7684130072593689,0.8159602880477905,0.06187724614137433,0.906,0.9377418756484985,1.156308889389038,0.2330780137011465,0.466,quartic_dome,3042,T+F,0.0007643911310217597
3.290316597322905,0.08050000667572021,0.07874000072479248,0.0218634261487406,1.0,0.2682400047779083,0.298799991607666,0.11392777469960196,1.0,0.7673535943031311,0.9697456955909729,0.2637533762667044,0.708,0.9305623769760132,1.2373912334442139,0.32972411528744805,0.046,quartic_dome,4042,baseline,0.00038090102713216436
3.274843774897996,0.08050000667572021,0.07832000404596329,0.0270807757636428,1.0,0.2682400047779083,0.2849200367927551,0.06218323783828285,1.0,0.7673535943031311,0.9177718758583069,0.19602212418354215,0.754,0.9305623769760132,1.1511428356170654,0.23703994928084018,0.14,quartic_dome,4042,T,0.000414862297475338
3.339138471463711,0.08050000667572021,0.08510000258684158,0.05714280161058401,1.0,0.2682400047779083,0.2964800000190735,0.10527883514074164,1.0,0.7673535943031311,0.8833563327789307,0.15117247034093448,0.87,0.9305623769760132,1.2569159269332886,0.35070572164953073,0.428,quartic_dome,4042,F,0.0047009207985617895
3.3579641217852925,0.08050000667572021,0.12504000961780548,0.5532919161299781,1.0,0.2682400047779083,0.4060721695423126,0.5138389588030452,0.998,0.7673535943031311,0.9031726121902466,0.17699665303641268,0.788,0.9305623769760132,1.1250402927398682,0.2089896610647821,0.496,quartic_dome,4042,T+F,0.0011322370476343415
3.1345626532241124,0.0784199982881546,0.07806000113487244,0.004590629445812464,1.0,0.2568399906158447,0.2750000059604645,0.07070555991329895,1.0,0.7799786329269409,0.9183472990989685,0.17740058551705007,0.714,0.9328846335411072,1.2434041500091553,0.3328595040625301,0.094,quartic_dome,5042,baseline,0.0002903362778438763
3.1192817985797063,0.0784199982881546,0.07609999179840088,0.029584373124172357,1.0,0.2568399906158447,0.27711424231529236,0.07893728562609943,0.998,0.7799786329269409,1.0067600011825562,0.2907533087215447,0.642,0.9328846335411072,1.2333999872207642,0.32213560270463487,0.1,quartic_dome,5042,T,0.001604365354234522
3.137400989190867,0.0784199982881546,0.10209999978542328,0.3019638104333593,1.0,0.2568399906158447,0.3540881872177124,0.3786333910412016,0.998,0.7799786329269409,0.9910182952880859,0.27057108163232557,0.766,0.9328846335411072,1.2174100875854492,0.3049953271974487,0.278,quartic_dome,5042,F,0.012984758073633368
3.0980727734683895,0.0784199982881546,0.07450000196695328,0.04998720233067695,1.0,0.2568399906158447,0.2529599964618683,0.015106658992912607,1.0,0.7799786329269409,0.8229753971099854,0.055125566737251705,0.894,0.9328846335411072,1.1353657245635986,0.21704837205207242,0.492,quartic_dome,5042,T+F,0.0011072992770509286
3.138996209461097,0.08529999852180481,0.12372000515460968,0.45041040209377914,1.0,0.24766001105308533,0.5006024241447449,1.02132924898175,0.996,0.7364286184310913,1.056944489479065,0.4352300589985352,0.432,0.8799748420715332,0.8673333525657654,0.014365739679567106,0.03,quartic_dome,6042,baseline,0.00034715461714023894
3.131451108748761,0.08529999852180481,0.1271200031042099,0.49026969879389687,1.0,0.24766001105308533,0.5045343637466431,1.0372056094211242,0.988,0.7364286184310913,1.0120537281036377,0.3742726759583923,0.448,0.8799748420715332,0.9789999127388,0.11253170651351087,0.08,quartic_dome,6042,T,0.0008705902675336057
3.140763194918726,0.08529999852180481,0.08832000195980072,0.035404495783477916,1.0,0.24766001105308533,0.284280002117157,0.147863964425901,1.0,0.7364286184310913,0.9132151007652283,0.24005922354126863,0.846,0.8799748420715332,1.2011330127716064,0.36496290046660934,0.406,quartic_dome,6042,F,0.008802054957910017
3.109973043586332,0.08529999852180481,0.1180800050497055,0.38429082175800167,1.0,0.24766001105308533,0.42238473892211914,0.7055023825852208,0.998,0.7364286184310913,0.9440054893493652,0.28186964184051083,0.724,0.8799748420715332,1.1910879611968994,0.35354774278885104,0.386,quartic_dome,6042,T+F,0.001069318333810026
2.754812869671626,0.08072000741958618,0.08169999718666077,0.012140605512838406,1.0,0.25496000051498413,0.287200003862381,0.12645122090632444,1.0,0.7830086350440979,0.9881898760795593,0.2620421178674561,0.674,0.9360793828964233,1.3362500667572021,0.42749652558586204,0.048,quartic_dome,7042,baseline,0.0004994369704614986
2.7239250817754725,0.08072000741958618,0.08420000225305557,0.04311192410303214,1.0,0.25496000051498413,0.29406002163887024,0.15335747193641922,1.0,0.7830086350440979,0.9543501734733582,0.2188245834857371,0.708,0.9360793828964233,1.1660256385803223,0.24564824296460586,0.156,quartic_dome,7042,T,0.0007506966252218593
2.7938844800115,0.08072000741958618,0.1248599961400032,0.5468283531117063,1.0,0.25496000051498413,0.4074600338935852,0.5981331701858016,1.0,0.7830086350440979,1.0002596378326416,0.277456713841104,0.77,0.9360793828964233,1.3412026166915894,0.4327872627016214,0.316,quartic_dome,7042,F,0.0065576779571446505
2.697745752226436,0.08072000741958618,0.07633999735116959,0.05426176493826504,1.0,0.25496000051498413,0.26061999797821045,0.022199550720873477,1.0,0.7830086350440979,0.8307064175605774,0.06091603640334468,0.906,0.9360793828964233,1.1240434646606445,0.20079929672483696,0.46,quartic_dome,7042,T+F,0.00037058362398635256
2.7072050934155785,0.08138000220060349,0.07989999651908875,0.018186355879746645,1.0,0.2673400044441223,0.2722000181674957,0.018179148808943862,1.0,0.7807691693305969,0.9577035307884216,0.22661545615270873,0.688,0.9147537350654602,1.2999999523162842,0.4211474656873148,0.044,quartic_dome,8042,baseline,0.0004571219482882456
2.681506315397799,0.08138000220060349,0.07868000119924545,0.033177696342431534,1.0,0.2673400044441223,0.26525047421455383,0.007816002823495209,0.998,0.7807691693305969,0.9709625244140625,0.2435974197681633,0.748,0.9147537350654602,1.1004916429519653,0.20304689750538557,0.122,quartic_dome,8042,T,0.0003200957593931393
2.7243086629541837,0.08138000220060349,0.09325999766588211,0.1459817540431392,1.0,0.2673400044441223,0.2948800325393677,0.10301499078863673,1.0,0.7807691693305969,0.8980138301849365,0.15016558729497592,0.866,0.9147537350654602,1.274243712425232,0.3929909915416158,0.41,quartic_dome,8042,F,0.00450461899692362
2.651204764744553,0.08138000220060349,0.0801599994301796,0.014991432015651163,1.0,0.2673400044441223,0.2593400180339813,0.02992438945594877,1.0,0.7807691693305969,0.8180439472198486,0.04774109859026548,0.91,0.9147537350654602,1.1077611446380615,0.21099384694918968,0.536,quartic_dome,8042,T+F,0.0003293856174092401
3.1130187947483625,0.08366000652313232,0.08168000727891922,0.02366721360063039,1.0,0.25496000051498413,0.2706200182437897,0.06142146884677777,1.0,0.7773535847663879,0.9773275256156921,0.2572496541704388,0.696,0.9085533022880554,1.3333333730697632,0.4675345625974423,0.042,quartic_dome,9042,baseline,0.00036762024021961474
3.1015826974092113,0.08366000652313232,0.08184000104665756,0.02175478525657924,1.0,0.25496000051498413,0.2852199971675873,0.11868527059727847,1.0,0.7773535847663879,0.9792674779891968,0.2597452397205944,0.628,0.9085533022880554,1.0099999904632568,0.11165738754096553,0.096,quartic_dome,9042,T,0.0005958150140941143
3.1875416497238387,0.08366000652313232,0.08588000386953354,0.026535945174560517,1.0,0.25496000051498413,0.3001600205898285,0.17728278939263625,1.0,0.7773535847663879,0.8617036938667297,0.10850932028015396,0.81,0.9085533022880554,1.2403260469436646,0.3651659663996478,0.368,quartic_dome,9042,F,0.005912283604795282
3.1523850885646696,0.08366000652313232,0.0792200043797493,0.05307197940697444,1.0,0.25496000051498413,0.24794000387191772,0.027533717559173904,1.0,0.7773535847663879,0.7932214140892029,0.020412627707356076,0.894,0.9085533022880554,1.1578694581985474,0.2744100486813779,0.46,quartic_dome,9042,T+F,0.0009207078679041429
0.6477078427681884,0.0691400021314621,0.06866000592708588,0.006942380526161408,1.0,0.23740001022815704,0.2417599856853485,0.018365523459755725,1.0,0.7540850639343262,0.8387441039085388,0.11226722822557544,0.86,1.098043441772461,1.2490183115005493,0.13749444146252068,0.326,sinusoidal,42,baseline,0.0003621114671907642
0.566552483268363,0.0691400021314621,0.06942000240087509,0.004049757893854338,1.0,0.23740001022815704,0.24990001320838928,0.052653759232019044,1.0,0.7540850639343262,0.8619570732116699,0.1430501868244647,0.838,1.098043441772461,1.2580503225326538,0.14571999128004434,0.318,sinusoidal,42,T,0.0003080764700743285
0.7123776165347306,0.0691400021314621,0.06950000673532486,0.005206893155401606,1.0,0.23740001022815704,0.22978000342845917,0.03209775261751062,1.0,0.7540850639343262,0.8485241532325745,0.12523665275310777,0.908,1.098043441772461,1.1718603372573853,0.06722584250926278,0.344,sinusoidal,42,F,0.003724938766522841
0.7295417346739819,0.0691400021314621,0.06791999936103821,0.017645396771961162,1.0,0.23740001022815704,0.22478000819683075,0.0531592312030553,1.0,0.7540850639343262,0.7379323840141296,0.021420235849682976,0.948,1.098043441772461,1.1521114110946655,0.04924028254740825,0.682,sinusoidal,42,T+F,6.442082072184844e-05
0.6490843057644796,0.06868000328540802,0.06633999943733215,0.034071108563459136,1.0,0.22630000114440918,0.22910000383853912,0.01237296809531686,1.0,0.7510616183280945,0.8511528372764587,0.13326632130553143,0.798,1.0855342149734497,1.2051218748092651,0.11016480013828062,0.164,sinusoidal,1042,baseline,0.00026700859466059643
0.47694152539598644,0.06868000328540802,0.06515999883413315,0.05125224640201413,1.0,0.22630000114440918,0.23170000314712524,0.023862138645196703,1.0,0.7510616183280945,0.7832373976707458,0.042840398919966736,0.834,1.0855342149734497,1.207456111907959,0.11231511199993938,0.228,sinusoidal,1042,T,0.0004664545624770901
0.8166132279080478,0.06868000328540802,0.065420001745224,0.04746653151189717,1.0,0.22630000114440918,0.22582000494003296,0.0021210614315018052,1.0,0.7510616183280945,0.7698875665664673,0.025065783923668507,0.89,1.0855342149734497,1.1416980028152466,0.051738385641921514,0.424,sinusoidal,1042,F,0.0022847755727442827
0.6208758091696506,0.06868000328540802,0.062780000269413,0.08590568919277497,1.0,0.22630000114440918,0.21007999777793884,0.07167478252074705,1.0,0.7510616183280945,0.7211776971817017,0.03978890735079249,0.934,1.0855342149734497,1.0612186193466187,0.022399658427556587,0.558,sinusoidal,1042,T+F,7.235800678079778e-05
0.6453895394901459,0.06823999434709549,0.06224000081419945,0.087924883205261,1.0,0.21890000998973846,0.2227800041437149,0.01772496106399596,1.0,0.7420259118080139,0.9191627502441406,0.23872055627345495,0.86,1.1010000705718994,1.2296969890594482,0.11689092664698829,0.198,sinusoidal,2042,baseline,0.0005877612751315941
0.5477373473714087,0.06823999434709549,0.0667399987578392,0.02198117985805682,1.0,0.21890000998973846,0.24691998958587646,0.12800355558435797,1.0,0.7420259118080139,0.831137478351593,0.1200922570566985,0.844,1.1010000705718994,1.1840764284133911,0.07545536105037562,0.314,sinusoidal,2042,T,6.308185402303934e-05
0.6919934805089741,0.06823999434709549,0.0646199956536293,0.053048050898911965,1.0,0.21890000998973846,0.22123999893665314,0.010689761718258332,1.0,0.7420259118080139,0.8210561275482178,0.10650600535989305,0.928,1.1010000705718994,1.219465970993042,0.10759844943480075,0.412,sinusoidal,2042,F,0.0022338408638130536
0.5589127356078814,0.06823999434709549,0.0652800053358078,0.043376161437411895,1.0,0.21890000998973846,0.21648000180721283,0.011055313257587697,1.0,0.7420259118080139,0.7600637078285217,0.024308849237565135,0.942,1.1010000705718994,1.105728268623352,0.0042944575371340705,0.618,sinusoidal,2042,T+F,0.0002675713886591521
0.6335026012737563,0.07175999879837036,0.07008000463247299,0.023411290329279123,1.0,0.22500000894069672,0.23736001551151276,0.05493336035410456,1.0,0.7294525504112244,0.857139527797699,0.17504493926917092,0.86,1.1399625539779663,1.210254192352295,0.06166135732181887,0.236,sinusoidal,3042,baseline,0.00024344505403529513
0.5062525999512917,0.07175999879837036,0.07025999575853348,0.020903052744629478,1.0,0.22500000894069672,0.23585999011993408,0.048266581100891125,1.0,0.7294525504112244,0.8190930485725403,0.12288735999453514,0.86,1.1399625539779663,1.2471333742141724,0.09401257950292068,0.3,sinusoidal,3042,T,6.003920200534842e-05
0.7266469035008241,0.07175999879837036,0.06747999787330627,0.05964326918524536,1.0,0.22500000894069672,0.2196200042963028,0.023911130802718897,1.0,0.7294525504112244,0.7890393137931824,0.0816869628440758,0.916,1.1399625539779663,1.1907767057418823,0.04457528151832448,0.412,sinusoidal,3042,F,0.0021631004796786742
0.5884571297428159,0.07175999879837036,0.06828000396490097,0.0484949120922842,1.0,0.22500000894069672,0.2245199978351593,0.0021333826065043898,1.0,0.7294525504112244,0.7632973790168762,0.04639757388821527,0.928,1.1399625539779663,1.0955438613891602,0.038965045328729894,0.57,sinusoidal,3042,T+F,1.2841050523671914e-05
0.5908963624444787,0.06640000641345978,0.0648999959230423,0.02259051725201968,1.0,0.21706001460552216,0.22576002776622772,0.0400811415060332,1.0,0.7159157395362854,0.8764083981513977,0.2241781396216641,0.852,1.0784791707992554,1.1842620372772217,0.09808521976328126,0.244,sinusoidal,4042,baseline,0.0003755901601504196
0.5639278365076517,0.06640000641345978,0.06588000059127808,0.007831412228241783,1.0,0.21706001460552216,0.2462400197982788,0.13443289057999674,1.0,0.7159157395362854,0.8357210755348206,0.16734558186433468,0.846,1.0784791707992554,1.1440119743347168,0.0607640882733928,0.334,sinusoidal,4042,T,0.00026612750000574374
0.7507877442700409,0.06640000641345978,0.06509999930858612,0.019578418363076184,1.0,0.21706001460552216,0.22791999578475952,0.050032159073489166,1.0,0.7159157395362854,0.7953763604164124,0.11099158251723222,0.93,1.0784791707992554,1.1692759990692139,0.08418969112094157,0.442,sinusoidal,4042,F,0.0015949330885301936
0.6761758155719597,0.06640000641345978,0.07308000326156616,0.10060235245327173,1.0,0.21706001460552216,0.25662001967430115,0.18225376581068634,1.0,0.7159157395362854,0.7952927947044373,0.11087485689246913,0.888,1.0784791707992554,1.1134229898452759,0.03240101430992295,0.52,sinusoidal,4042,T+F,4.0998251113871284e-05
0.6436276528560869,0.06620000302791595,0.0634399950504303,0.0416919614991828,1.0,0.2106800079345703,0.2333800196647644,0.10774639678789032,1.0,0.7343361377716064,0.844624400138855,0.15018770927156855,0.852,1.0967246294021606,1.185255527496338,0.08072299620227973,0.274,sinusoidal,5042,baseline,0.000471067741851915
0.5840063990230305,0.06620000302791595,0.06481999158859253,0.02084609329612095,1.0,0.2106800079345703,0.22964000701904297,0.08999429642304245,1.0,0.7343361377716064,0.8875250220298767,0.20860866894435084,0.8,1.0967246294021606,1.349090814590454,0.2301089794307452,0.11,sinusoidal,5042,T,0.0009973243048245256
0.7060770274862912,0.06620000302791595,0.06351999938488007,0.04048343686488587,1.0,0.2106800079345703,0.22207999229431152,0.0541104230605575,1.0,0.7343361377716064,0.7987585067749023,0.08772871943738192,0.886,1.0967246294021606,1.2007583379745483,0.09485855043585359,0.422,sinusoidal,5042,F,0.0020136806097897616
0.6578010578502905,0.06620000302791595,0.06165999919176102,0.06858011523414068,1.0,0.2106800079345703,0.2062399983406067,0.021074660275039157,1.0,0.7343361377716064,0.7240732312202454,0.013975761267182875,0.928,1.0967246294021606,1.106387972831726,0.008811093660614742,0.598,sinusoidal,5042,T+F,5.269784543832595e-05
0.6526486691880539,0.06942000240087509,0.0695599913597107,0.0020165507633839717,1.0,0.21591998636722565,0.23764000833034515,0.10059292022267548,1.0,0.6886566877365112,0.8146649599075317,0.18297690912606496,0.836,1.042153239250183,1.1825000047683716,0.13466998924185689,0.192,sinusoidal,6042,baseline,0.00019246676344085824
0.611682794742289,0.06942000240087509,0.07166000455617905,0.03226738804139998,1.0,0.21591998636722565,0.2420400083065033,0.12097083914619212,1.0,0.6886566877365112,0.8338190317153931,0.21079058196037267,0.796,1.042153239250183,1.094810128211975,0.05052701174702292,0.158,sinusoidal,6042,T,0.00013012048492038792
0.7213186366642883,0.06942000240087509,0.06581999361515045,0.05185837887091832,1.0,0.21591998636722565,0.2214599996805191,0.02565771426027828,1.0,0.6886566877365112,0.8244419693946838,0.19717412765491907,0.896,1.042153239250183,1.2071348428726196,0.15830839209513836,0.356,sinusoidal,6042,F,0.0024347583001310177
0.5099107786000548,0.06942000240087509,0.0865200012922287,0.24632668251158182,1.0,0.21591998636722565,0.2963927686214447,0.37269723663910886,0.998,0.6886566877365112,0.8343855142593384,0.21161317259810716,0.83,1.042153239250183,1.141674280166626,0.09549559236417773,0.442,sinusoidal,6042,T+F,3.160572801293297e-05
0.6476093059977237,0.06647999584674835,0.0662200078368187,0.0039107705501214085,1.0,0.22495999932289124,0.22910001873970032,0.018403358060411438,1.0,0.7448744177818298,0.850585401058197,0.14191785991411163,0.854,1.0930882692337036,1.1765625476837158,0.0763655422892159,0.192,sinusoidal,7042,baseline,0.0004799238998781551
0.5414372989170294,0.06647999584674835,0.06453999876976013,0.029181666639395688,1.0,0.22495999932289124,0.23124000430107117,0.02791609618190863,1.0,0.7448744177818298,0.8532066941261292,0.145436967303701,0.842,1.0930882692337036,1.1632709503173828,0.064205867960581,0.214,sinusoidal,7042,T,0.00015372419941493055
0.7142983176094111,0.06647999584674835,0.0635400041937828,0.04422370392054328,1.0,0.22495999932289124,0.21588000655174255,0.04036269913975204,1.0,0.7448744177818298,0.814593493938446,0.09359843014106117,0.91,1.0930882692337036,1.2167142629623413,0.11309790545580022,0.42,sinusoidal,7042,F,0.0024229359220374713
0.4561543887721772,0.06647999584674835,0.06162000074982643,0.07310462395523196,1.0,0.22495999932289124,0.218299999833107,0.029605260978975027,1.0,0.7448744177818298,0.7459033727645874,0.0013813804826613664,0.952,1.0930882692337036,1.1549129486083984,0.05655964034637045,0.574,sinusoidal,7042,T+F,0.000137668801471591
0.5890076196115925,0.06810000538825989,0.06865999847650528,0.00822309902991479,1.0,0.22046001255512238,0.22634001076221466,0.026671495383418294,1.0,0.7241336107254028,0.8581455945968628,0.18506527232897405,0.852,1.126094937324524,1.2799999713897705,0.13667145545553006,0.276,sinusoidal,8042,baseline,0.0003517265854911371
0.7215727750396342,0.06810000538825989,0.0898200049996376,0.3189427003352652,1.0,0.22046001255512238,0.2986372709274292,0.3546096975421332,0.998,0.7241336107254028,0.9091217517852783,0.2554613379629805,0.706,1.126094937324524,1.1823880672454834,0.04998968386689108,0.134,sinusoidal,8042,T,0.00018960313702171499
0.6969052643664176,0.06810000538825989,0.06960000097751617,0.022026365206644735,1.0,0.22046001255512238,0.22582000494003296,0.024312764581605955,1.0,0.7241336107254028,0.8277602195739746,0.14310426599970072,0.884,1.126094937324524,1.2583825588226318,0.11747466142811064,0.408,sinusoidal,8042,F,0.003124610944227739
0.5002878886992991,0.06810000538825989,0.06625999510288239,0.027019238469762463,1.0,0.22046001255512238,0.21706001460552216,0.015422288650873167,1.0,0.7241336107254028,0.757906973361969,0.046639683804669145,0.946,1.126094937324524,1.1565624475479126,0.02705589840921946,0.64,sinusoidal,8042,T+F,0.0001891096630557017
0.6077521823979418,0.07109999656677246,0.06870000064373016,0.03375521855037473,1.0,0.22314000129699707,0.22672000527381897,0.016043757085297095,1.0,0.7007383108139038,0.8487942814826965,0.2112856802375005,0.846,1.061284065246582,1.1168291568756104,0.05233762896093498,0.164,sinusoidal,9042,baseline,0.0003028633496300741
0.547095897326453,0.07109999656677246,0.06908000260591507,0.028410605603339873,1.0,0.22314000129699707,0.22922001779079437,0.027247541715771803,1.0,0.7007383108139038,0.866265058517456,0.23621763666852152,0.83,1.061284065246582,1.0612658262252808,1.7185805288645146e-05,0.158,sinusoidal,9042,T,0.00013688220430842855
0.6523244807732419,0.07109999656677246,0.06874000281095505,0.0331926001374847,1.0,0.22314000129699707,0.2159000039100647,0.03244598612911188,1.0,0.7007383108139038,0.8190315365791321,0.1688122711998311,0.888,1.061284065246582,1.1344633102416992,0.06895349453693578,0.354,sinusoidal,9042,F,0.0023964716290885753
0.37057455722552174,0.07109999656677246,0.06729999929666519,0.05344581509984407,1.0,0.22314000129699707,0.20877999067306519,0.06435426432044722,1.0,0.7007383108139038,0.7256316542625427,0.0355244505180906,0.934,1.061284065246582,1.1142280101776123,0.049886686010619706,0.544,sinusoidal,9042,T+F,9.275538931516084e-05
