surface,config,seed,distance,reconstruction,tangent,curvature
paraboloid,baseline,42,0.0,0.104551084,0.4171278,0.5062357
paraboloid,baseline,42,0.1,0.51270956,0.5511272,0.2096626
paraboloid,baseline,42,0.2,0.8828984,0.56655407,0.19530763
paraboloid,baseline,42,0.3,1.38918,0.5515971,0.17854482
paraboloid,baseline,42,0.4,2.4785883,0.5764815,0.1571878
paraboloid,baseline,42,0.5,3.6766088,0.60162044,0.14236596
paraboloid,T,42,0.0,0.09307449,0.015199455,0.017384725
paraboloid,T,42,0.1,0.6245409,0.06040146,0.0365041
paraboloid,T,42,0.2,1.0156865,0.08818663,0.050977517
paraboloid,T,42,0.3,1.6254196,0.123533115,0.072222695
paraboloid,T,42,0.4,3.1005273,0.19791004,0.119433925
paraboloid,T,42,0.5,4.217329,0.22423543,0.09778301
paraboloid,K,42,0.0,0.11735748,0.42366737,0.4944715
paraboloid,K,42,0.1,0.54842156,0.5492432,0.17606004
paraboloid,K,42,0.2,0.9165744,0.5617953,0.16142018
paraboloid,K,42,0.3,1.4272411,0.5487074,0.14706607
paraboloid,K,42,0.4,2.5002828,0.5727408,0.1285231
paraboloid,K,42,0.5,3.6760612,0.59558284,0.11677377
paraboloid,T+K,42,0.0,0.10947973,0.014662674,0.014844052
paraboloid,T+K,42,0.1,0.6791776,0.06492788,0.0377074
paraboloid,T+K,42,0.2,1.092692,0.09709699,0.053497143
paraboloid,T+K,42,0.3,1.718676,0.1385447,0.07236291
paraboloid,T+K,42,0.4,3.208333,0.21405074,0.12219235
paraboloid,T+K,42,0.5,4.3214803,0.24070904,0.099286966
paraboloid,T+F,42,0.0,0.011890531,0.0074631157,0.02163563
paraboloid,T+F,42,0.1,0.15508139,0.028030489,0.019788975
paraboloid,T+F,42,0.2,0.3421291,0.04047451,0.021091048
paraboloid,T+F,42,0.3,0.7149205,0.05469773,0.02140552
paraboloid,T+F,42,0.4,1.8697624,0.098400995,0.038254503
paraboloid,T+F,42,0.5,2.9042475,0.14012282,0.047366153
paraboloid,T+F+K,42,0.0,0.13761222,0.051966436,0.12093397
paraboloid,T+F+K,42,0.1,0.250892,0.03901202,0.016730981
paraboloid,T+F+K,42,0.2,0.4474117,0.049437527,0.017193476
paraboloid,T+F+K,42,0.3,0.8334182,0.057038177,0.016134355
paraboloid,T+F+K,42,0.4,2.0301943,0.09037673,0.032108843
paraboloid,T+F+K,42,0.5,3.185294,0.12252335,0.04222899
paraboloid,baseline,1042,0.0,0.145226,0.41375872,0.48476458
paraboloid,baseline,1042,0.1,0.7312959,0.5557356,0.17724805
paraboloid,baseline,1042,0.2,1.3655536,0.57342166,0.15291126
paraboloid,baseline,1042,0.3,2.2702127,0.5965259,0.12944315
paraboloid,baseline,1042,0.4,3.6645832,0.6169279,0.11493462
paraboloid,baseline,1042,0.5,5.3594728,0.6258861,0.11825618
paraboloid,T,1042,0.0,0.04549066,0.012064282,0.010033926
paraboloid,T,1042,0.1,0.43995723,0.06333733,0.023259366
paraboloid,T,1042,0.2,1.0916578,0.12851395,0.047172584
paraboloid,T,1042,0.3,1.9803661,0.19459254,0.08080062
paraboloid,T,1042,0.4,3.495037,0.30645004,0.13300475
paraboloid,T,1042,0.5,5.3708706,0.38729995,0.1724436
paraboloid,K,1042,0.0,0.19651917,0.626859,0.7166775
paraboloid,K,1042,0.1,0.78697926,0.7425917,0.18321374
paraboloid,K,1042,0.2,1.3930348,0.76368535,0.15045933
paraboloid,K,1042,0.3,2.1982276,0.77580845,0.12579623
paraboloid,K,1042,0.4,3.373607,0.7733417,0.10361689
paraboloid,K,1042,0.5,4.95027,0.7947668,0.093069226
paraboloid,T+K,1042,0.0,0.04459455,0.011829308,0.010071207
paraboloid,T+K,1042,0.1,0.43977168,0.060540933,0.022911683
paraboloid,T+K,1042,0.2,1.0924221,0.12312871,0.046877176
paraboloid,T+K,1042,0.3,1.9857537,0.18853919,0.080368795
paraboloid,T+K,1042,0.4,3.5062697,0.30035147,0.13221174
paraboloid,T+K,1042,0.5,5.389161,0.3827386,0.17252946
paraboloid,T+F,1042,0.0,0.018184265,0.008274232,0.023982037
paraboloid,T+F,1042,0.1,0.11977365,0.023140835,0.017748434
paraboloid,T+F,1042,0.2,0.32224688,0.034768313,0.015445172
paraboloid,T+F,1042,0.3,0.7084677,0.04512678,0.016978731
paraboloid,T+F,1042,0.4,1.5305887,0.05544734,0.015255366
paraboloid,T+F,1042,0.5,2.8297074,0.07053965,0.018214658
paraboloid,T+F+K,1042,0.0,0.018228076,0.008657835,0.022246137
paraboloid,T+F+K,1042,0.1,0.11102686,0.018885354,0.011633704
paraboloid,T+F+K,1042,0.2,0.31947032,0.030216554,0.0114960335
paraboloid,T+F+K,1042,0.3,0.706822,0.040903233,0.012080265
paraboloid,T+F+K,1042,0.4,1.522791,0.053250656,0.0123195965
paraboloid,T+F+K,1042,0.5,2.8305547,0.06885116,0.016754625
paraboloid,baseline,2042,0.0,0.045806527,0.05435801,0.10773711
paraboloid,baseline,2042,0.1,0.39919955,0.10085535,0.12957269
paraboloid,baseline,2042,0.2,0.8559347,0.13050753,0.106518306
paraboloid,baseline,2042,0.3,1.513597,0.15863727,0.07153422
paraboloid,baseline,2042,0.4,2.8376014,0.23527537,0.074917875
paraboloid,baseline,2042,0.5,4.5404634,0.23741761,0.09443577
paraboloid,T,2042,0.0,0.0667443,0.015245253,0.024080817
paraboloid,T,2042,0.1,0.3563571,0.02342541,0.018850818
paraboloid,T,2042,0.2,0.8346273,0.045009956,0.028383447
paraboloid,T,2042,0.3,1.5685768,0.09035822,0.037585426
paraboloid,T,2042,0.4,2.911583,0.15803799,0.04744759
paraboloid,T,2042,0.5,4.841617,0.24595146,0.04998909
paraboloid,K,2042,0.0,0.04987296,0.024933152,0.026690703
paraboloid,K,2042,0.1,0.2914408,0.05096974,0.022525854
paraboloid,K,2042,0.2,0.7050618,0.07963928,0.024221145
paraboloid,K,2042,0.3,1.3405324,0.11643254,0.028658979
paraboloid,K,2042,0.4,2.6207328,0.20378867,0.041498903
paraboloid,K,2042,0.5,4.2504544,0.22914723,0.053423844
paraboloid,T+K,2042,0.0,0.045262527,0.008632736,0.010698057
paraboloid,T+K,2042,0.1,0.35855436,0.02615596,0.01758628
paraboloid,T+K,2042,0.2,0.8969486,0.05799167,0.02745824
paraboloid,T+K,2042,0.3,1.6537515,0.10841268,0.035106186
paraboloid,T+K,2042,0.4,3.0174003,0.17733648,0.04419636
paraboloid,T+K,2042,0.5,4.9078217,0.2668914,0.04842454
paraboloid,T+F,2042,0.0,0.009449327,0.01001798,0.02184097
paraboloid,T+F,2042,0.1,0.0748372,0.028666116,0.022066807
paraboloid,T+F,2042,0.2,0.2252348,0.04051453,0.027599206
paraboloid,T+F,2042,0.3,0.5322095,0.052606467,0.032637086
paraboloid,T+F,2042,0.4,1.3341534,0.07238078,0.043881368
paraboloid,T+F,2042,0.5,2.2800403,0.10181823,0.028719962
paraboloid,T+F+K,2042,0.0,0.011655674,0.00848078,0.015888982
paraboloid,T+F+K,2042,0.1,0.06717184,0.025192237,0.01781311
paraboloid,T+F+K,2042,0.2,0.20606908,0.03679708,0.021636587
paraboloid,T+F+K,2042,0.3,0.50321007,0.04949596,0.0246924
paraboloid,T+F+K,2042,0.4,1.2846781,0.070664756,0.029816262
paraboloid,T+F+K,2042,0.5,2.2210734,0.09871407,0.023079399
paraboloid,baseline,3042,0.0,0.07984046,0.0461271,0.13741829
paraboloid,baseline,3042,0.1,0.4046908,0.13132022,0.13917264
paraboloid,baseline,3042,0.2,0.74983895,0.1661188,0.13326348
paraboloid,baseline,3042,0.3,1.4564786,0.20585716,0.1169125
paraboloid,baseline,3042,0.4,2.5946102,0.23086177,0.107607864
paraboloid,baseline,3042,0.5,4.1927657,0.26439047,0.092665635
paraboloid,T,3042,0.0,0.030033115,0.0063463887,0.011944685
paraboloid,T,3042,0.1,0.32877907,0.03362206,0.01594189
paraboloid,T,3042,0.2,0.8334572,0.06667989,0.026202427
paraboloid,T,3042,0.3,1.8856156,0.14991374,0.049452864
paraboloid,T,3042,0.4,3.3954048,0.269726,0.06986445
paraboloid,T,3042,0.5,5.5078087,0.38705924,0.14253108
paraboloid,K,3042,0.0,0.0772216,0.030650124,0.06878932
paraboloid,K,3042,0.1,0.39626467,0.08006777,0.05647419
paraboloid,K,3042,0.2,0.713572,0.10634382,0.058586664
paraboloid,K,3042,0.3,1.3830025,0.15307574,0.060180824
paraboloid,K,3042,0.4,2.3838136,0.1773354,0.074165285
paraboloid,K,3042,0.5,3.8031561,0.20892937,0.07880397
paraboloid,T+K,3042,0.0,0.033137903,0.0063548163,0.010743614
paraboloid,T+K,3042,0.1,0.34438857,0.034694392,0.015471101
paraboloid,T+K,3042,0.2,0.84566003,0.06863839,0.025983758
paraboloid,T+K,3042,0.3,1.8839552,0.15273836,0.048670102
paraboloid,T+K,3042,0.4,3.387368,0.27268386,0.070515744
paraboloid,T+K,3042,0.5,5.4690037,0.38679725,0.13995166
paraboloid,T+F,3042,0.0,0.011163034,0.008200154,0.028818877
paraboloid,T+F,3042,0.1,0.06674483,0.019954871,0.012677386
paraboloid,T+F,3042,0.2,0.22229633,0.028615616,0.012821917
paraboloid,T+F,3042,0.3,0.6687495,0.04349953,0.013327888
paraboloid,T+F,3042,0.4,1.5490326,0.07095061,0.015239593
paraboloid,T+F,3042,0.5,3.0178533,0.11620208,0.028261205
paraboloid,T+F+K,3042,0.0,0.009319351,0.0065204888,0.021558708
paraboloid,T+F+K,3042,0.1,0.068853416,0.019065771,0.010153693
paraboloid,T+F+K,3042,0.2,0.23029324,0.027427154,0.0104059735
paraboloid,T+F+K,3042,0.3,0.69065046,0.042724233,0.0115073025
paraboloid,T+F+K,3042,0.4,1.5912578,0.07226969,0.014798685
paraboloid,T+F+K,3042,0.5,3.0812466,0.12086364,0.027380638
paraboloid,baseline,4042,0.0,0.059077583,0.08528147,0.10387796
paraboloid,baseline,4042,0.1,0.4530286,0.17001653,0.0900281
paraboloid,baseline,4042,0.2,1.0902766,0.1880282,0.08453977
paraboloid,baseline,4042,0.3,2.0849335,0.22907814,0.07992757
paraboloid,baseline,4042,0.4,3.4908118,0.27787563,0.08510269
paraboloid,baseline,4042,0.5,5.6359663,0.3535448,0.08650535
paraboloid,T,4042,0.0,0.05010296,0.012077248,0.010030258
paraboloid,T,4042,0.1,0.36016566,0.032660153,0.020035598
paraboloid,T,4042,0.2,0.87054867,0.056439675,0.028661052
paraboloid,T,4042,0.3,1.6475083,0.09012446,0.038978767
paraboloid,T,4042,0.4,2.7608058,0.13664122,0.048324686
paraboloid,T,4042,0.5,4.55864,0.18821967,0.05837771
paraboloid,K,4042,0.0,0.087138444,0.04523198,0.06116642
paraboloid,K,4042,0.1,0.5385165,0.079524025,0.043425206
paraboloid,K,4042,0.2,1.2819417,0.11954443,0.050607372
paraboloid,K,4042,0.3,2.3335314,0.18273689,0.0666463
paraboloid,K,4042,0.4,3.7864633,0.25587776,0.08666732
paraboloid,K,4042,0.5,5.9251337,0.33438957,0.11403584
paraboloid,T+K,4042,0.0,0.0497927,0.011043235,0.008620663
paraboloid,T+K,4042,0.1,0.35914683,0.031104997,0.018184839
paraboloid,T+K,4042,0.2,0.8737297,0.05565038,0.027170839
paraboloid,T+K,4042,0.3,1.6542964,0.09102444,0.038084175
paraboloid,T+K,4042,0.4,2.7712276,0.13912036,0.04787914
paraboloid,T+K,4042,0.5,4.572628,0.19228095,0.058657322
paraboloid,T+F,4042,0.0,0.023858689,0.009977965,0.014391481
paraboloid,T+F,4042,0.1,0.17397375,0.033646476,0.02612706
paraboloid,T+F,4042,0.2,0.477608,0.057338487,0.034594964
paraboloid,T+F,4042,0.3,1.0466315,0.07600966,0.03752154
paraboloid,T+F,4042,0.4,1.9819295,0.0945876,0.038261235
paraboloid,T+F,4042,0.5,3.7476768,0.124969214,0.04294232
paraboloid,T+F+K,4042,0.0,0.022582429,0.008516733,0.011680532
paraboloid,T+F+K,4042,0.1,0.17424136,0.029863779,0.021780107
paraboloid,T+F+K,4042,0.2,0.4802915,0.05181335,0.030174118
paraboloid,T+F+K,4042,0.3,1.0534066,0.06959743,0.033729114
paraboloid,T+F+K,4042,0.4,1.9961189,0.08760394,0.035597052
paraboloid,T+F+K,4042,0.5,3.7707977,0.11761402,0.042102717
paraboloid,baseline,5042,0.0,0.41170645,0.4478703,0.5039272
paraboloid,baseline,5042,0.1,1.2107004,0.48082107,0.18314984
paraboloid,baseline,5042,0.2,1.7005475,0.5175567,0.16924071
paraboloid,baseline,5042,0.3,2.3735461,0.5251007,0.15897387
paraboloid,baseline,5042,0.4,3.1511436,0.52644885,0.14598343
paraboloid,baseline,5042,0.5,5.4192824,0.5267673,0.12611519
paraboloid,T,5042,0.0,0.32420087,0.12042552,0.0882595
paraboloid,T,5042,0.1,1.3678858,0.32408655,0.15862063
paraboloid,T,5042,0.2,2.0059295,0.39639142,0.17711376
paraboloid,T,5042,0.3,2.9349504,0.43026584,0.18986769
paraboloid,T,5042,0.4,3.981434,0.44804913,0.2004025
paraboloid,T,5042,0.5,6.8535976,0.45737007,0.18386574
paraboloid,K,5042,0.0,0.453989,0.42076373,0.45555505
paraboloid,K,5042,0.1,1.2897918,0.47486866,0.16302086
paraboloid,K,5042,0.2,1.7919796,0.5059771,0.1533159
paraboloid,K,5042,0.3,2.4445484,0.49772686,0.1494073
paraboloid,K,5042,0.4,3.2162628,0.5044743,0.13217765
paraboloid,K,5042,0.5,5.460227,0.5001904,0.11977152
paraboloid,T+K,5042,0.0,0.36589178,0.13901922,0.09701291
paraboloid,T+K,5042,0.1,1.4389379,0.3674843,0.16320325
paraboloid,T+K,5042,0.2,2.0791678,0.43423712,0.17149392
paraboloid,T+K,5042,0.3,2.9788024,0.44738334,0.18403749
paraboloid,T+K,5042,0.4,4.0232406,0.46084228,0.18691725
paraboloid,T+K,5042,0.5,6.863982,0.46358496,0.16854821
paraboloid,T+F,5042,0.0,0.3919251,0.19125262,0.20387636
paraboloid,T+F,5042,0.1,1.40366,0.30738786,0.16651694
paraboloid,T+F,5042,0.2,2.0116293,0.36836347,0.19059731
paraboloid,T+F,5042,0.3,2.8517942,0.41409305,0.18850848
paraboloid,T+F,5042,0.4,3.8373277,0.46299604,0.19664732
paraboloid,T+F,5042,0.5,6.5771685,0.511838,0.20833631
paraboloid,T+F+K,5042,0.0,0.26558283,0.17485839,0.17275931
paraboloid,T+F+K,5042,0.1,1.1213005,0.28470746,0.15133037
paraboloid,T+F+K,5042,0.2,1.6953893,0.34895006,0.18059027
paraboloid,T+F+K,5042,0.3,2.4478595,0.3963817,0.19675905
paraboloid,T+F+K,5042,0.4,3.399891,0.44766557,0.20676672
paraboloid,T+F+K,5042,0.5,6.0090947,0.49400374,0.2257037
paraboloid,baseline,6042,0.0,0.28646663,0.318506,0.6432983
paraboloid,baseline,6042,0.1,0.90769863,0.35457987,0.39016598
paraboloid,baseline,6042,0.2,1.6845747,0.39822686,0.3193644
paraboloid,baseline,6042,0.3,2.158206,0.35605818,0.23041531
paraboloid,baseline,6042,0.4,3.3252454,0.4040089,0.19666909
paraboloid,baseline,6042,0.5,4.579104,0.37190294,0.14361444
paraboloid,T,6042,0.0,0.11056029,0.019062065,0.032130428
paraboloid,T,6042,0.1,0.66075885,0.05590168,0.056952354
paraboloid,T,6042,0.2,1.3435527,0.09636752,0.072580814
paraboloid,T,6042,0.3,1.8567207,0.11011839,0.07838
paraboloid,T,6042,0.4,2.909262,0.13548215,0.10210721
paraboloid,T,6042,0.5,4.0577106,0.1465942,0.098990634
paraboloid,K,6042,0.0,0.25087366,0.26821297,0.51003593
paraboloid,K,6042,0.1,0.853367,0.3108105,0.29480475
paraboloid,K,6042,0.2,1.629979,0.35019436,0.2303497
paraboloid,K,6042,0.3,2.1258786,0.30876413,0.14248876
paraboloid,K,6042,0.4,3.350612,0.365149,0.14139384
paraboloid,K,6042,0.5,4.6338277,0.33650935,0.0913697
paraboloid,T+K,6042,0.0,0.120747216,0.022434125,0.035898928
paraboloid,T+K,6042,0.1,0.6951849,0.05998762,0.04605998
paraboloid,T+K,6042,0.2,1.3935454,0.10507389,0.062601715
paraboloid,T+K,6042,0.3,1.9275796,0.11446234,0.05954597
paraboloid,T+K,6042,0.4,3.0196216,0.14158213,0.09245534
paraboloid,T+K,6042,0.5,4.205345,0.14957553,0.07995739
paraboloid,T+F,6042,0.0,0.12743941,0.084447324,0.1409634
paraboloid,T+F,6042,0.1,0.6073689,0.2019057,0.1427258
paraboloid,T+F,6042,0.2,1.1144311,0.272159,0.13042432
paraboloid,T+F,6042,0.3,1.4189447,0.27974468,0.120758824
paraboloid,T+F,6042,0.4,2.287503,0.30709234,0.10382693
paraboloid,T+F,6042,0.5,3.2082798,0.32303396,0.082951106
paraboloid,T+F+K,6042,0.0,0.096430376,0.07638598,0.104949355
paraboloid,T+F+K,6042,0.1,0.53145224,0.1824645,0.10681225
paraboloid,T+F+K,6042,0.2,1.0210481,0.2504404,0.08958701
paraboloid,T+F+K,6042,0.3,1.2942144,0.24416625,0.078432664
paraboloid,T+F+K,6042,0.4,2.1163938,0.27113414,0.075415544
paraboloid,T+F+K,6042,0.5,2.984069,0.27655128,0.06373275
paraboloid,baseline,7042,0.0,0.15897919,0.17145456,0.316391
paraboloid,baseline,7042,0.1,0.8504408,0.34465653,0.20497245
paraboloid,baseline,7042,0.2,1.6619828,0.41622508,0.20384818
paraboloid,baseline,7042,0.3,2.7304945,0.4980324,0.19107357
paraboloid,baseline,7042,0.4,3.9333909,0.5516881,0.17285551
paraboloid,baseline,7042,0.5,5.6570373,0.61466116,0.15553522
paraboloid,T,7042,0.0,0.11315467,0.02567554,0.026117845
paraboloid,T,7042,0.1,0.6829458,0.121591225,0.06025141
paraboloid,T,7042,0.2,1.3995914,0.19884631,0.10220855
paraboloid,T,7042,0.3,2.4001274,0.29093692,0.12365201
paraboloid,T,7042,0.4,3.5046854,0.3396892,0.122432806
paraboloid,T,7042,0.5,5.052095,0.362616,0.11542975
paraboloid,K,7042,0.0,0.13820703,0.10465651,0.15067664
paraboloid,K,7042,0.1,0.8700701,0.21703196,0.14910056
paraboloid,K,7042,0.2,1.7784787,0.28940007,0.19270264
paraboloid,K,7042,0.3,3.007512,0.37446865,0.23082276
paraboloid,K,7042,0.4,4.356511,0.43082902,0.21867666
paraboloid,K,7042,0.5,6.2125893,0.49538752,0.22602667
paraboloid,T+K,7042,0.0,0.117621794,0.025588233,0.024498414
paraboloid,T+K,7042,0.1,0.7074122,0.12561083,0.064712994
paraboloid,T+K,7042,0.2,1.4363757,0.20316458,0.10734798
paraboloid,T+K,7042,0.3,2.450885,0.2953209,0.12531191
paraboloid,T+K,7042,0.4,3.572534,0.34261703,0.12104933
paraboloid,T+K,7042,0.5,5.136467,0.35937932,0.11611376
paraboloid,T+F,7042,0.0,0.03309822,0.01870329,0.052139968
paraboloid,T+F,7042,0.1,0.28034836,0.046814393,0.018467136
paraboloid,T+F,7042,0.2,0.77138686,0.087374926,0.027227767
paraboloid,T+F,7042,0.3,1.6048831,0.15302967,0.033515014
paraboloid,T+F,7042,0.4,2.6164258,0.20593582,0.044073436
paraboloid,T+F,7042,0.5,4.115032,0.2808793,0.04524312
paraboloid,T+F+K,7042,0.0,0.042117484,0.020153666,0.01924342
paraboloid,T+F+K,7042,0.1,0.33181223,0.08644161,0.030288903
paraboloid,T+F+K,7042,0.2,0.80108935,0.15188009,0.042957295
paraboloid,T+F+K,7042,0.3,1.5648848,0.2535782,0.051297206
paraboloid,T+F+K,7042,0.4,2.3726664,0.3138478,0.063496396
paraboloid,T+F+K,7042,0.5,3.5744116,0.39253128,0.06901832
paraboloid,baseline,8042,0.0,0.1969978,0.32441968,0.37823835
paraboloid,baseline,8042,0.1,0.807783,0.40949598,0.19142197
paraboloid,baseline,8042,0.2,1.3292787,0.38331723,0.15652701
paraboloid,baseline,8042,0.3,2.1086714,0.39160797,0.15007018
paraboloid,baseline,8042,0.4,3.1140869,0.40515494,0.13303007
paraboloid,baseline,8042,0.5,4.4653635,0.38145897,0.113688976
paraboloid,T,8042,0.0,0.09331243,0.032929603,0.025557788
paraboloid,T,8042,0.1,0.5081685,0.11513282,0.03799173
paraboloid,T,8042,0.2,1.0000733,0.1379681,0.036206324
paraboloid,T,8042,0.3,1.9346224,0.16823766,0.035895593
paraboloid,T,8042,0.4,3.1492505,0.19720176,0.040042922
paraboloid,T,8042,0.5,5.0279613,0.23145048,0.0590656
paraboloid,K,8042,0.0,0.17641553,0.19601496,0.21480502
paraboloid,K,8042,0.1,0.79397976,0.28880048,0.12764598
paraboloid,K,8042,0.2,1.3507569,0.2785162,0.108236946
paraboloid,K,8042,0.3,2.1390417,0.2957696,0.104725085
paraboloid,K,8042,0.4,3.16827,0.31773764,0.0987798
paraboloid,K,8042,0.5,4.4894047,0.30897623,0.088578515
paraboloid,T+K,8042,0.0,0.094629884,0.028176922,0.020015804
paraboloid,T+K,8042,0.1,0.51923525,0.105011955,0.03711394
paraboloid,T+K,8042,0.2,1.0208669,0.127551,0.03745872
paraboloid,T+K,8042,0.3,1.9842752,0.16063792,0.039822835
paraboloid,T+K,8042,0.4,3.2226758,0.19360575,0.04655588
paraboloid,T+K,8042,0.5,5.108725,0.2309096,0.069631286
paraboloid,T+F,8042,0.0,0.10573512,0.024878021,0.033132248
paraboloid,T+F,8042,0.1,0.48991862,0.060529873,0.043653227
paraboloid,T+F,8042,0.2,1.0587286,0.085758716,0.06411248
paraboloid,T+F,8042,0.3,1.9082521,0.12998207,0.08155387
paraboloid,T+F,8042,0.4,3.0662384,0.19438958,0.10404207
paraboloid,T+F,8042,0.5,4.663752,0.26489377,0.110149704
paraboloid,T+F+K,8042,0.0,0.043751277,0.017306838,0.021816224
paraboloid,T+F+K,8042,0.1,0.33156344,0.050697487,0.03203921
paraboloid,T+F+K,8042,0.2,0.8272392,0.075456865,0.056011356
paraboloid,T+F+K,8042,0.3,1.5681106,0.11884211,0.072156906
paraboloid,T+F+K,8042,0.4,2.6214914,0.18250595,0.09488861
paraboloid,T+F+K,8042,0.5,4.0949326,0.25170985,0.096716754
paraboloid,baseline,9042,0.0,0.15573807,0.29996988,0.4063554
paraboloid,baseline,9042,0.1,0.7722842,0.41769344,0.33155742
paraboloid,baseline,9042,0.2,1.209831,0.4375631,0.25169364
paraboloid,baseline,9042,0.3,1.9304667,0.4187645,0.2289346
paraboloid,baseline,9042,0.4,3.0922234,0.46682528,0.32569125
paraboloid,baseline,9042,0.5,4.6953125,0.5154663,0.2434253
paraboloid,T,9042,0.0,0.09933998,0.017470362,0.015829235
paraboloid,T,9042,0.1,0.6988969,0.11998609,0.05309581
paraboloid,T,9042,0.2,1.1270412,0.18344583,0.062210828
paraboloid,T,9042,0.3,1.7565789,0.25352144,0.08598722
paraboloid,T,9042,0.4,2.5896676,0.3241977,0.0951357
paraboloid,T,9042,0.5,3.9225156,0.40435877,0.095720865
paraboloid,K,9042,0.0,0.15044591,0.2888429,0.29309338
paraboloid,K,9042,0.1,0.7632866,0.40525448,0.160707
paraboloid,K,9042,0.2,1.2149146,0.42248344,0.14327618
paraboloid,K,9042,0.3,1.9259492,0.4076961,0.124992706
paraboloid,K,9042,0.4,3.0979846,0.46051127,0.1591713
paraboloid,K,9042,0.5,4.799684,0.52017033,0.120995484
paraboloid,T+K,9042,0.0,0.099316336,0.01746831,0.015804686
paraboloid,T+K,9042,0.1,0.70132905,0.12055658,0.054481607
paraboloid,T+K,9042,0.2,1.1295221,0.18448927,0.06277647
paraboloid,T+K,9042,0.3,1.7558793,0.2546448,0.08556312
paraboloid,T+K,9042,0.4,2.5859323,0.32429814,0.092639945
paraboloid,T+K,9042,0.5,3.91104,0.40372658,0.09376466
paraboloid,T+F,9042,0.0,0.028082019,0.018882032,0.048929684
paraboloid,T+F,9042,0.1,0.26216096,0.051313873,0.027256435
paraboloid,T+F,9042,0.2,0.6202768,0.066597305,0.03234506
paraboloid,T+F,9042,0.3,1.1478038,0.09218744,0.04416398
paraboloid,T+F,9042,0.4,2.2446578,0.14194788,0.05734173
paraboloid,T+F,9042,0.5,3.6708632,0.19232765,0.06765281
paraboloid,T+F+K,9042,0.0,0.029630208,0.020928567,0.025096606
paraboloid,T+F+K,9042,0.1,0.2511643,0.05977423,0.028295884
paraboloid,T+F+K,9042,0.2,0.59234965,0.076550335,0.038398184
paraboloid,T+F+K,9042,0.3,1.0699763,0.106218696,0.053112775
paraboloid,T+F+K,9042,0.4,2.130507,0.16393124,0.06130236
paraboloid,T+F+K,9042,0.5,3.4644778,0.21947607,0.0714444
hyperbolic_paraboloid,baseline,42,0.0,0.075319424,0.24961856,0.20182548
hyperbolic_paraboloid,baseline,42,0.1,0.32787657,0.31362158,0.13410765
hyperbolic_paraboloid,baseline,42,0.2,0.53893125,0.34151587,0.123118944
hyperbolic_paraboloid,baseline,42,0.3,0.78392255,0.31868553,0.11659631
hyperbolic_paraboloid,baseline,42,0.4,1.2084593,0.33763245,0.08436665
hyperbolic_paraboloid,baseline,42,0.5,1.7417504,0.35654303,0.14301465
hyperbolic_paraboloid,T,42,0.0,0.04703669,0.01293348,0.010643885
hyperbolic_paraboloid,T,42,0.1,0.23580474,0.031950537,0.011814098
hyperbolic_paraboloid,T,42,0.2,0.4420667,0.04418703,0.014912362
hyperbolic_paraboloid,T,42,0.3,0.7474745,0.056540757,0.01809567
hyperbolic_paraboloid,T,42,0.4,1.23958,0.07783218,0.021704588
hyperbolic_paraboloid,T,42,0.5,1.8618873,0.096813336,0.025160844
hyperbolic_paraboloid,K,42,0.0,0.058053963,0.055262186,0.034336165
hyperbolic_paraboloid,K,42,0.1,0.3209631,0.09406017,0.038468096
hyperbolic_paraboloid,K,42,0.2,0.5825551,0.12421608,0.045481253
hyperbolic_paraboloid,K,42,0.3,0.8454164,0.12934227,0.042278666
hyperbolic_paraboloid,K,42,0.4,1.3161932,0.15531285,0.054632194
hyperbolic_paraboloid,K,42,0.5,1.8550051,0.16289073,0.06049242
hyperbolic_paraboloid,T+K,42,0.0,0.07819759,0.025425795,0.0074150856
hyperbolic_paraboloid,T+K,42,0.1,0.24907716,0.033731975,0.0043316125
hyperbolic_paraboloid,T+K,42,0.2,0.4716792,0.046130218,0.0065450897
hyperbolic_paraboloid,T+K,42,0.3,0.77777,0.060137223,0.009377725
hyperbolic_paraboloid,T+K,42,0.4,1.2550765,0.08080086,0.012158134
hyperbolic_paraboloid,T+K,42,0.5,1.8915896,0.10013755,0.0139213335
hyperbolic_paraboloid,T+F,42,0.0,0.0038068944,0.003513474,0.008757713
hyperbolic_paraboloid,T+F,42,0.1,0.032876085,0.015062619,0.0127646085
hyperbolic_paraboloid,T+F,42,0.2,0.08418099,0.021794844,0.01440257
hyperbolic_paraboloid,T+F,42,0.3,0.18623878,0.03427064,0.021053556
hyperbolic_paraboloid,T+F,42,0.4,0.36277425,0.044380482,0.021739628
hyperbolic_paraboloid,T+F,42,0.5,0.7099338,0.06658143,0.02782745
hyperbolic_paraboloid,T+F+K,42,0.0,0.032101516,0.011509683,0.0071372977
hyperbolic_paraboloid,T+F+K,42,0.1,0.05506424,0.013982719,0.009282512
hyperbolic_paraboloid,T+F+K,42,0.2,0.113068536,0.021041164,0.010489616
hyperbolic_paraboloid,T+F+K,42,0.3,0.22306156,0.029994668,0.0144784525
hyperbolic_paraboloid,T+F+K,42,0.4,0.4117963,0.04046723,0.014980927
hyperbolic_paraboloid,T+F+K,42,0.5,0.75190485,0.06147034,0.018205633
hyperbolic_paraboloid,baseline,1042,0.0,0.04226614,0.06996816,0.088764675
hyperbolic_paraboloid,baseline,1042,0.1,0.18032488,0.113714926,0.08438974
hyperbolic_paraboloid,baseline,1042,0.2,0.34950802,0.1130918,0.09359801
hyperbolic_paraboloid,baseline,1042,0.3,0.59563845,0.12030264,0.07812647
hyperbolic_paraboloid,baseline,1042,0.4,0.9261417,0.13222446,0.06893273
hyperbolic_paraboloid,baseline,1042,0.5,1.5941836,0.13621262,0.08272264
hyperbolic_paraboloid,T,1042,0.0,0.037274767,0.009552471,0.007104214
hyperbolic_paraboloid,T,1042,0.1,0.1979845,0.030750165,0.01092987
hyperbolic_paraboloid,T,1042,0.2,0.39952216,0.0469383,0.01531145
hyperbolic_paraboloid,T,1042,0.3,0.69923365,0.06174074,0.017599883
hyperbolic_paraboloid,T,1042,0.4,1.0488877,0.07626933,0.01983646
hyperbolic_paraboloid,T,1042,0.5,1.9103842,0.12552118,0.02358826
hyperbolic_paraboloid,K,1042,0.0,0.050226275,0.021337094,0.014229271
hyperbolic_paraboloid,K,1042,0.1,0.19835696,0.05073875,0.018373426
hyperbolic_paraboloid,K,1042,0.2,0.3886448,0.06898721,0.023271535
hyperbolic_paraboloid,K,1042,0.3,0.6770472,0.08608813,0.022461593
hyperbolic_paraboloid,K,1042,0.4,1.049036,0.10467075,0.028270377
hyperbolic_paraboloid,K,1042,0.5,1.778369,0.13032785,0.030919971
hyperbolic_paraboloid,T+K,1042,0.0,0.038658164,0.00913597,0.0047146017
hyperbolic_paraboloid,T+K,1042,0.1,0.1978394,0.029912073,0.008304823
hyperbolic_paraboloid,T+K,1042,0.2,0.39258987,0.045740318,0.011871698
hyperbolic_paraboloid,T+K,1042,0.3,0.6854783,0.06014396,0.014285864
hyperbolic_paraboloid,T+K,1042,0.4,1.0228926,0.0741414,0.016339228
hyperbolic_paraboloid,T+K,1042,0.5,1.8688813,0.12181917,0.020165982
hyperbolic_paraboloid,T+F,1042,0.0,0.018346816,0.010034885,0.012339268
hyperbolic_paraboloid,T+F,1042,0.1,0.068678044,0.027828101,0.016512325
hyperbolic_paraboloid,T+F,1042,0.2,0.1384176,0.03659358,0.01894318
hyperbolic_paraboloid,T+F,1042,0.3,0.2728035,0.04406218,0.021223424
hyperbolic_paraboloid,T+F,1042,0.4,0.48436072,0.05128116,0.020540662
hyperbolic_paraboloid,T+F,1042,0.5,0.99447966,0.06749026,0.02902007
hyperbolic_paraboloid,T+F+K,1042,0.0,0.028303415,0.010700053,0.008782021
hyperbolic_paraboloid,T+F+K,1042,0.1,0.068733774,0.021937925,0.012840942
hyperbolic_paraboloid,T+F+K,1042,0.2,0.13174713,0.029605776,0.014940449
hyperbolic_paraboloid,T+F+K,1042,0.3,0.26642025,0.03670763,0.016020006
hyperbolic_paraboloid,T+F+K,1042,0.4,0.48365444,0.04374532,0.015816152
hyperbolic_paraboloid,T+F+K,1042,0.5,0.9761909,0.05871705,0.02446519
hyperbolic_paraboloid,baseline,2042,0.0,0.053576402,0.06845448,0.10189373
hyperbolic_paraboloid,baseline,2042,0.1,0.2268311,0.10563043,0.09182515
hyperbolic_paraboloid,baseline,2042,0.2,0.3935186,0.119800635,0.09301485
hyperbolic_paraboloid,baseline,2042,0.3,0.63527805,0.13497582,0.11059544
hyperbolic_paraboloid,baseline,2042,0.4,1.094369,0.15712932,0.11656638
hyperbolic_paraboloid,baseline,2042,0.5,1.4101586,0.13993563,0.10462066
hyperbolic_paraboloid,T,2042,0.0,0.03219665,0.005325838,0.0024576911
hyperbolic_paraboloid,T,2042,0.1,0.20551395,0.019056292,0.0042315945
hyperbolic_paraboloid,T,2042,0.2,0.3941277,0.02865794,0.006020245
hyperbolic_paraboloid,T,2042,0.3,0.6939191,0.041859828,0.007842706
hyperbolic_paraboloid,T,2042,0.4,1.2354777,0.06979788,0.011143908
hyperbolic_paraboloid,T,2042,0.5,1.6018437,0.077079676,0.013239875
hyperbolic_paraboloid,K,2042,0.0,0.039907996,0.019320153,0.011759914
hyperbolic_paraboloid,K,2042,0.1,0.17287418,0.04305652,0.016009754
hyperbolic_paraboloid,K,2042,0.2,0.32091075,0.051257305,0.01956945
hyperbolic_paraboloid,K,2042,0.3,0.5411337,0.06333588,0.022275714
hyperbolic_paraboloid,K,2042,0.4,0.97062653,0.08045259,0.026509197
hyperbolic_paraboloid,K,2042,0.5,1.2987729,0.08161932,0.027133718
hyperbolic_paraboloid,T+K,2042,0.0,0.031100372,0.0052359016,0.0015414507
hyperbolic_paraboloid,T+K,2042,0.1,0.20129822,0.01939857,0.0034621041
hyperbolic_paraboloid,T+K,2042,0.2,0.38712722,0.029582357,0.0052738693
hyperbolic_paraboloid,T+K,2042,0.3,0.6858834,0.043556422,0.007160822
hyperbolic_paraboloid,T+K,2042,0.4,1.2293019,0.074664935,0.01100189
hyperbolic_paraboloid,T+K,2042,0.5,1.5805007,0.081285946,0.013111085
hyperbolic_paraboloid,T+F,2042,0.0,0.013189459,0.010017819,0.013227441
hyperbolic_paraboloid,T+F,2042,0.1,0.04511674,0.024124825,0.018369604
hyperbolic_paraboloid,T+F,2042,0.2,0.109477796,0.03199646,0.022350209
hyperbolic_paraboloid,T+F,2042,0.3,0.23246652,0.040678356,0.023564152
hyperbolic_paraboloid,T+F,2042,0.4,0.52231747,0.055407457,0.02850152
hyperbolic_paraboloid,T+F,2042,0.5,0.8323479,0.060260933,0.025147384
hyperbolic_paraboloid,T+F+K,2042,0.0,0.015382091,0.008281049,0.009317358
hyperbolic_paraboloid,T+F+K,2042,0.1,0.068574235,0.024408357,0.016441353
hyperbolic_paraboloid,T+F+K,2042,0.2,0.1470922,0.033192713,0.02091836
hyperbolic_paraboloid,T+F+K,2042,0.3,0.2928121,0.041622367,0.02223182
hyperbolic_paraboloid,T+F+K,2042,0.4,0.6192422,0.05962102,0.025091907
hyperbolic_paraboloid,T+F+K,2042,0.5,0.92804104,0.064607106,0.02370282
hyperbolic_paraboloid,baseline,3042,0.0,0.02377547,0.018890869,0.03937752
hyperbolic_paraboloid,baseline,3042,0.1,0.078918494,0.03611286,0.04129748
hyperbolic_paraboloid,baseline,3042,0.2,0.18996166,0.04630164,0.04240339
hyperbolic_paraboloid,baseline,3042,0.3,0.38333225,0.062115356,0.054654583
hyperbolic_paraboloid,baseline,3042,0.4,0.6836992,0.074067436,0.056052707
hyperbolic_paraboloid,baseline,3042,0.5,1.2097963,0.0954888,0.05515029
hyperbolic_paraboloid,T,3042,0.0,0.016137931,0.0050331126,0.0038714006
hyperbolic_paraboloid,T,3042,0.1,0.0802597,0.008921286,0.006147711
hyperbolic_paraboloid,T,3042,0.2,0.18282665,0.014101757,0.007163029
hyperbolic_paraboloid,T,3042,0.3,0.395242,0.02422239,0.009391187
hyperbolic_paraboloid,T,3042,0.4,0.70388126,0.035052,0.010209522
hyperbolic_paraboloid,T,3042,0.5,1.2507215,0.053937066,0.012942871
hyperbolic_paraboloid,K,3042,0.0,0.017750232,0.014099443,0.025454426
hyperbolic_paraboloid,K,3042,0.1,0.06360936,0.024753425,0.024079837
hyperbolic_paraboloid,K,3042,0.2,0.16320297,0.032823503,0.023321671
hyperbolic_paraboloid,K,3042,0.3,0.34866786,0.047117684,0.03103906
hyperbolic_paraboloid,K,3042,0.4,0.63913834,0.05883218,0.028785592
hyperbolic_paraboloid,K,3042,0.5,1.1535457,0.0835105,0.030061815
hyperbolic_paraboloid,T+K,3042,0.0,0.022394614,0.0060533234,0.00365148
hyperbolic_paraboloid,T+K,3042,0.1,0.09093207,0.0104390755,0.0052935253
hyperbolic_paraboloid,T+K,3042,0.2,0.2053846,0.015555246,0.006150708
hyperbolic_paraboloid,T+K,3042,0.3,0.41759077,0.025147583,0.008534869
hyperbolic_paraboloid,T+K,3042,0.4,0.73678005,0.035720825,0.009250426
hyperbolic_paraboloid,T+K,3042,0.5,1.2888345,0.052903093,0.011569098
hyperbolic_paraboloid,T+F,3042,0.0,0.016282497,0.00574097,0.0060887015
hyperbolic_paraboloid,T+F,3042,0.1,0.024383264,0.0112160565,0.012880706
hyperbolic_paraboloid,T+F,3042,0.2,0.0502316,0.017088527,0.016194265
hyperbolic_paraboloid,T+F,3042,0.3,0.12481624,0.024992589,0.0193905
hyperbolic_paraboloid,T+F,3042,0.4,0.2647804,0.033987705,0.021616682
hyperbolic_paraboloid,T+F,3042,0.5,0.60912126,0.051407132,0.02278756
hyperbolic_paraboloid,T+F+K,3042,0.0,0.015059753,0.005425287,0.0054388274
hyperbolic_paraboloid,T+F+K,3042,0.1,0.023069577,0.0105284825,0.011280111
hyperbolic_paraboloid,T+F+K,3042,0.2,0.04853762,0.016005564,0.01461073
hyperbolic_paraboloid,T+F+K,3042,0.3,0.12208369,0.023700472,0.017639901
hyperbolic_paraboloid,T+F+K,3042,0.4,0.26123527,0.032209165,0.019950157
hyperbolic_paraboloid,T+F+K,3042,0.5,0.6018515,0.04893139,0.021135917
hyperbolic_paraboloid,baseline,4042,0.0,0.07548702,0.13561904,0.084295936
hyperbolic_paraboloid,baseline,4042,0.1,0.39429632,0.21195544,0.054672055
hyperbolic_paraboloid,baseline,4042,0.2,0.6072586,0.20629603,0.054505028
hyperbolic_paraboloid,baseline,4042,0.3,0.9695862,0.22535038,0.047125094
hyperbolic_paraboloid,baseline,4042,0.4,1.3303463,0.2290731,0.046528358
hyperbolic_paraboloid,baseline,4042,0.5,2.023002,0.26477534,0.04033227
hyperbolic_paraboloid,T,4042,0.0,0.08641905,0.027468365,0.009134779
hyperbolic_paraboloid,T,4042,0.1,0.5129372,0.11658158,0.022264736
hyperbolic_paraboloid,T,4042,0.2,0.7899186,0.14368095,0.031777386
hyperbolic_paraboloid,T,4042,0.3,1.2704346,0.19841734,0.050534964
hyperbolic_paraboloid,T,4042,0.4,1.7060194,0.2058013,0.051750697
hyperbolic_paraboloid,T,4042,0.5,2.5377448,0.25393915,0.0649432
hyperbolic_paraboloid,K,4042,0.0,0.06386244,0.03910907,0.011958264
hyperbolic_paraboloid,K,4042,0.1,0.36539274,0.10898022,0.018858923
hyperbolic_paraboloid,K,4042,0.2,0.57949394,0.12544796,0.02132461
hyperbolic_paraboloid,K,4042,0.3,0.9739997,0.16430849,0.023909787
hyperbolic_paraboloid,K,4042,0.4,1.3567421,0.17778547,0.025665618
hyperbolic_paraboloid,K,4042,0.5,2.0972111,0.22311077,0.031089254
hyperbolic_paraboloid,T+K,4042,0.0,0.09268198,0.02946673,0.007455801
hyperbolic_paraboloid,T+K,4042,0.1,0.53023463,0.1242764,0.019159913
hyperbolic_paraboloid,T+K,4042,0.2,0.8135784,0.1522647,0.029642848
hyperbolic_paraboloid,T+K,4042,0.3,1.2986522,0.20791736,0.051381756
hyperbolic_paraboloid,T+K,4042,0.4,1.7523408,0.21432926,0.05086813
hyperbolic_paraboloid,T+K,4042,0.5,2.5971494,0.26218113,0.062926814
hyperbolic_paraboloid,T+F,4042,0.0,0.0140067525,0.012779898,0.019906513
hyperbolic_paraboloid,T+F,4042,0.1,0.09691887,0.03380109,0.024412045
hyperbolic_paraboloid,T+F,4042,0.2,0.18328592,0.042146344,0.022422666
hyperbolic_paraboloid,T+F,4042,0.3,0.35193777,0.051388267,0.026757382
hyperbolic_paraboloid,T+F,4042,0.4,0.6054078,0.060936056,0.0261659
hyperbolic_paraboloid,T+F,4042,0.5,1.110948,0.07881682,0.029454093
hyperbolic_paraboloid,T+F+K,4042,0.0,0.03633723,0.009526769,0.012253725
hyperbolic_paraboloid,T+F+K,4042,0.1,0.12847793,0.0270128,0.01514899
hyperbolic_paraboloid,T+F+K,4042,0.2,0.21423231,0.034251295,0.015828324
hyperbolic_paraboloid,T+F+K,4042,0.3,0.3793093,0.04377194,0.019272603
hyperbolic_paraboloid,T+F+K,4042,0.4,0.62503326,0.05282216,0.018493833
hyperbolic_paraboloid,T+F+K,4042,0.5,1.1347177,0.06958731,0.023563132
hyperbolic_paraboloid,baseline,5042,0.0,0.28068936,0.44878393,0.2726147
hyperbolic_paraboloid,baseline,5042,0.1,0.74243003,0.48367506,0.230492
hyperbolic_paraboloid,baseline,5042,0.2,0.9832204,0.49864125,0.23591156
hyperbolic_paraboloid,baseline,5042,0.3,1.377695,0.5037534,0.25777632
hyperbolic_paraboloid,baseline,5042,0.4,1.7616465,0.4821662,0.23416318
hyperbolic_paraboloid,baseline,5042,0.5,2.3613427,0.53361917,0.19654994
hyperbolic_paraboloid,T,5042,0.0,0.21602485,0.11630507,0.012860199
hyperbolic_paraboloid,T,5042,0.1,0.6909317,0.21166725,0.026707098
hyperbolic_paraboloid,T,5042,0.2,0.97027165,0.23043294,0.034254484
hyperbolic_paraboloid,T,5042,0.3,1.3989623,0.25641596,0.037733115
hyperbolic_paraboloid,T,5042,0.4,1.8986808,0.27145505,0.04004278
hyperbolic_paraboloid,T,5042,0.5,2.424301,0.29641053,0.03558155
hyperbolic_paraboloid,K,5042,0.0,0.28623077,0.3170716,0.07704417
hyperbolic_paraboloid,K,5042,0.1,0.75135875,0.38059878,0.09262087
hyperbolic_paraboloid,K,5042,0.2,0.99396855,0.40323675,0.107893825
hyperbolic_paraboloid,K,5042,0.3,1.3849432,0.41517496,0.1142561
hyperbolic_paraboloid,K,5042,0.4,1.7697965,0.4250602,0.11763479
hyperbolic_paraboloid,K,5042,0.5,2.3195705,0.45882735,0.10953342
hyperbolic_paraboloid,T+K,5042,0.0,0.22523206,0.114902906,0.013364383
hyperbolic_paraboloid,T+K,5042,0.1,0.71652424,0.2130066,0.021440959
hyperbolic_paraboloid,T+K,5042,0.2,1.0024844,0.23282231,0.029234434
hyperbolic_paraboloid,T+K,5042,0.3,1.4412849,0.25994945,0.032856766
hyperbolic_paraboloid,T+K,5042,0.4,1.9464908,0.2762257,0.037762508
hyperbolic_paraboloid,T+K,5042,0.5,2.4802775,0.30078018,0.031355582
hyperbolic_paraboloid,T+F,5042,0.0,0.10674089,0.12984449,0.07937232
hyperbolic_paraboloid,T+F,5042,0.1,0.33101317,0.176452,0.07166418
hyperbolic_paraboloid,T+F,5042,0.2,0.459329,0.1950217,0.07362017
hyperbolic_paraboloid,T+F,5042,0.3,0.7371111,0.21376458,0.063333
hyperbolic_paraboloid,T+F,5042,0.4,1.030014,0.2325564,0.05950238
hyperbolic_paraboloid,T+F,5042,0.5,1.4912852,0.2660922,0.049380742
hyperbolic_paraboloid,T+F+K,5042,0.0,0.1116202,0.11139053,0.06415093
hyperbolic_paraboloid,T+F+K,5042,0.1,0.34753358,0.16432087,0.05211548
hyperbolic_paraboloid,T+F+K,5042,0.2,0.48590842,0.18143108,0.055373468
hyperbolic_paraboloid,T+F+K,5042,0.3,0.77356774,0.20153438,0.048267085
hyperbolic_paraboloid,T+F+K,5042,0.4,1.0680524,0.21945837,0.047655486
hyperbolic_paraboloid,T+F+K,5042,0.5,1.5496565,0.24818136,0.039904844
hyperbolic_paraboloid,baseline,6042,0.0,0.17127225,0.17708941,0.07466436
hyperbolic_paraboloid,baseline,6042,0.1,0.52281815,0.23146261,0.052611917
hyperbolic_paraboloid,baseline,6042,0.2,0.7606433,0.27790427,0.049278818
hyperbolic_paraboloid,baseline,6042,0.3,1.0788829,0.2790148,0.05970867
hyperbolic_paraboloid,baseline,6042,0.4,1.5263042,0.2977045,0.05421219
hyperbolic_paraboloid,baseline,6042,0.5,2.1765623,0.29784653,0.047653038
hyperbolic_paraboloid,T,6042,0.0,0.05960868,0.019830037,0.0045236573
hyperbolic_paraboloid,T,6042,0.1,0.23950809,0.04324011,0.006589354
hyperbolic_paraboloid,T,6042,0.2,0.43941417,0.059818152,0.008346996
hyperbolic_paraboloid,T,6042,0.3,0.65340763,0.06416425,0.011469114
hyperbolic_paraboloid,T,6042,0.4,1.0365195,0.08241857,0.01349582
hyperbolic_paraboloid,T,6042,0.5,1.5739146,0.09105418,0.015140907
hyperbolic_paraboloid,K,6042,0.0,0.16194472,0.17157656,0.021977827
hyperbolic_paraboloid,K,6042,0.1,0.5004331,0.23267463,0.027001703
hyperbolic_paraboloid,K,6042,0.2,0.745845,0.27455682,0.025923051
hyperbolic_paraboloid,K,6042,0.3,1.0693601,0.27749103,0.03103139
hyperbolic_paraboloid,K,6042,0.4,1.5456718,0.3036847,0.03238058
hyperbolic_paraboloid,K,6042,0.5,2.2128885,0.30778047,0.03157216
hyperbolic_paraboloid,T+K,6042,0.0,0.060916726,0.018238734,0.0030547709
hyperbolic_paraboloid,T+K,6042,0.1,0.24561802,0.045408893,0.00506827
hyperbolic_paraboloid,T+K,6042,0.2,0.45690075,0.062981635,0.0065461206
hyperbolic_paraboloid,T+K,6042,0.3,0.66483027,0.06756603,0.008889604
hyperbolic_paraboloid,T+K,6042,0.4,1.0510817,0.08633255,0.010926752
hyperbolic_paraboloid,T+K,6042,0.5,1.5890234,0.0972544,0.011812646
hyperbolic_paraboloid,T+F,6042,0.0,0.045255154,0.050127916,0.02351394
hyperbolic_paraboloid,T+F,6042,0.1,0.17601377,0.09944196,0.03711301
hyperbolic_paraboloid,T+F,6042,0.2,0.31263843,0.11909083,0.04162667
hyperbolic_paraboloid,T+F,6042,0.3,0.54927427,0.1385199,0.049659066
hyperbolic_paraboloid,T+F,6042,0.4,0.87754583,0.16652404,0.045700327
hyperbolic_paraboloid,T+F,6042,0.5,1.5635085,0.18973799,0.052509245
hyperbolic_paraboloid,T+F+K,6042,0.0,0.04134842,0.044544592,0.015236664
hyperbolic_paraboloid,T+F+K,6042,0.1,0.1714303,0.08907603,0.024630163
hyperbolic_paraboloid,T+F+K,6042,0.2,0.3112456,0.10771386,0.029803462
hyperbolic_paraboloid,T+F+K,6042,0.3,0.55356365,0.12528288,0.03704532
hyperbolic_paraboloid,T+F+K,6042,0.4,0.88885486,0.15371759,0.03566092
hyperbolic_paraboloid,T+F+K,6042,0.5,1.5823895,0.1755029,0.042361237
hyperbolic_paraboloid,baseline,7042,0.0,0.026327468,0.025995012,0.08538205
hyperbolic_paraboloid,baseline,7042,0.1,0.1565791,0.06314764,0.09136524
hyperbolic_paraboloid,baseline,7042,0.2,0.30677205,0.0772854,0.078660116
hyperbolic_paraboloid,baseline,7042,0.3,0.590854,0.10191114,0.10079379
hyperbolic_paraboloid,baseline,7042,0.4,0.9963564,0.11859677,0.099756196
hyperbolic_paraboloid,baseline,7042,0.5,1.381942,0.13252123,0.11086135
hyperbolic_paraboloid,T,7042,0.0,0.046715364,0.014171629,0.012073482
hyperbolic_paraboloid,T,7042,0.1,0.19652544,0.03411996,0.023236824
hyperbolic_paraboloid,T,7042,0.2,0.35196275,0.04693359,0.025766391
hyperbolic_paraboloid,T,7042,0.3,0.6206297,0.06719354,0.032026716
hyperbolic_paraboloid,T,7042,0.4,1.0240276,0.08608641,0.032613177
hyperbolic_paraboloid,T,7042,0.5,1.4432513,0.09730704,0.031008095
hyperbolic_paraboloid,K,7042,0.0,0.026327105,0.020193707,0.022018664
hyperbolic_paraboloid,K,7042,0.1,0.17349215,0.05078071,0.03190044
hyperbolic_paraboloid,K,7042,0.2,0.33691284,0.06200505,0.029568583
hyperbolic_paraboloid,K,7042,0.3,0.64338213,0.08118071,0.037969615
hyperbolic_paraboloid,K,7042,0.4,1.0793554,0.09723541,0.042133763
hyperbolic_paraboloid,K,7042,0.5,1.488296,0.10398931,0.03880013
hyperbolic_paraboloid,T+K,7042,0.0,0.047883455,0.01477452,0.0067193
hyperbolic_paraboloid,T+K,7042,0.1,0.19947235,0.034876633,0.013734544
hyperbolic_paraboloid,T+K,7042,0.2,0.35322657,0.047236267,0.01633025
hyperbolic_paraboloid,T+K,7042,0.3,0.62760264,0.06843171,0.020423967
hyperbolic_paraboloid,T+K,7042,0.4,1.0333531,0.08883556,0.021965442
hyperbolic_paraboloid,T+K,7042,0.5,1.4821324,0.10077539,0.022345414
hyperbolic_paraboloid,T+F,7042,0.0,0.014220263,0.00878199,0.00835262
hyperbolic_paraboloid,T+F,7042,0.1,0.052316748,0.022134248,0.011101948
hyperbolic_paraboloid,T+F,7042,0.2,0.11137326,0.027996803,0.011701795
hyperbolic_paraboloid,T+F,7042,0.3,0.26006505,0.039816603,0.015381285
hyperbolic_paraboloid,T+F,7042,0.4,0.51048464,0.051066283,0.020233259
hyperbolic_paraboloid,T+F,7042,0.5,0.78965586,0.060570832,0.013089119
hyperbolic_paraboloid,T+F+K,7042,0.0,0.020405613,0.0059829797,0.0070140515
hyperbolic_paraboloid,T+F+K,7042,0.1,0.047217514,0.020294456,0.0093114395
hyperbolic_paraboloid,T+F+K,7042,0.2,0.10913254,0.0262565,0.009762039
hyperbolic_paraboloid,T+F+K,7042,0.3,0.24538383,0.036849506,0.012960892
hyperbolic_paraboloid,T+F+K,7042,0.4,0.4979103,0.04700727,0.01722213
hyperbolic_paraboloid,T+F+K,7042,0.5,0.754694,0.055128228,0.01165368
hyperbolic_paraboloid,baseline,8042,0.0,0.097981855,0.29675725,0.47168586
hyperbolic_paraboloid,baseline,8042,0.1,0.38274336,0.37654844,0.41621733
hyperbolic_paraboloid,baseline,8042,0.2,0.5759409,0.37300247,0.5227825
hyperbolic_paraboloid,baseline,8042,0.3,0.90727717,0.40009356,0.5400261
hyperbolic_paraboloid,baseline,8042,0.4,1.2333462,0.39057827,0.486139
hyperbolic_paraboloid,baseline,8042,0.5,1.8287729,0.40067622,0.6239245
hyperbolic_paraboloid,T,8042,0.0,0.057122324,0.0121778315,0.004908477
hyperbolic_paraboloid,T,8042,0.1,0.28617227,0.04558863,0.0096065635
hyperbolic_paraboloid,T,8042,0.2,0.4754912,0.062665656,0.011665526
hyperbolic_paraboloid,T,8042,0.3,0.794174,0.08932094,0.01968668
hyperbolic_paraboloid,T,8042,0.4,1.0984515,0.102112524,0.02556448
hyperbolic_paraboloid,T,8042,0.5,1.6692773,0.13276182,0.05109641
hyperbolic_paraboloid,K,8042,0.0,0.07078617,0.1272234,0.12159218
hyperbolic_paraboloid,K,8042,0.1,0.32843044,0.20898977,0.13391992
hyperbolic_paraboloid,K,8042,0.2,0.5216621,0.21688843,0.13945785
hyperbolic_paraboloid,K,8042,0.3,0.84977424,0.24124461,0.12743069
hyperbolic_paraboloid,K,8042,0.4,1.1982958,0.24656813,0.11866865
hyperbolic_paraboloid,K,8042,0.5,1.8006322,0.25569355,0.14316161
hyperbolic_paraboloid,T+K,8042,0.0,0.047171175,0.0114658065,0.0033274486
hyperbolic_paraboloid,T+K,8042,0.1,0.30067402,0.043549486,0.0077920742
hyperbolic_paraboloid,T+K,8042,0.2,0.49320194,0.061035942,0.00965838
hyperbolic_paraboloid,T+K,8042,0.3,0.8222119,0.08705923,0.015896868
hyperbolic_paraboloid,T+K,8042,0.4,1.1090107,0.10051622,0.021130554
hyperbolic_paraboloid,T+K,8042,0.5,1.7007395,0.13233663,0.042378347
hyperbolic_paraboloid,T+F,8042,0.0,0.017319333,0.01078519,0.010089293
hyperbolic_paraboloid,T+F,8042,0.1,0.08202975,0.030762937,0.021776428
hyperbolic_paraboloid,T+F,8042,0.2,0.1438828,0.036554802,0.023942119
hyperbolic_paraboloid,T+F,8042,0.3,0.271867,0.04595946,0.03165062
hyperbolic_paraboloid,T+F,8042,0.4,0.43623006,0.052907467,0.035068724
hyperbolic_paraboloid,T+F,8042,0.5,0.7702204,0.06724916,0.036122616
hyperbolic_paraboloid,T+F+K,8042,0.0,0.016364897,0.009683592,0.007980447
hyperbolic_paraboloid,T+F+K,8042,0.1,0.07967669,0.027180655,0.018473964
hyperbolic_paraboloid,T+F+K,8042,0.2,0.14076892,0.03272834,0.020864502
hyperbolic_paraboloid,T+F+K,8042,0.3,0.26704335,0.04152263,0.027424281
hyperbolic_paraboloid,T+F+K,8042,0.4,0.42875665,0.048045166,0.030355481
hyperbolic_paraboloid,T+F+K,8042,0.5,0.75957584,0.06261447,0.032559205
hyperbolic_paraboloid,baseline,9042,0.0,0.11420473,0.32917318,0.37402514
hyperbolic_paraboloid,baseline,9042,0.1,0.4698946,0.39383447,0.1989335
hyperbolic_paraboloid,baseline,9042,0.2,0.7096441,0.40953967,0.24168664
hyperbolic_paraboloid,baseline,9042,0.3,1.0917146,0.38690317,0.21507509
hyperbolic_paraboloid,baseline,9042,0.4,1.7530193,0.42872295,0.21456364
hyperbolic_paraboloid,baseline,9042,0.5,2.4495583,0.43529198,0.16746177
hyperbolic_paraboloid,T,9042,0.0,0.03928151,0.011033394,0.0036841854
hyperbolic_paraboloid,T,9042,0.1,0.2298247,0.03718663,0.010180478
hyperbolic_paraboloid,T,9042,0.2,0.42351848,0.054726243,0.014841089
hyperbolic_paraboloid,T,9042,0.3,0.66036206,0.06937331,0.01785655
hyperbolic_paraboloid,T,9042,0.4,1.1934144,0.10468059,0.022877581
hyperbolic_paraboloid,T,9042,0.5,1.6391445,0.12112927,0.026897602
hyperbolic_paraboloid,K,9042,0.0,0.16328919,0.324704,0.64583
hyperbolic_paraboloid,K,9042,0.1,0.50990605,0.37122986,0.5071183
hyperbolic_paraboloid,K,9042,0.2,0.73019475,0.3803349,0.4415273
hyperbolic_paraboloid,K,9042,0.3,1.0664634,0.36061546,0.28047687
hyperbolic_paraboloid,K,9042,0.4,1.7395288,0.4000993,0.21918608
hyperbolic_paraboloid,K,9042,0.5,2.437125,0.40857586,0.08444347
hyperbolic_paraboloid,T+K,9042,0.0,0.03939119,0.011183247,0.0032080722
hyperbolic_paraboloid,T+K,9042,0.1,0.22959769,0.03664258,0.009889757
hyperbolic_paraboloid,T+K,9042,0.2,0.42318818,0.053733997,0.014470889
hyperbolic_paraboloid,T+K,9042,0.3,0.6647035,0.06850528,0.01745995
hyperbolic_paraboloid,T+K,9042,0.4,1.2006272,0.103229195,0.022481447
hyperbolic_paraboloid,T+K,9042,0.5,1.6442498,0.11957655,0.026460635
hyperbolic_paraboloid,T+F,9042,0.0,0.010265,0.01245899,0.019625373
hyperbolic_paraboloid,T+F,9042,0.1,0.08009947,0.035610788,0.019154033
hyperbolic_paraboloid,T+F,9042,0.2,0.14967638,0.041354265,0.019920023
hyperbolic_paraboloid,T+F,9042,0.3,0.2447842,0.045419708,0.02146073
hyperbolic_paraboloid,T+F,9042,0.4,0.5366228,0.06220188,0.030147277
hyperbolic_paraboloid,T+F,9042,0.5,0.85952103,0.070919156,0.025785035
hyperbolic_paraboloid,T+F+K,9042,0.0,0.00894692,0.010417988,0.01287565
hyperbolic_paraboloid,T+F+K,9042,0.1,0.06936514,0.029761331,0.014027826
hyperbolic_paraboloid,T+F+K,9042,0.2,0.13449945,0.03551507,0.015739994
hyperbolic_paraboloid,T+F+K,9042,0.3,0.23204826,0.040675055,0.017123424
hyperbolic_paraboloid,T+F+K,9042,0.4,0.5170024,0.05701839,0.023766767
hyperbolic_paraboloid,T+F+K,9042,0.5,0.8483284,0.06579138,0.020594161
monkey_saddle,baseline,42,0.0,0.2334037,0.4552192,2.784532
monkey_saddle,baseline,42,0.1,1.0237335,0.5243172,2.5096238
monkey_saddle,baseline,42,0.2,2.0333667,0.5815624,1.8104256
monkey_saddle,baseline,42,0.3,3.4384599,0.49156854,1.8424798
monkey_saddle,baseline,42,0.4,6.1792445,0.5707803,1.5403686
monkey_saddle,baseline,42,0.5,9.178049,0.6155618,1.5401297
monkey_saddle,T,42,0.0,0.20884874,0.16666426,0.61691165
monkey_saddle,T,42,0.1,1.4894825,0.32956883,0.34437892
monkey_saddle,T,42,0.2,2.63006,0.37703857,0.3666567
monkey_saddle,T,42,0.3,4.585702,0.37132615,0.3994777
monkey_saddle,T,42,0.4,8.559842,0.36458442,0.49529147
monkey_saddle,T,42,0.5,12.382714,0.39645642,0.8912159
monkey_saddle,K,42,0.0,0.3773043,0.5073307,0.6084716
monkey_saddle,K,42,0.1,1.800133,0.727923,2.619284
monkey_saddle,K,42,0.2,2.784409,0.7771844,3.0238912
monkey_saddle,K,42,0.3,4.5311804,0.7832386,0.7880272
monkey_saddle,K,42,0.4,7.475195,0.7534783,0.604927
monkey_saddle,K,42,0.5,10.979923,0.7507513,0.5419342
monkey_saddle,T+K,42,0.0,0.19810928,0.14082563,0.4032718
monkey_saddle,T+K,42,0.1,1.5530925,0.3266015,0.3093532
monkey_saddle,T+K,42,0.2,2.6664648,0.36795884,0.29875934
monkey_saddle,T+K,42,0.3,4.612682,0.395214,0.3312792
monkey_saddle,T+K,42,0.4,8.338161,0.39800543,0.37234583
monkey_saddle,T+K,42,0.5,12.097745,0.41452253,0.5656372
monkey_saddle,T+F,42,0.0,0.16017066,0.41501322,0.57226235
monkey_saddle,T+F,42,0.1,1.1032284,0.48358384,0.41236803
monkey_saddle,T+F,42,0.2,1.98894,0.51744014,0.33138466
monkey_saddle,T+F,42,0.3,3.627333,0.5404686,0.3225982
monkey_saddle,T+F,42,0.4,6.044002,0.56943315,0.2261569
monkey_saddle,T+F,42,0.5,9.2778,0.573994,0.25102836
monkey_saddle,T+F+K,42,0.0,0.2022779,0.55255866,0.32666296
monkey_saddle,T+F+K,42,0.1,1.2566334,0.6332632,0.33653772
monkey_saddle,T+F+K,42,0.2,2.1802154,0.6472737,0.27659243
monkey_saddle,T+F+K,42,0.3,3.9264674,0.6418521,0.26178253
monkey_saddle,T+F+K,42,0.4,6.4969873,0.6464754,0.22537869
monkey_saddle,T+F+K,42,0.5,9.749855,0.656672,0.21841711
monkey_saddle,baseline,1042,0.0,0.25493357,0.67883605,0.5509701
monkey_saddle,baseline,1042,0.1,0.87963736,0.6580481,0.48768142
monkey_saddle,baseline,1042,0.2,1.6804771,0.6527482,0.5061722
monkey_saddle,baseline,1042,0.3,2.9606571,0.6646183,0.48001802
monkey_saddle,baseline,1042,0.4,5.5083175,0.6499134,0.46484634
monkey_saddle,baseline,1042,0.5,8.920934,0.65297776,0.45668805
monkey_saddle,T,1042,0.0,0.32650134,0.24989426,291.9601
monkey_saddle,T,1042,0.1,0.7995062,0.31539363,16.394001
monkey_saddle,T,1042,0.2,2.0161028,0.38051325,22589.248
monkey_saddle,T,1042,0.3,3.9937918,0.39609662,1906.2935
monkey_saddle,T,1042,0.4,7.5738273,0.45058432,41.235573
monkey_saddle,T,1042,0.5,12.220627,0.46455017,25.723766
monkey_saddle,K,1042,0.0,0.23963687,0.68828243,0.54501957
monkey_saddle,K,1042,0.1,0.90260637,0.68814516,0.40927702
monkey_saddle,K,1042,0.2,1.7559611,0.68083566,0.3924706
monkey_saddle,K,1042,0.3,3.0412827,0.6977044,0.35807738
monkey_saddle,K,1042,0.4,5.6522164,0.6764364,0.3360749
monkey_saddle,K,1042,0.5,9.3105135,0.67020243,0.34950036
monkey_saddle,T+K,1042,0.0,0.28108105,0.21274665,222.06003
monkey_saddle,T+K,1042,0.1,1.0798384,0.28399128,153.92587
monkey_saddle,T+K,1042,0.2,2.5062623,0.3474796,3.9179716
monkey_saddle,T+K,1042,0.3,4.054739,0.34517434,60.44842
monkey_saddle,T+K,1042,0.4,7.5819087,0.40977862,1.4675542
monkey_saddle,T+K,1042,0.5,11.419144,0.4457119,1745.32
monkey_saddle,T+F,1042,0.0,0.3357577,0.3971359,0.81268865
monkey_saddle,T+F,1042,0.1,1.5973234,0.5789063,0.68185854
monkey_saddle,T+F,1042,0.2,2.7799966,0.58055544,0.71727633
monkey_saddle,T+F,1042,0.3,3.973072,0.55342925,0.5931168
monkey_saddle,T+F,1042,0.4,6.821561,0.5570341,0.52442986
monkey_saddle,T+F,1042,0.5,10.031077,0.5764748,0.33624098
monkey_saddle,T+F+K,1042,0.0,0.31728792,0.37696886,0.6155242
monkey_saddle,T+F+K,1042,0.1,1.5540308,0.577439,0.5116699
monkey_saddle,T+F+K,1042,0.2,2.736207,0.57613045,0.5341809
monkey_saddle,T+F+K,1042,0.3,3.994746,0.5601238,0.476444
monkey_saddle,T+F+K,1042,0.4,7.0375166,0.58108014,0.44847843
monkey_saddle,T+F+K,1042,0.5,10.257524,0.59511125,0.2807476
monkey_saddle,baseline,2042,0.0,0.25432658,0.65567917,0.52518153
monkey_saddle,baseline,2042,0.1,1.1703556,0.7177664,0.44451275
monkey_saddle,baseline,2042,0.2,2.2019951,0.6806221,0.4049384
monkey_saddle,baseline,2042,0.3,3.6579413,0.6750998,0.34494635
monkey_saddle,baseline,2042,0.4,6.930925,0.6968319,0.33781314
monkey_saddle,baseline,2042,0.5,11.395063,0.63344854,0.33620438
monkey_saddle,T,2042,0.0,0.16935338,0.1723065,0.38358516
monkey_saddle,T,2042,0.1,1.4329518,0.2972519,0.39089882
monkey_saddle,T,2042,0.2,3.0835645,0.37552392,0.5935679
monkey_saddle,T,2042,0.3,5.3184137,0.41995406,0.7484804
monkey_saddle,T,2042,0.4,9.723001,0.52817094,0.81317484
monkey_saddle,T,2042,0.5,15.166014,0.5074102,0.78396535
monkey_saddle,K,2042,0.0,0.2438017,0.67243373,0.26087898
monkey_saddle,K,2042,0.1,1.1285604,0.80456346,0.29442978
monkey_saddle,K,2042,0.2,2.0516727,0.7975096,0.2785346
monkey_saddle,K,2042,0.3,3.3307838,0.7902209,0.22719328
monkey_saddle,K,2042,0.4,6.278013,0.8102858,0.20690058
monkey_saddle,K,2042,0.5,10.354487,0.7950335,0.18503453
monkey_saddle,T+K,2042,0.0,0.21209872,0.15420382,0.2528321
monkey_saddle,T+K,2042,0.1,1.4410328,0.28697026,0.45141295
monkey_saddle,T+K,2042,0.2,3.021241,0.37333888,0.49262872
monkey_saddle,T+K,2042,0.3,5.110755,0.4195143,0.48064518
monkey_saddle,T+K,2042,0.4,9.683814,0.4904332,0.5453641
monkey_saddle,T+K,2042,0.5,14.549037,0.45704406,0.3411499
monkey_saddle,T+F,2042,0.0,0.23368847,0.67394316,0.26121953
monkey_saddle,T+F,2042,0.1,0.94320124,0.78708386,0.29681045
monkey_saddle,T+F,2042,0.2,1.7364316,0.7712763,0.27923703
monkey_saddle,T+F,2042,0.3,2.782358,0.7628923,0.23053278
monkey_saddle,T+F,2042,0.4,5.3227687,0.7728423,0.20966986
monkey_saddle,T+F,2042,0.5,8.786862,0.75496626,0.18673395
monkey_saddle,T+F+K,2042,0.0,0.23462586,0.68018544,0.25568232
monkey_saddle,T+F+K,2042,0.1,0.9360482,0.79776126,0.29090965
monkey_saddle,T+F+K,2042,0.2,1.7233334,0.78750813,0.27306265
monkey_saddle,T+F+K,2042,0.3,2.7547069,0.780379,0.22581393
monkey_saddle,T+F+K,2042,0.4,5.258101,0.79189557,0.20634845
monkey_saddle,T+F+K,2042,0.5,8.701501,0.782498,0.18223698
monkey_saddle,baseline,3042,0.0,0.17734554,0.4385298,1.4285351
monkey_saddle,baseline,3042,0.1,0.66024256,0.5095477,0.5686522
monkey_saddle,baseline,3042,0.2,1.6163018,0.5365387,0.60168284
monkey_saddle,baseline,3042,0.3,3.0945935,0.5795535,0.67731684
monkey_saddle,baseline,3042,0.4,5.987447,0.58125025,0.8324094
monkey_saddle,baseline,3042,0.5,9.458969,0.61437744,1.2627202
monkey_saddle,T,3042,0.0,0.30230707,0.41088444,275.15732
monkey_saddle,T,3042,0.1,0.88019687,0.382701,9.278782
monkey_saddle,T,3042,0.2,1.8193685,0.42868578,23.096386
monkey_saddle,T,3042,0.3,3.2713015,0.46854833,13.270769
monkey_saddle,T,3042,0.4,5.674498,0.4816728,7.5876546
monkey_saddle,T,3042,0.5,8.962039,0.51926154,2.2629128
monkey_saddle,K,3042,0.0,0.250855,0.45448735,1.1328396
monkey_saddle,K,3042,0.1,0.8528108,0.5332773,0.3143071
monkey_saddle,K,3042,0.2,1.9297415,0.582373,0.34701586
monkey_saddle,K,3042,0.3,3.6430905,0.6379985,0.3057284
monkey_saddle,K,3042,0.4,6.803548,0.6329255,0.3122032
monkey_saddle,K,3042,0.5,10.559735,0.6808378,0.49283227
monkey_saddle,T+K,3042,0.0,0.32686478,0.33221534,16.864193
monkey_saddle,T+K,3042,0.1,0.8598483,0.39490044,30.441532
monkey_saddle,T+K,3042,0.2,2.0425649,0.42315388,47.730118
monkey_saddle,T+K,3042,0.3,3.605224,0.43740875,11.353013
monkey_saddle,T+K,3042,0.4,6.3477263,0.453533,6.6014647
monkey_saddle,T+K,3042,0.5,9.817628,0.5198027,0.38149953
monkey_saddle,T+F,3042,0.0,0.3598468,0.6632609,0.3068196
monkey_saddle,T+F,3042,0.1,0.8529201,0.6262011,0.31416178
monkey_saddle,T+F,3042,0.2,1.4294732,0.62367326,0.2990885
monkey_saddle,T+F,3042,0.3,2.5985277,0.5882575,0.2535487
monkey_saddle,T+F,3042,0.4,4.5133295,0.5808568,0.24753715
monkey_saddle,T+F,3042,0.5,7.227852,0.6010698,0.19794744
monkey_saddle,T+F+K,3042,0.0,0.2987811,0.6660531,0.28278145
monkey_saddle,T+F+K,3042,0.1,0.80874664,0.617001,0.307095
monkey_saddle,T+F+K,3042,0.2,1.3760878,0.61336195,0.29291692
monkey_saddle,T+F+K,3042,0.3,2.5414343,0.5801082,0.24671973
monkey_saddle,T+F+K,3042,0.4,4.4438825,0.57599074,0.23659682
monkey_saddle,T+F+K,3042,0.5,7.124884,0.597069,0.18936303
monkey_saddle,baseline,4042,0.0,0.28723115,0.5891437,0.69062567
monkey_saddle,baseline,4042,0.1,1.2833104,0.70626265,0.632308
monkey_saddle,baseline,4042,0.2,2.3532808,0.74332696,0.5487429
monkey_saddle,baseline,4042,0.3,4.462429,0.7818536,0.47809407
monkey_saddle,baseline,4042,0.4,8.230169,0.80597794,0.38957018
monkey_saddle,baseline,4042,0.5,12.524197,0.83865815,0.3433376
monkey_saddle,T,4042,0.0,0.18564756,0.12892732,0.8976645
monkey_saddle,T,4042,0.1,1.0496793,0.291361,1.4975749
monkey_saddle,T,4042,0.2,2.089412,0.34514618,2.8638039
monkey_saddle,T,4042,0.3,4.247066,0.40844223,4.003791
monkey_saddle,T,4042,0.4,7.840496,0.46281165,2.683102
monkey_saddle,T,4042,0.5,11.556307,0.45614302,4.6936197
monkey_saddle,K,4042,0.0,0.35358077,0.5888999,0.32819387
monkey_saddle,K,4042,0.1,1.4002992,0.8002002,0.4434786
monkey_saddle,K,4042,0.2,2.4032905,0.80998707,0.35049146
monkey_saddle,K,4042,0.3,4.286933,0.81627226,0.3331386
monkey_saddle,K,4042,0.4,7.5107007,0.80708295,0.37793827
monkey_saddle,K,4042,0.5,11.346012,0.84008706,0.33032265
monkey_saddle,T+K,4042,0.0,0.19106214,0.13770106,0.26722765
monkey_saddle,T+K,4042,0.1,1.1806917,0.26587835,0.33572605
monkey_saddle,T+K,4042,0.2,2.3281782,0.31635788,0.41032794
monkey_saddle,T+K,4042,0.3,4.871643,0.36763322,0.5868118
monkey_saddle,T+K,4042,0.4,9.074387,0.45132467,0.5160923
monkey_saddle,T+K,4042,0.5,13.435792,0.5082918,0.49152437
monkey_saddle,T+F,4042,0.0,0.2603678,0.5476135,0.8894445
monkey_saddle,T+F,4042,0.1,0.9746455,0.63991195,1.415236
monkey_saddle,T+F,4042,0.2,1.7879224,0.6678329,1.3057495
monkey_saddle,T+F,4042,0.3,3.3210819,0.67250884,1.3231732
monkey_saddle,T+F,4042,0.4,5.997226,0.6409656,1.7400888
monkey_saddle,T+F,4042,0.5,9.365777,0.6962629,2.55991
monkey_saddle,T+F+K,4042,0.0,0.27922198,0.50899094,0.740162
monkey_saddle,T+F+K,4042,0.1,1.0382943,0.6379093,1.6788347
monkey_saddle,T+F+K,4042,0.2,1.906916,0.6898833,1.1109152
monkey_saddle,T+F+K,4042,0.3,3.5848355,0.71211,0.8630184
monkey_saddle,T+F+K,4042,0.4,6.512496,0.6847818,0.8585833
monkey_saddle,T+F+K,4042,0.5,10.0742445,0.71727526,0.96627307
monkey_saddle,baseline,5042,0.0,0.6402023,0.6883142,0.27339318
monkey_saddle,baseline,5042,0.1,1.5425475,0.59447247,0.3043909
monkey_saddle,baseline,5042,0.2,2.073476,0.5909386,0.2751344
monkey_saddle,baseline,5042,0.3,3.236351,0.6203306,0.25462425
monkey_saddle,baseline,5042,0.4,4.4972024,0.6224009,0.20130299
monkey_saddle,baseline,5042,0.5,10.351332,0.5753971,0.18831429
monkey_saddle,T,5042,0.0,0.4971627,0.4315291,7.9929442
monkey_saddle,T,5042,0.1,1.4286461,0.4703717,1.8836915
monkey_saddle,T,5042,0.2,2.0086913,0.5127951,1.9448141
monkey_saddle,T,5042,0.3,3.180543,0.51844805,1.9603226
monkey_saddle,T,5042,0.4,4.7370205,0.5467053,0.91410834
monkey_saddle,T,5042,0.5,10.040617,0.50646985,0.6040441
monkey_saddle,K,5042,0.0,0.60747755,0.6776452,0.27048552
monkey_saddle,K,5042,0.1,1.4878564,0.59026146,0.29822934
monkey_saddle,K,5042,0.2,2.012125,0.5926859,0.26961175
monkey_saddle,K,5042,0.3,3.1693861,0.6232184,0.25158292
monkey_saddle,K,5042,0.4,4.4577045,0.6203537,0.19760904
monkey_saddle,K,5042,0.5,10.32303,0.57899696,0.18476656
monkey_saddle,T+K,5042,0.0,0.6215162,0.4197821,3.8766313
monkey_saddle,T+K,5042,0.1,1.5176536,0.477511,6.1659765
monkey_saddle,T+K,5042,0.2,2.1267388,0.5260339,8.253251
monkey_saddle,T+K,5042,0.3,3.4237392,0.55371946,3.9228222
monkey_saddle,T+K,5042,0.4,4.8862677,0.5940192,2.1404932
monkey_saddle,T+K,5042,0.5,10.424127,0.5701833,1.2563996
monkey_saddle,T+F,5042,0.0,0.38386402,0.5691204,0.59480053
monkey_saddle,T+F,5042,0.1,1.4191836,0.6508441,0.45680484
monkey_saddle,T+F,5042,0.2,1.9765558,0.6913199,0.38624534
monkey_saddle,T+F,5042,0.3,3.5180645,0.720186,0.3936138
monkey_saddle,T+F,5042,0.4,4.930861,0.7136905,0.32574812
monkey_saddle,T+F,5042,0.5,11.138788,0.7262939,0.30491242
monkey_saddle,T+F+K,5042,0.0,0.3792937,0.55932826,0.535029
monkey_saddle,T+F+K,5042,0.1,1.4109002,0.657813,0.42766497
monkey_saddle,T+F+K,5042,0.2,2.0462902,0.69389117,0.3911907
monkey_saddle,T+F+K,5042,0.3,3.8309126,0.7285865,0.43489632
monkey_saddle,T+F+K,5042,0.4,5.2567363,0.73292357,0.37674853
monkey_saddle,T+F+K,5042,0.5,12.435622,0.76735634,0.41230905
monkey_saddle,baseline,6042,0.0,0.36686963,0.6683424,0.29312143
monkey_saddle,baseline,6042,0.1,1.0797157,0.6933719,0.3079675
monkey_saddle,baseline,6042,0.2,1.8887033,0.73557353,0.24828143
monkey_saddle,baseline,6042,0.3,3.3414555,0.7084267,0.2370433
monkey_saddle,baseline,6042,0.4,4.9735813,0.71303654,0.19009855
monkey_saddle,baseline,6042,0.5,8.689771,0.7030055,0.19185245
monkey_saddle,T,6042,0.0,0.354589,0.29861486,0.5895654
monkey_saddle,T,6042,0.1,1.458168,0.3925608,0.684621
monkey_saddle,T,6042,0.2,2.622392,0.4609415,0.7178185
monkey_saddle,T,6042,0.3,4.5765395,0.45226613,0.7402765
monkey_saddle,T,6042,0.4,6.7019873,0.5068805,0.70462245
monkey_saddle,T,6042,0.5,11.005359,0.49719283,0.89109635
monkey_saddle,K,6042,0.0,0.38046375,0.7019342,0.26529676
monkey_saddle,K,6042,0.1,1.0907704,0.72808444,0.29235998
monkey_saddle,K,6042,0.2,1.9138883,0.76918626,0.24605986
monkey_saddle,K,6042,0.3,3.4266515,0.768849,0.23783721
monkey_saddle,K,6042,0.4,5.0839024,0.7586689,0.19723691
monkey_saddle,K,6042,0.5,8.895219,0.77539337,0.19655658
monkey_saddle,T+K,6042,0.0,0.33504242,0.28565857,0.23924656
monkey_saddle,T+K,6042,0.1,1.4133565,0.3738689,0.20567301
monkey_saddle,T+K,6042,0.2,2.6095731,0.43956748,0.25704208
monkey_saddle,T+K,6042,0.3,4.610431,0.44314688,0.25532946
monkey_saddle,T+K,6042,0.4,6.833069,0.48412594,0.21295466
monkey_saddle,T+K,6042,0.5,11.27056,0.4776601,0.21603666
monkey_saddle,T+F,6042,0.0,0.47497228,0.5912699,0.62804383
monkey_saddle,T+F,6042,0.1,1.4054749,0.586329,0.5138657
monkey_saddle,T+F,6042,0.2,2.288673,0.6503802,0.43538013
monkey_saddle,T+F,6042,0.3,3.7059288,0.5851638,0.38523725
monkey_saddle,T+F,6042,0.4,5.3769016,0.60966605,0.35836014
monkey_saddle,T+F,6042,0.5,8.722999,0.5591874,0.3801183
monkey_saddle,T+F+K,6042,0.0,0.42649084,0.6208355,0.31082037
monkey_saddle,T+F+K,6042,0.1,1.2069365,0.6434111,0.31274176
monkey_saddle,T+F+K,6042,0.2,1.9354162,0.6827954,0.26622614
monkey_saddle,T+F+K,6042,0.3,3.1287522,0.64366657,0.2516588
monkey_saddle,T+F+K,6042,0.4,4.5402637,0.67744684,0.20660509
monkey_saddle,T+F+K,6042,0.5,7.7158294,0.66925037,0.20210098
monkey_saddle,baseline,7042,0.0,0.237952,0.39341152,0.7815637
monkey_saddle,baseline,7042,0.1,1.0880799,0.5425386,0.68052506
monkey_saddle,baseline,7042,0.2,2.2428594,0.60630083,0.6010086
monkey_saddle,baseline,7042,0.3,4.3249574,0.6474982,0.6804219
monkey_saddle,baseline,7042,0.4,7.630399,0.64835876,0.60158587
monkey_saddle,baseline,7042,0.5,12.769241,0.66220546,0.63678443
monkey_saddle,T,7042,0.0,0.17957303,0.10584381,0.18862
monkey_saddle,T,7042,0.1,1.1994389,0.22431394,0.24634151
monkey_saddle,T,7042,0.2,2.5518765,0.29746118,0.23970215
monkey_saddle,T,7042,0.3,4.8508945,0.40553567,0.23435862
monkey_saddle,T,7042,0.4,7.6386375,0.4400428,0.23085088
monkey_saddle,T,7042,0.5,13.142801,0.45375562,0.18139364
monkey_saddle,K,7042,0.0,0.22848755,0.39828998,0.39666775
monkey_saddle,K,7042,0.1,1.1123452,0.5375449,0.38041827
monkey_saddle,K,7042,0.2,2.2400584,0.600926,0.3503057
monkey_saddle,K,7042,0.3,4.4789915,0.6591207,0.3562253
monkey_saddle,K,7042,0.4,7.450529,0.67728543,0.33484256
monkey_saddle,K,7042,0.5,12.894131,0.67524445,0.33729163
monkey_saddle,T+K,7042,0.0,0.2083707,0.09008564,0.05761677
monkey_saddle,T+K,7042,0.1,1.2769767,0.21345504,0.119064145
monkey_saddle,T+K,7042,0.2,2.6680734,0.29589704,0.1392872
monkey_saddle,T+K,7042,0.3,4.9432397,0.38542542,0.15483478
monkey_saddle,T+K,7042,0.4,7.72121,0.41781223,0.14943874
monkey_saddle,T+K,7042,0.5,13.241387,0.42396688,0.13862678
monkey_saddle,T+F,7042,0.0,0.23883893,0.39517817,0.99282515
monkey_saddle,T+F,7042,0.1,1.4393302,0.57012475,0.5707774
monkey_saddle,T+F,7042,0.2,2.4339724,0.56374824,0.6136616
monkey_saddle,T+F,7042,0.3,4.176822,0.61877996,0.65245515
monkey_saddle,T+F,7042,0.4,6.640884,0.6440298,0.77917457
monkey_saddle,T+F,7042,0.5,11.18488,0.63589287,0.64594394
monkey_saddle,T+F+K,7042,0.0,0.2528388,0.33471337,0.3617558
monkey_saddle,T+F+K,7042,0.1,1.4932405,0.53459585,0.3118713
monkey_saddle,T+F+K,7042,0.2,2.4606411,0.49621543,0.2618016
monkey_saddle,T+F+K,7042,0.3,4.5230823,0.5656227,0.35001966
monkey_saddle,T+F+K,7042,0.4,7.3514843,0.55983424,0.3127375
monkey_saddle,T+F+K,7042,0.5,12.289635,0.5755039,0.29787052
monkey_saddle,baseline,8042,0.0,0.39864126,0.5377067,1.2505784
monkey_saddle,baseline,8042,0.1,1.4196659,0.58911735,0.6769832
monkey_saddle,baseline,8042,0.2,2.2570817,0.51474375,0.4606347
monkey_saddle,baseline,8042,0.3,3.517806,0.4738794,0.39519373
monkey_saddle,baseline,8042,0.4,5.2158237,0.47045222,0.40497828
monkey_saddle,baseline,8042,0.5,8.068008,0.48481208,0.327305
monkey_saddle,T,8042,0.0,0.29909667,0.1506436,0.18786398
monkey_saddle,T,8042,0.1,1.6096168,0.32416663,0.33646905
monkey_saddle,T,8042,0.2,2.697498,0.30945334,0.4277122
monkey_saddle,T,8042,0.3,4.2082534,0.29205662,0.50726765
monkey_saddle,T,8042,0.4,6.3816814,0.29491806,0.5123369
monkey_saddle,T,8042,0.5,9.824849,0.28683656,0.5003547
monkey_saddle,K,8042,0.0,0.36256275,0.6089053,0.337127
monkey_saddle,K,8042,0.1,1.5378301,0.7208814,0.38180587
monkey_saddle,K,8042,0.2,2.6931715,0.72696894,0.30447653
monkey_saddle,K,8042,0.3,4.269381,0.70859486,0.23964565
monkey_saddle,K,8042,0.4,6.5097637,0.6727511,0.22786885
monkey_saddle,K,8042,0.5,9.90835,0.6908444,0.21555385
monkey_saddle,T+K,8042,0.0,0.29963818,0.15765965,0.11935233
monkey_saddle,T+K,8042,0.1,1.5493699,0.32232827,0.25992057
monkey_saddle,T+K,8042,0.2,2.5723846,0.30701637,0.29985386
monkey_saddle,T+K,8042,0.3,4.002879,0.28461894,0.29791415
monkey_saddle,T+K,8042,0.4,6.1777644,0.29753032,0.27808282
monkey_saddle,T+K,8042,0.5,9.662875,0.29993635,0.2353912
monkey_saddle,T+F,8042,0.0,0.22724807,0.40903005,1.0005732
monkey_saddle,T+F,8042,0.1,1.3269044,0.55434227,0.6009888
monkey_saddle,T+F,8042,0.2,2.463191,0.6066147,0.6458945
monkey_saddle,T+F,8042,0.3,3.632728,0.59852517,0.4640545
monkey_saddle,T+F,8042,0.4,5.4181895,0.57179093,0.41679698
monkey_saddle,T+F,8042,0.5,8.528333,0.5896184,0.40211517
monkey_saddle,T+F+K,8042,0.0,0.24390106,0.44585413,0.61942726
monkey_saddle,T+F+K,8042,0.1,1.3040043,0.62837714,0.4155696
monkey_saddle,T+F+K,8042,0.2,2.324016,0.6279961,0.436171
monkey_saddle,T+F+K,8042,0.3,3.4170346,0.6193636,0.32371852
monkey_saddle,T+F+K,8042,0.4,5.0311885,0.5914091,0.28291652
monkey_saddle,T+F+K,8042,0.5,8.038532,0.61103755,0.26578298
monkey_saddle,baseline,9042,0.0,0.2314943,0.5371613,0.33377728
monkey_saddle,baseline,9042,0.1,1.2264862,0.695285,0.35725203
monkey_saddle,baseline,9042,0.2,2.0099664,0.69721097,0.26725388
monkey_saddle,baseline,9042,0.3,3.6331131,0.7058857,0.24532333
monkey_saddle,baseline,9042,0.4,5.875975,0.6853075,0.22186507
monkey_saddle,baseline,9042,0.5,9.499691,0.6605534,0.19535285
monkey_saddle,T,9042,0.0,0.1236438,0.17634606,0.52086574
monkey_saddle,T,9042,0.1,0.97480893,0.3260105,0.34823185
monkey_saddle,T,9042,0.2,2.10758,0.3552616,0.3333553
monkey_saddle,T,9042,0.3,4.256287,0.37599102,0.53247315
monkey_saddle,T,9042,0.4,7.202172,0.4396133,0.5128054
monkey_saddle,T,9042,0.5,11.590974,0.4133272,0.44521925
monkey_saddle,K,9042,0.0,0.21212538,0.6831446,0.28137287
monkey_saddle,K,9042,0.1,0.9636212,0.74330825,0.33681205
monkey_saddle,K,9042,0.2,1.6565279,0.75317353,0.25004524
monkey_saddle,K,9042,0.3,2.8942137,0.72932637,0.22664885
monkey_saddle,K,9042,0.4,4.939325,0.7220236,0.20181839
monkey_saddle,K,9042,0.5,8.065622,0.7398821,0.17378888
monkey_saddle,T+K,9042,0.0,0.14753595,0.1730905,0.32647106
monkey_saddle,T+K,9042,0.1,1.0347584,0.33410093,0.25210586
monkey_saddle,T+K,9042,0.2,2.0548434,0.3553656,0.28821942
monkey_saddle,T+K,9042,0.3,4.1006746,0.4033983,0.43927944
monkey_saddle,T+K,9042,0.4,7.141366,0.46800178,0.47907904
monkey_saddle,T+K,9042,0.5,11.754874,0.46107718,0.48036787
monkey_saddle,T+F,9042,0.0,0.20440155,0.6110121,0.30834064
monkey_saddle,T+F,9042,0.1,0.9661423,0.6904303,0.36007673
monkey_saddle,T+F,9042,0.2,1.6366682,0.706445,0.27016202
monkey_saddle,T+F,9042,0.3,2.9195335,0.6863525,0.24590379
monkey_saddle,T+F,9042,0.4,5.0106215,0.6970415,0.21350488
monkey_saddle,T+F,9042,0.5,8.20912,0.69494814,0.19276714
monkey_saddle,T+F+K,9042,0.0,0.27897704,0.6180774,0.30485034
monkey_saddle,T+F+K,9042,0.1,1.0674131,0.7098227,0.35846987
monkey_saddle,T+F+K,9042,0.2,1.7185491,0.72220045,0.2699722
monkey_saddle,T+F+K,9042,0.3,3.0680652,0.70369667,0.2468133
monkey_saddle,T+F+K,9042,0.4,5.197541,0.7120011,0.21571232
monkey_saddle,T+F+K,9042,0.5,8.565238,0.7142004,0.19533768
sinusoidal,baseline,42,0.0,0.01612,0.08627871,0.15624565
sinusoidal,baseline,42,0.1,0.08635869,0.2931339,0.30923203
sinusoidal,baseline,42,0.2,0.13806495,0.32503003,0.28710678
sinusoidal,baseline,42,0.3,0.19759604,0.37083238,0.27335504
sinusoidal,baseline,42,0.4,0.3547754,0.4379075,0.24823312
sinusoidal,baseline,42,0.5,0.45673558,0.48201132,0.2865522
sinusoidal,T,42,0.0,0.008408511,0.024073176,0.06828313
sinusoidal,T,42,0.1,0.04823635,0.117613554,0.15198141
sinusoidal,T,42,0.2,0.08252943,0.14504124,0.1401952
sinusoidal,T,42,0.3,0.12255567,0.17181957,0.12400232
sinusoidal,T,42,0.4,0.24190025,0.24586648,0.11409617
sinusoidal,T,42,0.5,0.3376449,0.27321005,0.16122183
sinusoidal,K,42,0.0,0.014358786,0.07755691,0.15069333
sinusoidal,K,42,0.1,0.0810595,0.28532583,0.30360094
sinusoidal,K,42,0.2,0.13218044,0.32084936,0.2832837
sinusoidal,K,42,0.3,0.19098988,0.36889037,0.27000472
sinusoidal,K,42,0.4,0.34367162,0.4398794,0.24543409
sinusoidal,K,42,0.5,0.44448948,0.48029083,0.28392163
sinusoidal,T+K,42,0.0,0.00844717,0.019956604,0.05495436
sinusoidal,T+K,42,0.1,0.048479423,0.10506341,0.12481953
sinusoidal,T+K,42,0.2,0.08296727,0.13068308,0.118647635
sinusoidal,T+K,42,0.3,0.12359221,0.15662184,0.10394287
sinusoidal,T+K,42,0.4,0.24245523,0.22964922,0.099287786
sinusoidal,T+K,42,0.5,0.33878344,0.25536647,0.14362808
sinusoidal,T+F,42,0.0,0.014994469,0.028026072,0.09824479
sinusoidal,T+F,42,0.1,0.025892086,0.14660493,0.21792232
sinusoidal,T+F,42,0.2,0.037907038,0.1821674,0.197783
sinusoidal,T+F,42,0.3,0.064160265,0.21947193,0.18177631
sinusoidal,T+F,42,0.4,0.14489149,0.2984781,0.16680358
sinusoidal,T+F,42,0.5,0.1940632,0.3254941,0.21396914
sinusoidal,T+F+K,42,0.0,0.0018427138,0.025630161,0.08786072
sinusoidal,T+F+K,42,0.1,0.018110866,0.13202794,0.19499242
sinusoidal,T+F+K,42,0.2,0.03079539,0.16446769,0.17768952
sinusoidal,T+F+K,42,0.3,0.056589175,0.19718407,0.16136065
sinusoidal,T+F+K,42,0.4,0.13701472,0.27400357,0.1489151
sinusoidal,T+F+K,42,0.5,0.18490197,0.2995496,0.19588648
sinusoidal,baseline,1042,0.0,0.014308683,0.08595758,0.16193992
sinusoidal,baseline,1042,0.1,0.06545686,0.2800986,0.33394724
sinusoidal,baseline,1042,0.2,0.118315406,0.34068486,0.31181306
sinusoidal,baseline,1042,0.3,0.19075033,0.38294566,0.28251305
sinusoidal,baseline,1042,0.4,0.30453283,0.4370601,0.23754537
sinusoidal,baseline,1042,0.5,0.42758572,0.4377429,0.27665168
sinusoidal,T,1042,0.0,0.021995591,0.031242039,0.07909489
sinusoidal,T,1042,0.1,0.07678875,0.13693832,0.20117581
sinusoidal,T,1042,0.2,0.12628368,0.19662914,0.18697998
sinusoidal,T,1042,0.3,0.19800638,0.25058916,0.17735389
sinusoidal,T,1042,0.4,0.3046917,0.3200159,0.15141495
sinusoidal,T,1042,0.5,0.44128102,0.32639965,0.1773775
sinusoidal,K,1042,0.0,0.01766938,0.08693815,0.16146234
sinusoidal,K,1042,0.1,0.07938371,0.28297305,0.33360898
sinusoidal,K,1042,0.2,0.13887466,0.3426766,0.31114882
sinusoidal,K,1042,0.3,0.21941979,0.38457415,0.28201753
sinusoidal,K,1042,0.4,0.3407203,0.4381222,0.23699497
sinusoidal,K,1042,0.5,0.4760481,0.43924114,0.27598262
sinusoidal,T+K,1042,0.0,0.024932334,0.034389302,0.080568574
sinusoidal,T+K,1042,0.1,0.0902854,0.14571439,0.20470612
sinusoidal,T+K,1042,0.2,0.14702724,0.2052443,0.18819068
sinusoidal,T+K,1042,0.3,0.22403626,0.25937495,0.17810233
sinusoidal,T+K,1042,0.4,0.33635584,0.3284301,0.15184553
sinusoidal,T+K,1042,0.5,0.48434973,0.3365216,0.17924781
sinusoidal,T+F,1042,0.0,0.037344553,0.08225886,0.16122457
sinusoidal,T+F,1042,0.1,0.06676173,0.27130288,0.3334149
sinusoidal,T+F,1042,0.2,0.10533852,0.3315221,0.3108126
sinusoidal,T+F,1042,0.3,0.1569931,0.37539423,0.28172594
sinusoidal,T+F,1042,0.4,0.24680907,0.43146262,0.23673177
sinusoidal,T+F,1042,0.5,0.3302193,0.43135464,0.2756178
sinusoidal,T+F+K,1042,0.0,0.0062461537,0.08274692,0.1613726
sinusoidal,T+F+K,1042,0.1,0.03485125,0.27267656,0.33359927
sinusoidal,T+F+K,1042,0.2,0.0704804,0.33273897,0.31096223
sinusoidal,T+F+K,1042,0.3,0.119149365,0.37635422,0.2818529
sinusoidal,T+F+K,1042,0.4,0.20910604,0.43216735,0.23682469
sinusoidal,T+F+K,1042,0.5,0.2895316,0.43213415,0.2757168
sinusoidal,baseline,2042,0.0,0.010779606,0.087426744,0.18062368
sinusoidal,baseline,2042,0.1,0.059851818,0.2881369,0.34397972
sinusoidal,baseline,2042,0.2,0.10272609,0.30221602,0.2947651
sinusoidal,baseline,2042,0.3,0.17205797,0.37592837,0.30562568
sinusoidal,baseline,2042,0.4,0.29394725,0.42971754,0.28709358
sinusoidal,baseline,2042,0.5,0.41952688,0.46170628,0.23685609
sinusoidal,T,2042,0.0,0.020087741,0.00675905,0.030108655
sinusoidal,T,2042,0.1,0.057567336,0.04034252,0.07308014
sinusoidal,T,2042,0.2,0.09565049,0.06154443,0.062663116
sinusoidal,T,2042,0.3,0.14130738,0.09440046,0.07315438
sinusoidal,T,2042,0.4,0.23581593,0.1338298,0.076500274
sinusoidal,T,2042,0.5,0.35298473,0.17205147,0.075941324
sinusoidal,K,2042,0.0,0.011513504,0.08789079,0.17970492
sinusoidal,K,2042,0.1,0.064180955,0.29002792,0.34304565
sinusoidal,K,2042,0.2,0.10805693,0.30368996,0.29365802
sinusoidal,K,2042,0.3,0.17867596,0.3774909,0.3046056
sinusoidal,K,2042,0.4,0.30342618,0.43089986,0.28639513
sinusoidal,K,2042,0.5,0.42990398,0.46245626,0.23621623
sinusoidal,T+K,2042,0.0,0.020165691,0.004274273,0.013131967
sinusoidal,T+K,2042,0.1,0.0505143,0.019954108,0.031087834
sinusoidal,T+K,2042,0.2,0.08142059,0.03128966,0.029067587
sinusoidal,T+K,2042,0.3,0.122900866,0.051349267,0.03809704
sinusoidal,T+K,2042,0.4,0.21313508,0.07795276,0.04787766
sinusoidal,T+K,2042,0.5,0.3070733,0.104397655,0.05247848
sinusoidal,T+F,2042,0.0,0.0062353755,0.08111578,0.17839849
sinusoidal,T+F,2042,0.1,0.026085684,0.27287993,0.3415953
sinusoidal,T+F,2042,0.2,0.046532504,0.28917313,0.29195362
sinusoidal,T+F,2042,0.3,0.08975499,0.36267754,0.3029617
sinusoidal,T+F,2042,0.4,0.16315028,0.41762623,0.28505296
sinusoidal,T+F,2042,0.5,0.25913158,0.45359442,0.2350108
sinusoidal,T+F+K,2042,0.0,0.0061914176,0.08235617,0.17969355
sinusoidal,T+F+K,2042,0.1,0.026923921,0.2757944,0.34314343
sinusoidal,T+F+K,2042,0.2,0.048129395,0.29190773,0.29343158
sinusoidal,T+F+K,2042,0.3,0.09214996,0.36538866,0.304333
sinusoidal,T+F+K,2042,0.4,0.16667943,0.41993374,0.2862738
sinusoidal,T+F+K,2042,0.5,0.2632385,0.45524293,0.23591939
sinusoidal,baseline,3042,0.0,0.009956462,0.07210126,0.15276228
sinusoidal,baseline,3042,0.1,0.054120045,0.28047046,0.34503505
sinusoidal,baseline,3042,0.2,0.097323686,0.32883564,0.32182112
sinusoidal,baseline,3042,0.3,0.18219985,0.39550138,0.27839145
sinusoidal,baseline,3042,0.4,0.29533273,0.44692558,0.2679633
sinusoidal,baseline,3042,0.5,0.4378432,0.47415447,0.23625712
sinusoidal,T,3042,0.0,0.0068853665,0.014884278,0.05552698
sinusoidal,T,3042,0.1,0.031067874,0.095883705,0.16728523
sinusoidal,T,3042,0.2,0.06341809,0.13511868,0.16375785
sinusoidal,T,3042,0.3,0.12827116,0.20665653,0.14897077
sinusoidal,T,3042,0.4,0.21972969,0.2644612,0.13678539
sinusoidal,T,3042,0.5,0.3510037,0.31148928,0.124627925
sinusoidal,K,3042,0.0,0.010751896,0.072918124,0.15133281
sinusoidal,K,3042,0.1,0.058616243,0.28288394,0.34320417
sinusoidal,K,3042,0.2,0.10425281,0.33090132,0.32029834
sinusoidal,K,3042,0.3,0.19235833,0.39711174,0.27727884
sinusoidal,K,3042,0.4,0.3090563,0.4484446,0.2666227
sinusoidal,K,3042,0.5,0.456155,0.47538137,0.23521438
sinusoidal,T+K,3042,0.0,0.025514016,0.005274275,0.009218429
sinusoidal,T+K,3042,0.1,0.050173055,0.03924261,0.039341506
sinusoidal,T+K,3042,0.2,0.07869664,0.06199193,0.048142485
sinusoidal,T+K,3042,0.3,0.1397772,0.10760998,0.05829627
sinusoidal,T+K,3042,0.4,0.22402212,0.14863418,0.06543642
sinusoidal,T+K,3042,0.5,0.3577267,0.1894226,0.07551261
sinusoidal,T+F,3042,0.0,0.006454688,0.063325495,0.14658827
sinusoidal,T+F,3042,0.1,0.022443546,0.25024766,0.33702862
sinusoidal,T+F,3042,0.2,0.04175577,0.30080032,0.31511828
sinusoidal,T+F,3042,0.3,0.090601265,0.3729594,0.27313805
sinusoidal,T+F,3042,0.4,0.1639154,0.42573082,0.26156014
sinusoidal,T+F,3042,0.5,0.2547171,0.45801786,0.23100717
sinusoidal,T+F+K,3042,0.0,0.006377537,0.06414855,0.14749512
sinusoidal,T+F+K,3042,0.1,0.023113463,0.25281814,0.3382231
sinusoidal,T+F+K,3042,0.2,0.042917818,0.30328676,0.3161124
sinusoidal,T+F+K,3042,0.3,0.09261674,0.37501013,0.27395275
sinusoidal,T+F+K,3042,0.4,0.16701397,0.42763475,0.26244333
sinusoidal,T+F+K,3042,0.5,0.25875452,0.45952842,0.23176467
sinusoidal,baseline,4042,0.0,0.016810391,0.09763122,0.18067344
sinusoidal,baseline,4042,0.1,0.07639178,0.28969976,0.33553493
sinusoidal,baseline,4042,0.2,0.12735711,0.33715576,0.30995035
sinusoidal,baseline,4042,0.3,0.20464183,0.3712486,0.2869723
sinusoidal,baseline,4042,0.4,0.30330342,0.42645648,0.2544181
sinusoidal,baseline,4042,0.5,0.4857712,0.44947278,0.22782671
sinusoidal,T,4042,0.0,0.011404977,0.025899025,0.0796725
sinusoidal,T,4042,0.1,0.060391486,0.12507033,0.1811447
sinusoidal,T,4042,0.2,0.09823145,0.16915073,0.16654558
sinusoidal,T,4042,0.3,0.1660351,0.21493469,0.15600953
sinusoidal,T,4042,0.4,0.25403044,0.28327557,0.14465839
sinusoidal,T,4042,0.5,0.4322561,0.34037507,0.1316276
sinusoidal,K,4042,0.0,0.020252148,0.09727737,0.17718162
sinusoidal,K,4042,0.1,0.09076814,0.28926203,0.3311497
sinusoidal,K,4042,0.2,0.14649606,0.33665675,0.30578578
sinusoidal,K,4042,0.3,0.2299528,0.37105417,0.28331536
sinusoidal,K,4042,0.4,0.33569142,0.42608845,0.2511723
sinusoidal,K,4042,0.5,0.5286712,0.44969562,0.22538617
sinusoidal,T+K,4042,0.0,0.020156326,0.02543689,0.05953866
sinusoidal,T+K,4042,0.1,0.07215118,0.122287005,0.14474183
sinusoidal,T+K,4042,0.2,0.116105855,0.16580836,0.13640602
sinusoidal,T+K,4042,0.3,0.18723112,0.21160366,0.13095911
sinusoidal,T+K,4042,0.4,0.28105238,0.28027526,0.12650143
sinusoidal,T+K,4042,0.5,0.4596194,0.3388269,0.119492464
sinusoidal,T+F,4042,0.0,0.011769035,0.037331816,0.11814167
sinusoidal,T+F,4042,0.1,0.027781043,0.15826349,0.24853846
sinusoidal,T+F,4042,0.2,0.054898705,0.21060954,0.22789174
sinusoidal,T+F,4042,0.3,0.101500064,0.25631946,0.20871742
sinusoidal,T+F,4042,0.4,0.16215616,0.3222054,0.18762991
sinusoidal,T+F,4042,0.5,0.30067167,0.36869913,0.16162589
sinusoidal,T+F+K,4042,0.0,0.0029228802,0.03435859,0.11491511
sinusoidal,T+F+K,4042,0.1,0.022119004,0.1496844,0.24291421
sinusoidal,T+F+K,4042,0.2,0.046451658,0.20060463,0.22259034
sinusoidal,T+F+K,4042,0.3,0.09095652,0.2457247,0.2036369
sinusoidal,T+F+K,4042,0.4,0.14975546,0.3111936,0.1832103
sinusoidal,T+F+K,4042,0.5,0.28855315,0.35844836,0.15736409
sinusoidal,baseline,5042,0.0,0.10084822,0.118189976,0.14971183
sinusoidal,baseline,5042,0.1,0.2703353,0.28318495,0.3071725
sinusoidal,baseline,5042,0.2,0.3342953,0.3189554,0.31851712
sinusoidal,baseline,5042,0.3,0.43680388,0.36828527,0.26518106
sinusoidal,baseline,5042,0.4,0.51217806,0.35098165,0.25685275
sinusoidal,baseline,5042,0.5,0.79690945,0.3892419,0.18066475
sinusoidal,T,5042,0.0,0.106333524,0.05565862,0.09244691
sinusoidal,T,5042,0.1,0.26500055,0.1658509,0.19067198
sinusoidal,T,5042,0.2,0.31903854,0.1793177,0.20015712
sinusoidal,T,5042,0.3,0.40125018,0.21699582,0.17703545
sinusoidal,T,5042,0.4,0.483124,0.21403284,0.15439516
sinusoidal,T,5042,0.5,0.7076501,0.24005908,0.10102965
sinusoidal,K,5042,0.0,0.10005999,0.09794746,0.14875732
sinusoidal,K,5042,0.1,0.26739162,0.2750796,0.31248927
sinusoidal,K,5042,0.2,0.3316617,0.31396782,0.323066
sinusoidal,K,5042,0.3,0.4357787,0.36334133,0.2694465
sinusoidal,K,5042,0.4,0.50997615,0.35465738,0.26174894
sinusoidal,K,5042,0.5,0.79177016,0.40421277,0.18336828
sinusoidal,T+K,5042,0.0,0.10469361,0.054488633,0.086477995
sinusoidal,T+K,5042,0.1,0.266466,0.16330872,0.17513528
sinusoidal,T+K,5042,0.2,0.32487094,0.17659141,0.18513112
sinusoidal,T+K,5042,0.3,0.40796998,0.21142146,0.16474777
sinusoidal,T+K,5042,0.4,0.4974848,0.21080305,0.14198096
sinusoidal,T+K,5042,0.5,0.7302573,0.23583649,0.09473868
sinusoidal,T+F,5042,0.0,0.058259513,0.043041155,0.08523756
sinusoidal,T+F,5042,0.1,0.1506571,0.14836456,0.19571
sinusoidal,T+F,5042,0.2,0.17538023,0.16290367,0.20462628
sinusoidal,T+F,5042,0.3,0.23147175,0.20976804,0.17022838
sinusoidal,T+F,5042,0.4,0.27502766,0.21000934,0.15536544
sinusoidal,T+F,5042,0.5,0.43744385,0.25642383,0.105895065
sinusoidal,T+F+K,5042,0.0,0.051255662,0.046859942,0.08566292
sinusoidal,T+F+K,5042,0.1,0.14048025,0.16239388,0.19774131
sinusoidal,T+F+K,5042,0.2,0.16568838,0.18135253,0.20833361
sinusoidal,T+F+K,5042,0.3,0.22297737,0.22894953,0.17379388
sinusoidal,T+F+K,5042,0.4,0.26979038,0.22862351,0.15907182
sinusoidal,T+F+K,5042,0.5,0.43857703,0.27653965,0.10880563
sinusoidal,baseline,6042,0.0,0.02842812,0.09245325,0.17097852
sinusoidal,baseline,6042,0.1,0.104087576,0.28442448,0.31200665
sinusoidal,baseline,6042,0.2,0.1803619,0.38484025,0.34139717
sinusoidal,baseline,6042,0.3,0.24772388,0.40181917,0.29035723
sinusoidal,baseline,6042,0.4,0.36619934,0.4751528,0.30896002
sinusoidal,baseline,6042,0.5,0.48743635,0.45299253,0.26732376
sinusoidal,T,6042,0.0,0.03690497,0.033576738,0.078433074
sinusoidal,T,6042,0.1,0.10081105,0.15488009,0.17407684
sinusoidal,T,6042,0.2,0.16673288,0.22765559,0.20329882
sinusoidal,T,6042,0.3,0.21996649,0.24146643,0.15824765
sinusoidal,T,6042,0.4,0.32746422,0.3149839,0.17816007
sinusoidal,T,6042,0.5,0.44146556,0.30977055,0.14756241
sinusoidal,K,6042,0.0,0.032180663,0.09282254,0.17000835
sinusoidal,K,6042,0.1,0.11926537,0.2852555,0.31114206
sinusoidal,K,6042,0.2,0.20444243,0.3860044,0.34055308
sinusoidal,K,6042,0.3,0.27183828,0.40400383,0.2896273
sinusoidal,K,6042,0.4,0.39804327,0.47728795,0.30822325
sinusoidal,K,6042,0.5,0.5196429,0.45478272,0.26674753
sinusoidal,T+K,6042,0.0,0.028414002,0.03111105,0.062377516
sinusoidal,T+K,6042,0.1,0.093137436,0.14247121,0.14485408
sinusoidal,T+K,6042,0.2,0.16066906,0.20653415,0.1679836
sinusoidal,T+K,6042,0.3,0.20726334,0.2094396,0.12617926
sinusoidal,T+K,6042,0.4,0.31182086,0.2773443,0.14983948
sinusoidal,T+K,6042,0.5,0.41910914,0.2702453,0.13073058
sinusoidal,T+F,6042,0.0,0.023039611,0.046586756,0.113322794
sinusoidal,T+F,6042,0.1,0.05079934,0.18914226,0.23191293
sinusoidal,T+F,6042,0.2,0.086857006,0.27214086,0.2651266
sinusoidal,T+F,6042,0.3,0.12116566,0.2914026,0.2163127
sinusoidal,T+F,6042,0.4,0.19442946,0.3653828,0.23506786
sinusoidal,T+F,6042,0.5,0.28060824,0.35455978,0.19401588
sinusoidal,T+F+K,6042,0.0,0.004214536,0.0335002,0.096997514
sinusoidal,T+F+K,6042,0.1,0.030262945,0.15609582,0.20417677
sinusoidal,T+F+K,6042,0.2,0.06390292,0.23063059,0.23530127
sinusoidal,T+F+K,6042,0.3,0.10088701,0.25191417,0.18806182
sinusoidal,T+F+K,6042,0.4,0.17321612,0.3214926,0.20476882
sinusoidal,T+F+K,6042,0.5,0.26268953,0.31612906,0.166204
sinusoidal,baseline,7042,0.0,0.012058212,0.07921765,0.16635077
sinusoidal,baseline,7042,0.1,0.05841096,0.28085735,0.34657273
sinusoidal,baseline,7042,0.2,0.10543638,0.32077232,0.29683104
sinusoidal,baseline,7042,0.3,0.17926449,0.38690835,0.2928147
sinusoidal,baseline,7042,0.4,0.26792616,0.39442918,0.27899492
sinusoidal,baseline,7042,0.5,0.45383024,0.50019914,0.23086691
sinusoidal,T,7042,0.0,0.023851372,0.013628178,0.048155237
sinusoidal,T,7042,0.1,0.05649304,0.08176073,0.13663693
sinusoidal,T,7042,0.2,0.09497377,0.13137516,0.12336415
sinusoidal,T,7042,0.3,0.15510197,0.17818527,0.12526333
sinusoidal,T,7042,0.4,0.2415222,0.20523775,0.12577216
sinusoidal,T,7042,0.5,0.37774953,0.3055897,0.11413505
sinusoidal,K,7042,0.0,0.011373107,0.080383,0.16580372
sinusoidal,K,7042,0.1,0.062225107,0.28374505,0.34586722
sinusoidal,K,7042,0.2,0.112827025,0.32297966,0.29624775
sinusoidal,K,7042,0.3,0.19051822,0.38917634,0.29230198
sinusoidal,K,7042,0.4,0.2842224,0.39637133,0.27855328
sinusoidal,K,7042,0.5,0.47472364,0.50146675,0.23057957
sinusoidal,T+K,7042,0.0,0.009025592,0.009117904,0.023602314
sinusoidal,T+K,7042,0.1,0.047296382,0.062185828,0.07715976
sinusoidal,T+K,7042,0.2,0.08769284,0.10633976,0.07591903
sinusoidal,T+K,7042,0.3,0.1502141,0.1462058,0.08264384
sinusoidal,T+K,7042,0.4,0.2375527,0.17288664,0.09109229
sinusoidal,T+K,7042,0.5,0.3781379,0.26228088,0.09081847
sinusoidal,T+F,7042,0.0,0.0053709336,0.073688954,0.16483797
sinusoidal,T+F,7042,0.1,0.028786648,0.26457557,0.3445821
sinusoidal,T+F,7042,0.2,0.06490071,0.30896568,0.2952085
sinusoidal,T+F,7042,0.3,0.11306524,0.37476715,0.29133892
sinusoidal,T+F,7042,0.4,0.17601353,0.3838928,0.27761927
sinusoidal,T+F,7042,0.5,0.3334632,0.49356842,0.22947475
sinusoidal,T+F+K,7042,0.0,0.0053847204,0.074744016,0.16572315
sinusoidal,T+F+K,7042,0.1,0.030041166,0.26761797,0.34571305
sinusoidal,T+F+K,7042,0.2,0.06668114,0.31094587,0.2961398
sinusoidal,T+F+K,7042,0.3,0.1165165,0.3768592,0.29219326
sinusoidal,T+F+K,7042,0.4,0.18020281,0.38565406,0.2784129
sinusoidal,T+F+K,7042,0.5,0.3398931,0.49480626,0.23021276
sinusoidal,baseline,8042,0.0,0.029580018,0.086044826,0.17732194
sinusoidal,baseline,8042,0.1,0.12339241,0.3198295,0.3985263
sinusoidal,baseline,8042,0.2,0.17972374,0.3550537,0.34865606
sinusoidal,baseline,8042,0.3,0.27275047,0.40081307,0.28712055
sinusoidal,baseline,8042,0.4,0.36860213,0.44297668,0.26443273
sinusoidal,baseline,8042,0.5,0.44422877,0.45095825,0.27246168
sinusoidal,T,8042,0.0,0.030583583,0.038694277,0.101638295
sinusoidal,T,8042,0.1,0.11662144,0.18821962,0.27728048
sinusoidal,T,8042,0.2,0.17117606,0.23268268,0.2293836
sinusoidal,T,8042,0.3,0.2565059,0.29848948,0.20092812
sinusoidal,T,8042,0.4,0.34790108,0.353116,0.19150577
sinusoidal,T,8042,0.5,0.4394439,0.35878518,0.18934095
sinusoidal,K,8042,0.0,0.032336246,0.0869728,0.17661418
sinusoidal,K,8042,0.1,0.13351132,0.3219067,0.39774588
sinusoidal,K,8042,0.2,0.1940129,0.35691896,0.3476848
sinusoidal,K,8042,0.3,0.2928014,0.40216982,0.28663915
sinusoidal,K,8042,0.4,0.3953138,0.44403866,0.2641226
sinusoidal,K,8042,0.5,0.47883168,0.45215473,0.27187553
sinusoidal,T+K,8042,0.0,0.038505062,0.04008055,0.090851
sinusoidal,T+K,8042,0.1,0.14223863,0.1877135,0.24866353
sinusoidal,T+K,8042,0.2,0.202391,0.2311008,0.20253046
sinusoidal,T+K,8042,0.3,0.29592025,0.296025,0.18578823
sinusoidal,T+K,8042,0.4,0.3973698,0.35045946,0.17992428
sinusoidal,T+K,8042,0.5,0.49312478,0.35700518,0.17750941
sinusoidal,T+F,8042,0.0,0.008912382,0.07631494,0.15893273
sinusoidal,T+F,8042,0.1,0.051351506,0.2866062,0.3743237
sinusoidal,T+F,8042,0.2,0.0937325,0.31686226,0.32367623
sinusoidal,T+F,8042,0.3,0.15501213,0.37672356,0.27006564
sinusoidal,T+F,8042,0.4,0.23624134,0.4223862,0.25067985
sinusoidal,T+F,8042,0.5,0.2813558,0.4202109,0.2551073
sinusoidal,T+F+K,8042,0.0,0.008982917,0.04664034,0.12083441
sinusoidal,T+F+K,8042,0.1,0.046512913,0.21229528,0.31755564
sinusoidal,T+F+K,8042,0.2,0.08334599,0.2537522,0.2704319
sinusoidal,T+F+K,8042,0.3,0.13615836,0.31744027,0.2283956
sinusoidal,T+F+K,8042,0.4,0.20695657,0.36876547,0.21421653
sinusoidal,T+F+K,8042,0.5,0.25032136,0.36757028,0.21567757
sinusoidal,baseline,9042,0.0,0.027601985,0.094817795,0.18977629
sinusoidal,baseline,9042,0.1,0.07929094,0.2810814,0.34626654
sinusoidal,baseline,9042,0.2,0.13553646,0.34132922,0.2838268
sinusoidal,baseline,9042,0.3,0.19705462,0.39467084,0.29976094
sinusoidal,baseline,9042,0.4,0.3212471,0.42304567,0.29413724
sinusoidal,baseline,9042,0.5,0.46756384,0.45806992,0.22810757
sinusoidal,T,9042,0.0,0.0120357,0.00985453,0.032767165
sinusoidal,T,9042,0.1,0.06485256,0.063058354,0.08527343
sinusoidal,T,9042,0.2,0.10647294,0.11060847,0.07844936
sinusoidal,T,9042,0.3,0.15632789,0.15257505,0.087414965
sinusoidal,T,9042,0.4,0.2710852,0.19112034,0.09227918
sinusoidal,T,9042,0.5,0.4081698,0.24422319,0.08685323
sinusoidal,K,9042,0.0,0.013159972,0.094387375,0.18779126
sinusoidal,K,9042,0.1,0.07083117,0.2806624,0.34380427
sinusoidal,K,9042,0.2,0.12883683,0.34107712,0.28207815
sinusoidal,K,9042,0.3,0.19060053,0.3944389,0.2981107
sinusoidal,K,9042,0.4,0.31337652,0.42306828,0.29284132
sinusoidal,K,9042,0.5,0.46281075,0.45818564,0.22717658
sinusoidal,T+K,9042,0.0,0.013678243,0.0065871906,0.010307924
sinusoidal,T+K,9042,0.1,0.068397135,0.047524538,0.037460376
sinusoidal,T+K,9042,0.2,0.11131762,0.08639521,0.04429958
sinusoidal,T+K,9042,0.3,0.1617895,0.122153625,0.056573458
sinusoidal,T+K,9042,0.4,0.2763011,0.15844007,0.07126598
sinusoidal,T+K,9042,0.5,0.41380864,0.20806971,0.07728788
sinusoidal,T+F,9042,0.0,0.006547867,0.0822995,0.18257725
sinusoidal,T+F,9042,0.1,0.02493269,0.25162825,0.33720392
sinusoidal,T+F,9042,0.2,0.055902492,0.3175768,0.27710837
sinusoidal,T+F,9042,0.3,0.09015158,0.36966455,0.29307008
sinusoidal,T+F,9042,0.4,0.16409843,0.40224734,0.28781027
sinusoidal,T+F,9042,0.5,0.26520118,0.44438118,0.22348893
sinusoidal,T+F+K,9042,0.0,0.0060875374,0.08638892,0.18824774
sinusoidal,T+F+K,9042,0.1,0.025340503,0.25983176,0.34434515
sinusoidal,T+F+K,9042,0.2,0.057072215,0.32449254,0.28252134
sinusoidal,T+F+K,9042,0.3,0.09398458,0.37705252,0.29866982
sinusoidal,T+F+K,9042,0.4,0.16877337,0.40809909,0.29318598
sinusoidal,T+F+K,9042,0.5,0.27088445,0.44867122,0.22724588
