surface,config,seed,reconstruction,tangent,curvature,sigma_min_min,sigma_min_p5,sigma_min_median
paraboloid,baseline,42,0.100519806,0.39615947,3.4839542,1.251448392868042,1.2694166898727417,1.4661766290664673
paraboloid,T,42,0.058343392,0.008652337,0.10046604,0.8431614637374878,0.8682863712310791,1.1379714012145996
paraboloid,K,42,0.15862109,0.17170584,1.8126103,0.9056998491287231,0.9481865167617798,1.1633639335632324
paraboloid,F,42,0.18978502,0.6366637,2.6984384,1.8196932077407837,1.832671046257019,1.851308822631836
paraboloid,C,42,0.22228615,0.64550185,2.7776797,3.6902506351470947,3.6918423175811768,3.7576191425323486
paraboloid,T+K,42,0.056875587,0.008284003,0.08946283,0.8344897627830505,0.8505908250808716,1.1265569925308228
paraboloid,T+F,42,0.074881576,0.01828681,0.5386975,0.958664059638977,1.0293190479278564,1.4018899202346802
paraboloid,F+K,42,0.32388705,0.6749521,2.7805595,1.7558130025863647,1.8013412952423096,1.836467981338501
paraboloid,T+F+K,42,0.06916885,0.01586831,0.2812885,0.9266207218170166,0.9950853586196899,1.4679195880889893
paraboloid,baseline,1042,0.09147955,0.32464465,1.6276629,1.018332839012146,1.0678465366363525,1.2467302083969116
paraboloid,T,1042,0.04111439,0.0103495885,0.5867893,0.600553035736084,0.6556161642074585,1.036983847618103
paraboloid,K,1042,0.31536627,0.69625056,3.2948852,0.9043570756912231,0.9367424845695496,1.0230906009674072
paraboloid,F,1042,0.19105253,0.6166575,2.7227454,1.834602952003479,1.8438899517059326,1.862539529800415
paraboloid,C,1042,0.23425925,0.6178705,2.7356308,4.06191873550415,4.071003437042236,4.145172119140625
paraboloid,T+K,1042,0.03975659,0.010262268,0.2712744,0.6198462843894958,0.6663795709609985,0.995823860168457
paraboloid,T+F,1042,0.01620719,0.010549194,0.20770572,0.7748058438301086,0.9819958806037903,1.3590672016143799
paraboloid,F+K,1042,0.31231764,0.6980325,2.8263447,1.6731797456741333,1.714979648590088,1.7471004724502563
paraboloid,T+F+K,1042,0.0094196955,0.0036479742,0.04636618,0.8795070648193359,0.9475228786468506,1.320522427558899
paraboloid,baseline,2042,0.04162493,0.06525201,38.825897,0.5481860637664795,0.8064118027687073,1.0525346994400024
paraboloid,T,2042,0.026332477,0.0033220013,0.051237013,0.8472533226013184,0.8806459307670593,1.0495494604110718
paraboloid,K,2042,0.14161347,0.2611037,1.2928793,0.8941446542739868,0.9584555625915527,1.1645076274871826
paraboloid,F,2042,0.17836134,0.6054645,2.3502793,1.6686105728149414,1.6745129823684692,1.7442108392715454
paraboloid,C,2042,0.2458479,0.65606827,2.7394874,3.982851505279541,3.98909854888916,4.080221176147461
paraboloid,T+K,2042,0.022805512,0.0032499987,0.034672823,0.8499270081520081,0.8862566351890564,1.0527586936950684
paraboloid,T+F,2042,0.009813717,0.007234163,0.1993242,1.1425970792770386,1.2099148035049438,1.3535888195037842
paraboloid,F+K,2042,0.35418648,0.6692385,2.7155612,1.8728307485580444,1.8775687217712402,1.9139448404312134
paraboloid,T+F+K,2042,0.008912789,0.002695101,0.046286292,1.024072289466858,1.1187471151351929,1.3552708625793457
paraboloid,baseline,3042,0.102241926,0.04557856,2.1255074,0.6208789944648743,0.771640419960022,1.0962622165679932
paraboloid,T,3042,0.030016126,0.00857226,0.17646343,0.8494727611541748,0.95556640625,1.1556141376495361
paraboloid,K,3042,0.042924974,0.02700071,0.24226616,0.7913519740104675,0.8230780959129333,1.0634357929229736
paraboloid,F,3042,0.18213265,0.6264537,2.6724327,1.9473618268966675,1.9558402299880981,1.9700300693511963
paraboloid,C,3042,0.20613107,0.63995457,2.7295425,5.244569778442383,5.258123874664307,5.35455322265625
paraboloid,T+K,3042,0.02522571,0.0072273863,0.101220004,0.9024693965911865,0.9516453146934509,1.143155813217163
paraboloid,T+F,3042,0.012469124,0.005351861,0.14604059,1.125771164894104,1.1632784605026245,1.303194284439087
paraboloid,F+K,3042,0.3487003,0.66068983,2.8286138,1.9403632879257202,1.967833399772644,2.002725124359131
paraboloid,T+F+K,3042,0.013962068,0.0052926173,0.046324622,1.0996572971343994,1.1661196947097778,1.273723840713501
paraboloid,baseline,4042,0.04840146,0.095330544,0.78627896,0.8711153864860535,0.9114851355552673,1.1045098304748535
paraboloid,T,4042,0.043574527,0.009636767,0.15502535,0.7104411125183105,0.859136164188385,1.0234827995300293
paraboloid,K,4042,0.069942884,0.042717345,0.59252524,0.8305401802062988,0.9188514947891235,1.070811152458191
paraboloid,F,4042,0.20312683,0.6292527,2.6614287,1.7231518030166626,1.7376900911331177,1.7650277614593506
paraboloid,C,4042,0.21588732,0.6513562,2.7649164,5.003802299499512,5.013141632080078,5.088593482971191
paraboloid,T+K,4042,0.040286664,0.007860248,0.08791047,0.8107285499572754,0.8801520466804504,1.0376062393188477
paraboloid,T+F,4042,0.025679799,0.011540627,0.17481445,1.1067169904708862,1.1556133031845093,1.3355796337127686
paraboloid,F+K,4042,0.3519303,0.69329804,2.7903647,1.773176908493042,1.8149197101593018,1.8392988443374634
paraboloid,T+F+K,4042,0.025556426,0.008688053,0.15044446,1.058275818824768,1.1290777921676636,1.310312032699585
paraboloid,baseline,5042,0.33246514,0.46486053,3.1576438,0.9202345013618469,1.0437566041946411,1.1906040906906128
paraboloid,T,5042,0.25229368,0.06578061,0.9850891,0.7561874389648438,0.7718513607978821,0.9933797121047974
paraboloid,K,5042,0.42448714,0.40426722,2.1485112,0.8522555828094482,0.8624059557914734,1.126598596572876
paraboloid,F,5042,0.45054498,0.6704483,2.811003,1.800312876701355,1.8487091064453125,1.8671343326568604
paraboloid,C,5042,0.5623097,0.67177564,2.7957952,4.295216083526611,4.345306873321533,4.389976978302002
paraboloid,T+K,5042,0.25812134,0.068677045,1.1145865,0.7491742968559265,0.7900468111038208,0.9878040552139282
paraboloid,T+F,5042,0.14517649,0.09726805,1.0417831,0.8866260647773743,0.9484437704086304,1.3311161994934082
paraboloid,F+K,5042,0.49034572,0.6747767,2.9660542,1.5092829465866089,1.613692283630371,1.7984874248504639
paraboloid,T+F+K,5042,0.17624585,0.09803018,0.6547619,0.939416229724884,0.9984904527664185,1.3134498596191406
paraboloid,baseline,6042,0.3142737,0.33738697,8.117001,0.7085418105125427,0.8124608397483826,1.2427623271942139
paraboloid,T,6042,0.14259788,0.034419306,1.2645193,0.5617733001708984,0.5923923254013062,0.9454687833786011
paraboloid,K,6042,0.28519267,0.3644436,3.2499013,1.0046466588974,1.0505986213684082,1.138115406036377
paraboloid,F,6042,0.27383545,0.6717011,2.7294385,1.6955981254577637,1.7368643283843994,1.7634100914001465
paraboloid,C,6042,0.29671672,0.6751601,2.7348194,4.798622131347656,4.853567600250244,4.9987568855285645
paraboloid,T+K,6042,0.14690995,0.036091246,0.76646584,0.6605314612388611,0.6727509498596191,0.9175589084625244
paraboloid,T+F,6042,0.061139524,0.019823639,0.51851684,0.7350859642028809,0.8392259478569031,1.2801837921142578
paraboloid,F+K,6042,0.46182948,0.6778887,2.762898,1.8329031467437744,1.8700486421585083,1.8924840688705444
paraboloid,T+F+K,6042,0.07375807,0.012695937,0.27003425,0.7540858387947083,0.8853461742401123,1.3642650842666626
paraboloid,baseline,7042,0.14036864,0.16524725,2.0275571,0.7296708226203918,0.8005048036575317,1.120913028717041
paraboloid,T,7042,0.08259453,0.012079624,0.19420367,0.8424076437950134,0.8688516616821289,1.022368311882019
paraboloid,K,7042,0.23763645,0.20543528,1.9293408,0.6882732510566711,0.7900906205177307,1.2620806694030762
paraboloid,F,7042,0.32147363,0.6663891,2.70015,1.7880207300186157,1.8443572521209717,1.8786594867706299
paraboloid,C,7042,0.3280415,0.67322636,2.752321,5.360646724700928,5.3701276779174805,5.4479804039001465
paraboloid,T+K,7042,0.06579683,0.0058592195,0.13520303,0.8063610792160034,0.8409464359283447,1.0724928379058838
paraboloid,T+F,7042,0.016790606,0.00822646,0.14379841,1.028952956199646,1.06779944896698,1.2806334495544434
paraboloid,F+K,7042,0.43840024,0.6714898,2.7394803,1.6482059955596924,1.7055033445358276,1.7581921815872192
paraboloid,T+F+K,7042,0.0072222995,0.0030100013,0.048072524,0.9990414381027222,1.051615595817566,1.2936376333236694
paraboloid,baseline,8042,0.1824237,0.3073269,1.685054,1.1206188201904297,1.157056450843811,1.2014484405517578
paraboloid,T,8042,0.06291054,0.017415062,0.20600387,0.7963865399360657,0.826805591583252,1.0456558465957642
paraboloid,K,8042,0.208247,0.31959742,2.9638803,0.998323917388916,1.0480422973632812,1.2499586343765259
paraboloid,F,8042,0.24577966,0.60474426,2.574604,1.807599663734436,1.8422017097473145,1.875680923461914
paraboloid,C,8042,0.34911817,0.64332944,2.8010275,4.970578193664551,4.977719783782959,5.055144309997559
paraboloid,T+K,8042,0.055742264,0.017370082,0.2527611,0.7594149708747864,0.811508297920227,1.0232932567596436
paraboloid,T+F,8042,0.014227598,0.010454538,0.23749854,1.0576744079589844,1.1358705759048462,1.2783432006835938
paraboloid,F+K,8042,0.35090834,0.673836,2.8871973,1.6995800733566284,1.7365292310714722,1.7670165300369263
paraboloid,T+F+K,8042,0.020072578,0.007837042,0.09719623,1.072382926940918,1.1437822580337524,1.3168463706970215
paraboloid,baseline,9042,0.10802277,0.28371277,2.3365412,0.8775377869606018,1.0840586423873901,1.4189231395721436
paraboloid,T,9042,0.040273342,0.011606344,0.20426562,0.7406570315361023,0.830930769443512,1.1313755512237549
paraboloid,K,9042,0.12154375,0.24989776,1.5041287,0.9962206482887268,1.0274087190628052,1.2472529411315918
paraboloid,F,9042,0.21848364,0.62832737,2.802421,1.8602774143218994,1.8923643827438354,1.9492638111114502
paraboloid,C,9042,0.23264977,0.6355505,2.8280473,5.023249626159668,5.030191898345947,5.0950775146484375
paraboloid,T+K,9042,0.043652106,0.009881851,0.15199478,0.8185689449310303,0.8903578519821167,1.1064146757125854
paraboloid,T+F,9042,0.04857939,0.013277224,0.17424779,1.0172241926193237,1.0359002351760864,1.3431041240692139
paraboloid,F+K,9042,0.34464678,0.6848736,2.7707777,1.7695186138153076,1.781023383140564,1.8285866975784302
paraboloid,T+F+K,9042,0.026931934,0.0118579,0.11257369,1.1090285778045654,1.1429412364959717,1.4190433025360107
