time,ensemble_survival,MTE,RPD,surface,config,seed,sim_mode,W2,MMD,drift_coeff_error,cov_coeff_error
0.1,1.0,0.5040573120117188,0.3208225664382267,half_torus,baseline,42,learned_latent,,,,
0.2,0.9799999594688416,0.5254265921456474,0.24950969556245112,half_torus,baseline,42,learned_latent,,,,
0.5,0.9149999618530273,0.5984860613046448,0.21545643861897318,half_torus,baseline,42,learned_latent,,,,
1.0,0.8050000071525574,0.6277194289687258,0.22693301898296322,half_torus,baseline,42,learned_latent,0.8193512897906985,0.1027405709028244,,
2.0,0.5249999761581421,,,half_torus,baseline,42,learned_latent,0.8837286964922255,0.12904858589172363,,
3.0,0.32999998331069946,,,half_torus,baseline,42,learned_latent,0.9422876238982684,0.12447676807641983,,
4.0,0.22499999403953552,,,half_torus,baseline,42,learned_latent,0.7737980696770127,0.12388543039560318,,
5.0,0.1599999964237213,,,half_torus,baseline,42,learned_latent,0.8486712636895389,0.11924413591623306,,
0.1,0.7799999713897705,2.534330319135617,1.6130514086628225,half_torus,baseline,42,end_to_end,,,21.370403289794922,345.0621643066406
0.2,0.5600000023841858,2.8902429853166853,1.3724917203428795,half_torus,baseline,42,end_to_end,,,23.449586868286133,412.26605224609375
0.5,0.2849999964237213,3.0645371821888707,1.1032408438226615,half_torus,baseline,42,end_to_end,,,20.047372817993164,271.9096374511719
1.0,0.08500000089406967,2.634372262393727,0.95237780294956,half_torus,baseline,42,end_to_end,1.493603393644633,0.15966087579727173,54.616207122802734,432.25909423828125
2.0,0.009999999776482582,,,half_torus,baseline,42,end_to_end,3.1969106413046786,0.5043801069259644,,
3.0,0.004999999888241291,,,half_torus,baseline,42,end_to_end,,,,
4.0,0.0,,,half_torus,baseline,42,end_to_end,,,,
5.0,0.0,,,half_torus,baseline,42,end_to_end,,,,
0.1,1.0,0.49394515991210936,0.31438638048972295,half_torus,T+F,42,learned_latent,,,,
0.2,0.9799999594688416,0.5243064724669164,0.24897778354236785,half_torus,T+F,42,learned_latent,,,,
0.5,0.9149999618530273,0.5951404675759905,0.2142520167344092,half_torus,T+F,42,learned_latent,,,,
1.0,0.8050000071525574,0.6775144020222729,0.24493488899642069,half_torus,T+F,42,learned_latent,0.8570190197017605,0.12833113968372345,,
2.0,0.5249999761581421,,,half_torus,T+F,42,learned_latent,0.9455619236749259,0.15735426545143127,,
3.0,0.32999998331069946,,,half_torus,T+F,42,learned_latent,1.0399231178953172,0.16312722861766815,,
4.0,0.22499999403953552,,,half_torus,T+F,42,learned_latent,0.8337121682557461,0.14239992201328278,,
5.0,0.1599999964237213,,,half_torus,T+F,42,learned_latent,0.9792704592726613,0.14691424369812012,,
0.1,0.8100000023841858,2.582528008355035,1.643728290008026,half_torus,T+F,42,end_to_end,,,52.29083251953125,979.0545043945312
0.2,0.5699999928474426,2.931320725825795,1.391998335885437,half_torus,T+F,42,end_to_end,,,44.587684631347656,295.00909423828125
0.5,0.2549999952316284,3.077077828201593,1.1077555069077005,half_torus,T+F,42,end_to_end,,,44.833587646484375,525.4046630859375
1.0,0.0949999988079071,3.3349613390470805,1.2056546443126352,half_torus,T+F,42,end_to_end,1.509907851626931,0.12409550696611404,117.36546325683594,379.40850830078125
2.0,0.009999999776482582,,,half_torus,T+F,42,end_to_end,2.9990565135247573,0.6644666194915771,,
3.0,0.0,,,half_torus,T+F,42,end_to_end,,,,
4.0,0.0,,,half_torus,T+F,42,end_to_end,,,,
5.0,0.0,,,half_torus,T+F,42,end_to_end,,,,
0.1,1.0,0.4290439605712891,0.27307804343904085,half_torus,T+F+K,42,learned_latent,,,,
0.2,0.9799999594688416,0.4346741656867825,0.20641402694614264,half_torus,T+F+K,42,learned_latent,,,,
0.5,0.9149999618530273,0.5042632472971098,0.1815359962640297,half_torus,T+F+K,42,learned_latent,,,,
1.0,0.8050000071525574,0.5698827423664353,0.20602391008347878,half_torus,T+F+K,42,learned_latent,0.7452214854631404,0.08875510841608047,,
2.0,0.5249999761581421,,,half_torus,T+F+K,42,learned_latent,0.8308890963635555,0.128494992852211,,
3.0,0.32999998331069946,,,half_torus,T+F+K,42,learned_latent,0.8537637037774016,0.10533303022384644,,
4.0,0.22499999403953552,,,half_torus,T+F+K,42,learned_latent,0.6900501446002448,0.10527246445417404,,
5.0,0.1599999964237213,,,half_torus,T+F+K,42,learned_latent,0.8502784221294687,0.1266428679227829,,
0.1,0.8700000047683716,2.8891703287760415,1.8389000966095603,half_torus,T+F+K,42,end_to_end,,,76.43543243408203,1032.4908447265625
0.2,0.5999999642372131,3.071952311197917,1.458780155795565,half_torus,T+F+K,42,end_to_end,,,72.1102294921875,650.6017456054688
0.5,0.29999998211860657,3.2158167521158854,1.1577018571689577,half_torus,T+F+K,42,end_to_end,,,41.631805419921875,428.4700927734375
1.0,0.08500000089406967,2.3759521035587086,0.8589537919916175,half_torus,T+F+K,42,end_to_end,1.600493622784825,0.24655230343341827,40.449092864990234,360.3943176269531
2.0,0.009999999776482582,,,half_torus,T+F+K,42,end_to_end,2.080718805687563,0.2944556772708893,,
3.0,0.004999999888241291,,,half_torus,T+F+K,42,end_to_end,,,,
4.0,0.0,,,half_torus,T+F+K,42,end_to_end,,,,
5.0,0.0,,,half_torus,T+F+K,42,end_to_end,,,,
0.1,0.9950000047683716,0.5528126625559437,0.3055656387085386,half_torus,baseline,1042,learned_latent,,,,
0.2,0.9899999499320984,0.6241018892538668,0.27884549176958934,half_torus,baseline,1042,learned_latent,,,,
0.5,0.9049999713897705,0.6431088948118094,0.23749416027745787,half_torus,baseline,1042,learned_latent,,,,
1.0,0.7649999856948853,0.6888688530018127,0.24702035992242055,half_torus,baseline,1042,learned_latent,0.8709912718498611,0.10226432979106903,,
2.0,0.4949999749660492,,,half_torus,baseline,1042,learned_latent,0.8925014395707999,0.11273165792226791,,
3.0,0.3799999952316284,,,half_torus,baseline,1042,learned_latent,0.8687057092751932,0.09780506044626236,,
4.0,0.2199999988079071,,,half_torus,baseline,1042,learned_latent,0.9129502569784604,0.11779273301362991,,
5.0,0.13499999046325684,,,half_torus,baseline,1042,learned_latent,0.7187640976559859,0.0815875455737114,,
0.1,0.8100000023841858,2.923018467279128,1.6156902064822232,half_torus,baseline,1042,end_to_end,,,24.199644088745117,384.25848388671875
0.2,0.5899999737739563,3.1366041797702597,1.4014185024183028,half_torus,baseline,1042,end_to_end,,,35.25468826293945,452.43939208984375
0.5,0.26999998092651367,3.588486848054109,1.3251949670120817,half_torus,baseline,1042,end_to_end,,,33.551082611083984,406.55908203125
1.0,0.07000000029802322,3.5511373792375838,1.2733965684915658,half_torus,baseline,1042,end_to_end,2.2548017451867874,0.3008868396282196,128.31399536132812,1173.4146728515625
2.0,0.0,,,half_torus,baseline,1042,end_to_end,,,,
3.0,0.0,,,half_torus,baseline,1042,end_to_end,,,,
4.0,0.0,,,half_torus,baseline,1042,end_to_end,,,,
5.0,0.0,,,half_torus,baseline,1042,end_to_end,,,,
0.1,0.9950000047683716,0.5247506759873587,0.2900544548481429,half_torus,T+F,1042,learned_latent,,,,
0.2,0.9899999499320984,0.5591236075969658,0.24981353206085785,half_torus,T+F,1042,learned_latent,,,,
0.5,0.9049999713897705,0.6157801506927659,0.2274019081124664,half_torus,T+F,1042,learned_latent,,,,
1.0,0.7649999856948853,0.6482498069214665,0.23245484235147865,half_torus,T+F,1042,learned_latent,0.8386991931530772,0.09860138595104218,,
2.0,0.4949999749660492,,,half_torus,T+F,1042,learned_latent,0.8492623554434106,0.10522206127643585,,
3.0,0.3799999952316284,,,half_torus,T+F,1042,learned_latent,0.8734342514493435,0.10518636554479599,,
4.0,0.2199999988079071,,,half_torus,T+F,1042,learned_latent,0.911060986461083,0.11670739203691483,,
5.0,0.13499999046325684,,,half_torus,T+F,1042,learned_latent,0.6184228336833376,0.08170872926712036,,
0.1,0.875,2.848656005859375,1.5745865658481475,half_torus,T+F,1042,end_to_end,,,145.4265899658203,1349.23583984375
0.2,0.6800000071525574,3.2701353185317097,1.4610795236323306,half_torus,T+F,1042,end_to_end,,,145.9129638671875,1052.295654296875
0.5,0.25999999046325684,3.322954618013822,1.2271363730340394,half_torus,T+F,1042,end_to_end,,,195.4346923828125,1557.386474609375
1.0,0.07499999552965164,3.399505106608073,1.2190229988381012,half_torus,T+F,1042,end_to_end,2.064335599040873,0.2322315126657486,54.20083999633789,175.4241943359375
2.0,0.019999999552965164,,,half_torus,T+F,1042,end_to_end,2.0697888133850544,0.3468761444091797,,
3.0,0.0,,,half_torus,T+F,1042,end_to_end,,,,
4.0,0.0,,,half_torus,T+F,1042,end_to_end,,,,
5.0,0.0,,,half_torus,T+F,1042,end_to_end,,,,
0.1,0.9950000047683716,0.5069671707536707,0.28022467253077676,half_torus,T+F+K,1042,learned_latent,,,,
0.2,0.9899999499320984,0.5505662012581873,0.24599012722921787,half_torus,T+F+K,1042,learned_latent,,,,
0.5,0.9049999713897705,0.5792898104335722,0.21392636332058182,half_torus,T+F+K,1042,learned_latent,,,,
1.0,0.7649999856948853,0.6459695653977737,0.23163717425770702,half_torus,T+F+K,1042,learned_latent,0.8405866350986968,0.10861870646476746,,
2.0,0.4949999749660492,,,half_torus,T+F+K,1042,learned_latent,0.8580025221161608,0.11751358956098557,,
3.0,0.3799999952316284,,,half_torus,T+F+K,1042,learned_latent,0.8400675836034015,0.10876074433326721,,
4.0,0.2199999988079071,,,half_torus,T+F+K,1042,learned_latent,0.9098227161785213,0.116298608481884,,
5.0,0.13499999046325684,,,half_torus,T+F+K,1042,learned_latent,0.6658970112032143,0.08461225032806396,,
0.1,0.8399999737739563,2.715509505498977,1.5009902136294349,half_torus,T+F+K,1042,end_to_end,,,105.7077865600586,821.0952758789062
0.2,0.6850000023841858,3.2521168506928606,1.4530289655231967,half_torus,T+F+K,1042,end_to_end,,,93.57373046875,1065.819580078125
0.5,0.3400000035762787,3.50286304249483,1.2935748884140212,half_torus,T+F+K,1042,end_to_end,,,66.48673248291016,1136.806640625
1.0,0.04999999701976776,4.791739273071289,1.718261980826346,half_torus,T+F+K,1042,end_to_end,2.8586926404878765,0.48287609219551086,168.8438262939453,2084.976318359375
2.0,0.0,,,half_torus,T+F+K,1042,end_to_end,,,,
3.0,0.0,,,half_torus,T+F+K,1042,end_to_end,,,,
4.0,0.0,,,half_torus,T+F+K,1042,end_to_end,,,,
5.0,0.0,,,half_torus,T+F+K,1042,end_to_end,,,,
0.1,1.0,0.4202626800537109,0.2501075156484613,half_torus,baseline,2042,learned_latent,,,,
0.2,0.9899999499320984,0.5225180423620975,0.2448339486046892,half_torus,baseline,2042,learned_latent,,,,
0.5,0.9099999666213989,0.5953961047497425,0.22485901617209664,half_torus,baseline,2042,learned_latent,,,,
1.0,0.7749999761581421,0.5737681727255545,0.20418573498526477,half_torus,baseline,2042,learned_latent,0.7489156585556478,0.1017255187034607,,
2.0,0.5049999952316284,,,half_torus,baseline,2042,learned_latent,0.7213287172678807,0.08916248381137848,,
3.0,0.32999998331069946,,,half_torus,baseline,2042,learned_latent,0.8947091485389395,0.13448403775691986,,
4.0,0.17000000178813934,,,half_torus,baseline,2042,learned_latent,0.9551487977628283,0.16388656198978424,,
5.0,0.10499999672174454,,,half_torus,baseline,2042,learned_latent,0.9539706419279218,0.18498128652572632,,
0.1,0.8149999976158142,2.6477973797569976,1.5757621507265227,half_torus,baseline,2042,end_to_end,,,14.42503547668457,438.3885803222656
0.2,0.5799999833106995,2.977577472555226,1.395190195895421,half_torus,baseline,2042,end_to_end,,,24.00996971130371,295.8096618652344
0.5,0.23499999940395355,3.2983654915018286,1.245670257965214,half_torus,baseline,2042,end_to_end,,,22.923141479492188,369.8928527832031
1.0,0.029999999329447746,3.835221608479818,1.3648326627092178,half_torus,baseline,2042,end_to_end,2.89532394432153,0.4811848998069763,98.65890502929688,5578.58935546875
2.0,0.0,,,half_torus,baseline,2042,end_to_end,,,,
3.0,0.0,,,half_torus,baseline,2042,end_to_end,,,,
4.0,0.0,,,half_torus,baseline,2042,end_to_end,,,,
5.0,0.0,,,half_torus,baseline,2042,end_to_end,,,,
0.1,1.0,0.4638944625854492,0.2760737440343182,half_torus,T+F,2042,learned_latent,,,,
0.2,0.9899999499320984,0.5528178359522964,0.2590313877458521,half_torus,T+F,2042,learned_latent,,,,
0.5,0.9099999666213989,0.6008400550255408,0.22691499418965583,half_torus,T+F,2042,learned_latent,,,,
1.0,0.7749999761581421,0.6068676364037299,0.21596477509242495,half_torus,T+F,2042,learned_latent,0.7409907842081044,0.10865382850170135,,
2.0,0.5049999952316284,,,half_torus,T+F,2042,learned_latent,0.6962462146087287,0.09570188075304031,,
3.0,0.32999998331069946,,,half_torus,T+F,2042,learned_latent,0.9055366783066552,0.13489118218421936,,
4.0,0.17000000178813934,,,half_torus,T+F,2042,learned_latent,0.9687043935692022,0.17752733826637268,,
5.0,0.10499999672174454,,,half_torus,T+F,2042,learned_latent,0.9542280257333695,0.18476398289203644,,
0.1,0.8149999976158142,2.6452056323092408,1.5742197451166222,half_torus,T+F,2042,end_to_end,,,116.82109832763672,804.7877807617188
0.2,0.5999999642372131,3.2028935750325522,1.5007655570913008,half_torus,T+F,2042,end_to_end,,,145.62619018554688,835.9447021484375
0.5,0.22499999403953552,3.57974853515625,1.3519381926374396,half_torus,T+F,2042,end_to_end,,,175.71743774414062,499.96728515625
1.0,0.06499999761581421,3.4765149630033054,1.2371804443876657,half_torus,T+F,2042,end_to_end,2.1627865997172657,0.22218164801597595,71.69546508789062,193.17160034179688
2.0,0.0,,,half_torus,T+F,2042,end_to_end,,,,
3.0,0.0,,,half_torus,T+F,2042,end_to_end,,,,
4.0,0.0,,,half_torus,T+F,2042,end_to_end,,,,
5.0,0.0,,,half_torus,T+F,2042,end_to_end,,,,
0.1,1.0,0.38688030242919924,0.2302409323652672,half_torus,T+F+K,2042,learned_latent,,,,
0.2,0.9899999499320984,0.4788259641088621,0.22436134637046506,half_torus,T+F+K,2042,learned_latent,,,,
0.5,0.9099999666213989,0.5365746047470595,0.20264431823427648,half_torus,T+F+K,2042,learned_latent,,,,
1.0,0.7749999761581421,0.5151075793850807,0.18331030665852566,half_torus,T+F+K,2042,learned_latent,0.6812319962876339,0.09474732726812363,,
2.0,0.5049999952316284,,,half_torus,T+F+K,2042,learned_latent,0.6751936573535134,0.08385084569454193,,
3.0,0.32999998331069946,,,half_torus,T+F+K,2042,learned_latent,0.8606493704135298,0.1310555338859558,,
4.0,0.17000000178813934,,,half_torus,T+F+K,2042,learned_latent,0.9228675154664457,0.17134636640548706,,
5.0,0.10499999672174454,,,half_torus,T+F+K,2042,learned_latent,0.8287256535391956,0.16265080869197845,,
0.1,0.8299999833106995,2.961665693535862,1.7625520512477177,half_torus,T+F+K,2042,end_to_end,,,36.708396911621094,570.178955078125
0.2,0.6399999856948853,3.2372965812683105,1.5168856202808805,half_torus,T+F+K,2042,end_to_end,,,29.412221908569336,882.3300170898438
0.5,0.3100000023841858,2.835879418157762,1.0710064289346999,half_torus,T+F+K,2042,end_to_end,,,9.805939674377441,215.01223754882812
1.0,0.10999999940395355,3.5985464616255327,1.2806075503548195,half_torus,T+F+K,2042,end_to_end,1.761575664017334,0.25190794467926025,83.79046630859375,1672.0667724609375
2.0,0.014999999664723873,,,half_torus,T+F+K,2042,end_to_end,3.1488894463489183,0.37171289324760437,,
3.0,0.0,,,half_torus,T+F+K,2042,end_to_end,,,,
4.0,0.0,,,half_torus,T+F+K,2042,end_to_end,,,,
5.0,0.0,,,half_torus,T+F+K,2042,end_to_end,,,,
0.1,0.9899999499320984,0.5257293238784327,0.29915239127799276,half_torus,baseline,3042,learned_latent,,,,
0.2,0.9899999499320984,0.6176124341560133,0.27333250948817356,half_torus,baseline,3042,learned_latent,,,,
0.5,0.9049999713897705,0.5958318552259583,0.22361560429853103,half_torus,baseline,3042,learned_latent,,,,
1.0,0.7450000047683716,0.6213103940822934,0.2088965120167961,half_torus,baseline,3042,learned_latent,0.7678367358502302,0.06691056489944458,,
2.0,0.5249999761581421,,,half_torus,baseline,3042,learned_latent,0.8556938404455346,0.09746380150318146,,
3.0,0.3149999976158142,,,half_torus,baseline,3042,learned_latent,0.8776080120800721,0.09615731984376907,,
4.0,0.20499999821186066,,,half_torus,baseline,3042,learned_latent,1.131194955576138,0.14357170462608337,,
5.0,0.10499999672174454,,,half_torus,baseline,3042,learned_latent,0.7904531911473992,0.07073761522769928,,
0.1,0.824999988079071,2.832550233783144,1.6117879246302143,half_torus,baseline,3042,end_to_end,,,49.401084899902344,578.6346435546875
0.2,0.5999999642372131,3.068830871582031,1.358151482928865,half_torus,baseline,3042,end_to_end,,,51.550533294677734,893.1975708007812
0.5,0.26999998092651367,2.7502723976417824,1.0321768109410803,half_torus,baseline,3042,end_to_end,,,21.445615768432617,560.76953125
1.0,0.044999998062849045,2.8281048668755426,0.9508632849779375,half_torus,baseline,3042,end_to_end,2.083468353835817,0.24985787272453308,457.3861389160156,3702.63916015625
2.0,0.009999999776482582,,,half_torus,baseline,3042,end_to_end,2.642551359875444,0.47402867674827576,,
3.0,0.0,,,half_torus,baseline,3042,end_to_end,,,,
4.0,0.0,,,half_torus,baseline,3042,end_to_end,,,,
5.0,0.0,,,half_torus,baseline,3042,end_to_end,,,,
0.1,0.9899999499320984,0.49027560455630526,0.2789783883582589,half_torus,T+F,3042,learned_latent,,,,
0.2,0.9899999499320984,0.5584607750478418,0.2471541644123985,half_torus,T+F,3042,learned_latent,,,,
0.5,0.9049999713897705,0.5701626519471901,0.213981956227018,half_torus,T+F,3042,learned_latent,,,,
1.0,0.7450000047683716,0.5903244530594589,0.19847844230014666,half_torus,T+F,3042,learned_latent,0.7270157231750897,0.08452767878770828,,
2.0,0.5249999761581421,,,half_torus,T+F,3042,learned_latent,0.8091695746109105,0.10955360531806946,,
3.0,0.3149999976158142,,,half_torus,T+F,3042,learned_latent,0.8539471704242256,0.12448347359895706,,
4.0,0.20499999821186066,,,half_torus,T+F,3042,learned_latent,1.0616451858423608,0.15841849148273468,,
5.0,0.10499999672174454,,,half_torus,T+F,3042,learned_latent,0.8078406182952418,0.07525552809238434,,
0.1,0.8499999642372131,2.9402216294232537,1.6730554895443333,half_torus,T+F,3042,end_to_end,,,165.5670623779297,1081.09228515625
0.2,0.5949999690055847,3.0621222488018645,1.355182493643184,half_torus,T+F,3042,end_to_end,,,117.93798828125,680.7911987304688
0.5,0.28999999165534973,3.0377815509664603,1.1400789522887855,half_torus,T+F,3042,end_to_end,,,79.67648315429688,708.1928100585938
1.0,0.0949999988079071,3.687290392423931,1.2397379942566682,half_torus,T+F,3042,end_to_end,1.860918825402666,0.19813001155853271,46.49467468261719,781.4859619140625
2.0,0.004999999888241291,,,half_torus,T+F,3042,end_to_end,2.5020614748606826,0.46590322256088257,,
3.0,0.0,,,half_torus,T+F,3042,end_to_end,,,,
4.0,0.0,,,half_torus,T+F,3042,end_to_end,,,,
5.0,0.0,,,half_torus,T+F,3042,end_to_end,,,,
0.1,0.9899999499320984,0.41262331875887787,0.2347924053259065,half_torus,T+F+K,3042,learned_latent,,,,
0.2,0.9899999499320984,0.487317210496074,0.21566864378902909,half_torus,T+F+K,3042,learned_latent,,,,
0.5,0.9049999713897705,0.4978115861587103,0.1868286122826964,half_torus,T+F+K,3042,learned_latent,,,,
1.0,0.7450000047683716,0.5172615819329384,0.17391329888450105,half_torus,T+F+K,3042,learned_latent,0.651754892211902,0.060421720147132874,,
2.0,0.5249999761581421,,,half_torus,T+F+K,3042,learned_latent,0.7226601422572043,0.08809925615787506,,
3.0,0.3149999976158142,,,half_torus,T+F+K,3042,learned_latent,0.7501485919590828,0.08045090734958649,,
4.0,0.20499999821186066,,,half_torus,T+F+K,3042,learned_latent,0.9230034266454802,0.12600305676460266,,
5.0,0.10499999672174454,,,half_torus,T+F+K,3042,learned_latent,0.6824629834442267,0.06392662972211838,,
0.1,0.7899999618530273,2.955958306034909,1.6820100298853884,half_torus,T+F+K,3042,end_to_end,,,43.94554138183594,516.7620849609375
0.2,0.5799999833106995,3.117455844221444,1.3796711043942047,half_torus,T+F+K,3042,end_to_end,,,19.641984939575195,286.1231689453125
0.5,0.3199999928474426,3.4647748470306396,1.300329471111085,half_torus,T+F+K,3042,end_to_end,,,39.19740676879883,592.27001953125
1.0,0.08999999612569809,3.4535734388563366,1.1611578564310723,half_torus,T+F+K,3042,end_to_end,1.8442391255665935,0.20878149569034576,89.13501739501953,254.09988403320312
2.0,0.019999999552965164,,,half_torus,T+F+K,3042,end_to_end,2.5550463383188906,0.3071095049381256,,
3.0,0.0,,,half_torus,T+F+K,3042,end_to_end,,,,
4.0,0.0,,,half_torus,T+F+K,3042,end_to_end,,,,
5.0,0.0,,,half_torus,T+F+K,3042,end_to_end,,,,
0.1,1.0,0.5292360687255859,0.3158727711302175,half_torus,baseline,4042,learned_latent,,,,
0.2,0.9899999499320984,0.617272386647234,0.2908982962262298,half_torus,baseline,4042,learned_latent,,,,
0.5,0.8999999761581421,0.6439700656467013,0.24705899858513697,half_torus,baseline,4042,learned_latent,,,,
1.0,0.7149999737739563,0.6862600900076486,0.2421239717903622,half_torus,baseline,4042,learned_latent,0.8918006217848414,0.10838909447193146,,
2.0,0.4650000035762787,,,half_torus,baseline,4042,learned_latent,0.9260034716315221,0.12544789910316467,,
3.0,0.29499998688697815,,,half_torus,baseline,4042,learned_latent,1.0885849668937297,0.19251908361911774,,
4.0,0.17999999225139618,,,half_torus,baseline,4042,learned_latent,1.131469086366664,0.17249947786331177,,
5.0,0.11499999463558197,,,half_torus,baseline,4042,learned_latent,1.131964159703631,0.2187761664390564,,
0.1,0.8100000023841858,2.693433596764082,1.6075668011702324,half_torus,baseline,4042,end_to_end,,,27.03072738647461,515.6487426757812
0.2,0.5899999737739563,2.786204709845074,1.3130381668840538,half_torus,baseline,4042,end_to_end,,,11.827200889587402,297.10455322265625
0.5,0.23499999940395355,2.9594707083194813,1.1354003990933834,half_torus,baseline,4042,end_to_end,,,32.954776763916016,173.36883544921875
1.0,0.05999999865889549,3.0913511912027993,1.0906801073111319,half_torus,baseline,4042,end_to_end,1.400243024584754,0.1800755262374878,10.581464767456055,86.64039611816406
2.0,0.0,,,half_torus,baseline,4042,end_to_end,,,,
3.0,0.0,,,half_torus,baseline,4042,end_to_end,,,,
4.0,0.0,,,half_torus,baseline,4042,end_to_end,,,,
5.0,0.0,,,half_torus,baseline,4042,end_to_end,,,,
0.1,1.0,0.43524932861328125,0.2597771007798229,half_torus,T+F,4042,learned_latent,,,,
0.2,0.9899999499320984,0.5204615737452651,0.2452748386754655,half_torus,T+F,4042,learned_latent,,,,
0.5,0.8999999761581421,0.5616635216606988,0.21548210795161893,half_torus,T+F,4042,learned_latent,,,,
1.0,0.7149999737739563,0.6258507575188483,0.2208105547224545,half_torus,T+F,4042,learned_latent,0.8430761745554316,0.11991158127784729,,
2.0,0.4650000035762787,,,half_torus,T+F,4042,learned_latent,0.8600381904351277,0.12525008618831635,,
3.0,0.29499998688697815,,,half_torus,T+F,4042,learned_latent,0.9965911373927796,0.1903676986694336,,
4.0,0.17999999225139618,,,half_torus,T+F,4042,learned_latent,0.9536008550265437,0.16127553582191467,,
5.0,0.11499999463558197,,,half_torus,T+F,4042,learned_latent,0.9452631996120759,0.19406215846538544,,
0.1,0.8949999809265137,2.884068323913233,1.7213464981649171,half_torus,T+F,4042,end_to_end,,,135.55982971191406,1211.511962890625
0.2,0.7749999761581421,3.3777552450856856,1.5918146787702903,half_torus,T+F,4042,end_to_end,,,160.39968872070312,973.7879028320312
0.5,0.4050000011920929,3.43862462926794,1.3192277137353872,half_torus,T+F,4042,end_to_end,,,100.15153503417969,879.9861450195312
1.0,0.12999999523162842,3.3909876896784854,1.1963968467232713,half_torus,T+F,4042,end_to_end,2.016964861470391,0.2422969937324524,167.3123779296875,848.005126953125
2.0,0.014999999664723873,,,half_torus,T+F,4042,end_to_end,2.0715639201474905,0.2636042833328247,,
3.0,0.0,,,half_torus,T+F,4042,end_to_end,,,,
4.0,0.0,,,half_torus,T+F,4042,end_to_end,,,,
5.0,0.0,,,half_torus,T+F,4042,end_to_end,,,,
0.1,1.0,0.46755855560302734,0.2790607544561524,half_torus,T+F+K,4042,learned_latent,,,,
0.2,0.9899999499320984,0.5341709792011916,0.2517355888656125,half_torus,T+F+K,4042,learned_latent,,,,
0.5,0.8999999761581421,0.5829228719075521,0.22363825380800073,half_torus,T+F+K,4042,learned_latent,,,,
1.0,0.7149999737739563,0.6354639546854512,0.22420225054372223,half_torus,T+F+K,4042,learned_latent,0.8485624860761412,0.11002267152070999,,
2.0,0.4650000035762787,,,half_torus,T+F+K,4042,learned_latent,0.8599237697910925,0.11657146364450455,,
3.0,0.29499998688697815,,,half_torus,T+F+K,4042,learned_latent,0.9868150528583767,0.17399366199970245,,
4.0,0.17999999225139618,,,half_torus,T+F+K,4042,learned_latent,0.9126360577710481,0.14721092581748962,,
5.0,0.11499999463558197,,,half_torus,T+F+K,4042,learned_latent,0.9847548273929235,0.1882287859916687,,
0.1,0.8700000047683716,2.7842449319773706,1.6617672417655425,half_torus,T+F+K,4042,end_to_end,,,67.47758483886719,873.9487915039062
0.2,0.7799999713897705,3.2097232525165262,1.5126272383351789,half_torus,T+F+K,4042,end_to_end,,,79.34651947021484,1373.37939453125
0.5,0.41999998688697815,3.045107886904762,1.1682550870852682,half_torus,T+F+K,4042,end_to_end,,,17.92761993408203,579.7054443359375
1.0,0.14999999105930328,3.4765884399414064,1.2265982148979269,half_torus,T+F+K,4042,end_to_end,2.131674989107194,0.24146606028079987,94.73068237304688,839.7997436523438
2.0,0.0,,,half_torus,T+F+K,4042,end_to_end,3.2927228033671354,0.5374876260757446,,
3.0,0.0,,,half_torus,T+F+K,4042,end_to_end,3.6209683335438743,0.45521968603134155,,
4.0,0.0,,,half_torus,T+F+K,4042,end_to_end,,,,
5.0,0.0,,,half_torus,T+F+K,4042,end_to_end,,,,
0.1,1.0,0.62986083984375,0.3701781980337724,half_torus,baseline,5042,learned_latent,,,,
0.2,0.9950000047683716,0.7037200927734375,0.3363308900111697,half_torus,baseline,5042,learned_latent,,,,
0.5,0.8999999761581421,0.7815884908040365,0.28882780511465206,half_torus,baseline,5042,learned_latent,,,,
1.0,0.73499995470047,1.0620856252657314,0.37037276081529114,half_torus,baseline,5042,learned_latent,1.1969414420366158,0.19775843620300293,,
2.0,0.4699999988079071,,,half_torus,baseline,5042,learned_latent,1.1282635667814318,0.17878930270671844,,
3.0,0.25,,,half_torus,baseline,5042,learned_latent,1.1214051816929105,0.15373222529888153,,
4.0,0.1599999964237213,,,half_torus,baseline,5042,learned_latent,1.3944036574990302,0.2601858675479889,,
5.0,0.10999999940395355,,,half_torus,baseline,5042,learned_latent,0.888042014091537,0.10467057675123215,,
0.1,0.8549999594688416,2.5290120442708335,1.4863364447075709,half_torus,baseline,5042,end_to_end,,,45.46528244018555,939.488037109375
0.2,0.625,2.867212890625,1.3703349858249272,half_torus,baseline,5042,end_to_end,,,41.83271026611328,883.0027465820312
0.5,0.26499998569488525,3.3844837692548646,1.2507003749689793,half_torus,baseline,5042,end_to_end,,,41.71820068359375,1318.9276123046875
1.0,0.05999999865889549,3.2117458979288735,1.1200068685191762,half_torus,baseline,5042,end_to_end,2.6218181278864297,0.4184984266757965,20.98950958251953,189.20880126953125
2.0,0.004999999888241291,,,half_torus,baseline,5042,end_to_end,,,,
3.0,0.0,,,half_torus,baseline,5042,end_to_end,,,,
4.0,0.0,,,half_torus,baseline,5042,end_to_end,,,,
5.0,0.0,,,half_torus,baseline,5042,end_to_end,,,,
0.1,1.0,0.6120291519165039,0.35969826074088396,half_torus,T+F,5042,learned_latent,,,,
0.2,0.9950000047683716,0.6795755510953203,0.3247914224374801,half_torus,T+F,5042,learned_latent,,,,
0.5,0.8999999761581421,0.7387153625488281,0.272984491557652,half_torus,T+F,5042,learned_latent,,,,
1.0,0.73499995470047,1.02033654037787,0.35581393103397246,half_torus,T+F,5042,learned_latent,1.1421797084302083,0.18916377425193787,,
2.0,0.4699999988079071,,,half_torus,T+F,5042,learned_latent,1.0211868793366201,0.15728114545345306,,
3.0,0.25,,,half_torus,T+F,5042,learned_latent,1.066015854245249,0.14474594593048096,,
4.0,0.1599999964237213,,,half_torus,T+F,5042,learned_latent,1.2242818726051345,0.21786455810070038,,
5.0,0.10999999940395355,,,half_torus,T+F,5042,learned_latent,0.9263991827619104,0.12463708221912384,,
0.1,0.8700000047683716,2.5654879164421693,1.5077738349657825,half_torus,T+F,5042,end_to_end,,,181.1143341064453,1066.7259521484375
0.2,0.7249999642372131,3.0037077805091594,1.4355703660110886,half_torus,T+F,5042,end_to_end,,,177.2375030517578,1090.610595703125
0.5,0.39499998092651367,3.7496218138103243,1.3856332983853905,half_torus,T+F,5042,end_to_end,,,187.44113159179688,1157.4443359375
1.0,0.13499999046325684,3.6260816786024304,1.2644949242295895,half_torus,T+F,5042,end_to_end,3.1376039749512583,0.5638879537582397,267.04266357421875,1154.07275390625
2.0,0.02499999850988388,,,half_torus,T+F,5042,end_to_end,4.1763196478125355,0.6501200795173645,,
3.0,0.004999999888241291,,,half_torus,T+F,5042,end_to_end,3.2953198639793593,0.47151362895965576,,
4.0,0.0,,,half_torus,T+F,5042,end_to_end,,,,
5.0,0.0,,,half_torus,T+F,5042,end_to_end,,,,
0.1,1.0,0.5970872497558594,0.3509166917543179,half_torus,T+F+K,5042,learned_latent,,,,
0.2,0.9950000047683716,0.6791118832688835,0.32456982039096127,half_torus,T+F+K,5042,learned_latent,,,,
0.5,0.8999999761581421,0.7191448635525174,0.26575241951896567,half_torus,T+F+K,5042,learned_latent,,,,
1.0,0.73499995470047,1.0307438649287841,0.35944319541240566,half_torus,T+F+K,5042,learned_latent,1.1521866675392856,0.1719207763671875,,
2.0,0.4699999988079071,,,half_torus,T+F+K,5042,learned_latent,1.05010709081184,0.14871712028980255,,
3.0,0.25,,,half_torus,T+F+K,5042,learned_latent,1.0432953043995545,0.12138871848583221,,
4.0,0.1599999964237213,,,half_torus,T+F+K,5042,learned_latent,1.2325478276307495,0.19511036574840546,,
5.0,0.10999999940395355,,,half_torus,T+F+K,5042,learned_latent,0.9022097557530736,0.10192045569419861,,
0.1,0.8899999856948853,2.774434293254038,1.6305746004064323,half_torus,T+F+K,5042,end_to_end,,,112.07369232177734,849.1297607421875
0.2,0.7049999833106995,3.0814079122340425,1.472705804838794,half_torus,T+F+K,5042,end_to_end,,,132.57855224609375,883.4584350585938
0.5,0.3649999797344208,3.383161779952376,1.2502118477284745,half_torus,T+F+K,5042,end_to_end,,,87.24105834960938,672.3016967773438
1.0,0.14499999582767487,3.571199351343615,1.2453562422031477,half_torus,T+F+K,5042,end_to_end,2.3182441592567873,0.299309641122818,87.02049255371094,955.5881958007812
2.0,0.004999999888241291,,,half_torus,T+F+K,5042,end_to_end,,,,
3.0,0.0,,,half_torus,T+F+K,5042,end_to_end,,,,
4.0,0.0,,,half_torus,T+F+K,5042,end_to_end,,,,
5.0,0.0,,,half_torus,T+F+K,5042,end_to_end,,,,
0.1,1.0,0.5853811645507813,0.3545238818341132,half_torus,baseline,6042,learned_latent,,,,
0.2,0.9950000047683716,0.7209317001266096,0.34510624034813125,half_torus,baseline,6042,learned_latent,,,,
0.5,0.8999999761581421,0.8082366943359375,0.30967823038468756,half_torus,baseline,6042,learned_latent,,,,
1.0,0.7299999594688416,0.8173748695687072,0.2936245500714703,half_torus,baseline,6042,learned_latent,0.9923931612695749,0.1395293027162552,,
2.0,0.5049999952316284,,,half_torus,baseline,6042,learned_latent,0.9902638402615743,0.1329614222049713,,
3.0,0.32999998331069946,,,half_torus,baseline,6042,learned_latent,0.9748135426584296,0.12914693355560303,,
4.0,0.20499999821186066,,,half_torus,baseline,6042,learned_latent,0.8765555703289883,0.1347629725933075,,
5.0,0.13499999046325684,,,half_torus,baseline,6042,learned_latent,0.9120298961059349,0.13352550566196442,,
0.1,0.7999999523162842,2.7762800216674806,1.6813960372219454,half_torus,baseline,6042,end_to_end,,,19.45281410217285,646.2221069335938
0.2,0.5899999737739563,3.1364813335871293,1.501417236565202,half_torus,baseline,6042,end_to_end,,,21.07899284362793,703.2684326171875
0.5,0.25,3.6575262451171877,1.4013917743539885,half_torus,baseline,6042,end_to_end,,,30.837324142456055,534.6056518554688
1.0,0.07000000029802322,2.747027805873326,0.9868113561638838,half_torus,baseline,6042,end_to_end,1.4507510459593942,0.2176642119884491,0.9906148910522461,103.27702331542969
2.0,0.0,,,half_torus,baseline,6042,end_to_end,,,,
3.0,0.0,,,half_torus,baseline,6042,end_to_end,,,,
4.0,0.0,,,half_torus,baseline,6042,end_to_end,,,,
5.0,0.0,,,half_torus,baseline,6042,end_to_end,,,,
0.1,1.0,0.4690385437011719,0.2840634022968016,half_torus,T+F,6042,learned_latent,,,,
0.2,0.9950000047683716,0.6176879729457836,0.2956840072563617,half_torus,T+F,6042,learned_latent,,,,
0.5,0.8999999761581421,0.824115498860677,0.3157622403291827,half_torus,T+F,6042,learned_latent,,,,
1.0,0.7299999594688416,0.749074543992134,0.2690891097076894,half_torus,T+F,6042,learned_latent,0.9070648994769629,0.13067705929279327,,
2.0,0.5049999952316284,,,half_torus,T+F,6042,learned_latent,0.8775211461242147,0.11140573024749756,,
3.0,0.32999998331069946,,,half_torus,T+F,6042,learned_latent,0.9148554895535874,0.12460073083639145,,
4.0,0.20499999821186066,,,half_torus,T+F,6042,learned_latent,0.7727628200746941,0.0943451076745987,,
5.0,0.13499999046325684,,,half_torus,T+F,6042,learned_latent,0.7005657006777102,0.07398548722267151,,
0.1,0.8399999737739563,2.645885467529297,1.6024252976379814,half_torus,T+F,6042,end_to_end,,,77.91316986083984,901.337890625
0.2,0.6499999761581421,2.9727642352764425,1.4230467164884957,half_torus,T+F,6042,end_to_end,,,53.7353630065918,733.9415283203125
0.5,0.2750000059604645,3.257280939275568,1.2480366261635836,half_torus,T+F,6042,end_to_end,,,93.82758331298828,371.0090026855469
1.0,0.07000000029802322,2.721509116036551,0.9776443091935139,half_torus,T+F,6042,end_to_end,1.6713135955953964,0.1660281866788864,35.42549514770508,183.54342651367188
2.0,0.0,,,half_torus,T+F,6042,end_to_end,,,,
3.0,0.0,,,half_torus,T+F,6042,end_to_end,,,,
4.0,0.0,,,half_torus,T+F,6042,end_to_end,,,,
5.0,0.0,,,half_torus,T+F,6042,end_to_end,,,,
0.1,1.0,0.4381150436401367,0.26533523004693316,half_torus,T+F+K,6042,learned_latent,,,,
0.2,0.9950000047683716,0.5625264920181965,0.2692784943740574,half_torus,T+F+K,6042,learned_latent,,,,
0.5,0.8999999761581421,0.7121888902452257,0.2728772360576669,half_torus,T+F+K,6042,learned_latent,,,,
1.0,0.7299999594688416,0.664750922216128,0.23879764073037532,half_torus,T+F+K,6042,learned_latent,0.8198448565169149,0.08744529634714127,,
2.0,0.5049999952316284,,,half_torus,T+F+K,6042,learned_latent,0.8221584558932814,0.07824087888002396,,
3.0,0.32999998331069946,,,half_torus,T+F+K,6042,learned_latent,0.8026516821218996,0.08585770428180695,,
4.0,0.20499999821186066,,,half_torus,T+F+K,6042,learned_latent,0.729715133927112,0.08959262073040009,,
5.0,0.13499999046325684,,,half_torus,T+F+K,6042,learned_latent,0.6415066669576104,0.06146334111690521,,
0.1,0.8949999809265137,2.8849108818523046,1.747186049904121,half_torus,T+F+K,6042,end_to_end,,,82.17218017578125,606.0413818359375
0.2,0.7549999952316284,3.221871079198572,1.5422928619081757,half_torus,T+F+K,6042,end_to_end,,,77.62161254882812,655.262939453125
0.5,0.4050000011920929,3.750318362389082,1.4369453428467163,half_torus,T+F+K,6042,end_to_end,,,45.91571044921875,661.9323120117188
1.0,0.14000000059604645,4.408797127859933,1.5837666671931456,half_torus,T+F+K,6042,end_to_end,2.648004387386168,0.35189634561538696,228.22860717773438,1392.000732421875
2.0,0.004999999888241291,,,half_torus,T+F+K,6042,end_to_end,2.003119926226034,0.367634117603302,,
3.0,0.0,,,half_torus,T+F+K,6042,end_to_end,,,,
4.0,0.0,,,half_torus,T+F+K,6042,end_to_end,,,,
5.0,0.0,,,half_torus,T+F+K,6042,end_to_end,,,,
0.1,1.0,0.5313785934448242,0.32128190951007035,half_torus,baseline,7042,learned_latent,,,,
0.2,1.0,0.6103606796264649,0.28585946052878747,half_torus,baseline,7042,learned_latent,,,,
0.5,0.9300000071525574,0.7184940461189516,0.2753318111911468,half_torus,baseline,7042,learned_latent,,,,
1.0,0.7799999713897705,0.7747342525384365,0.2765132121907602,half_torus,baseline,7042,learned_latent,0.9282128533128038,0.1361670196056366,,
2.0,0.5349999666213989,,,half_torus,baseline,7042,learned_latent,1.0286019454024071,0.15467961132526398,,
3.0,0.32999998331069946,,,half_torus,baseline,7042,learned_latent,0.9323707977727641,0.14353060722351074,,
4.0,0.22499999403953552,,,half_torus,baseline,7042,learned_latent,1.0714073750251079,0.2204647958278656,,
5.0,0.14000000059604645,,,half_torus,baseline,7042,learned_latent,0.7661851607648358,0.09284985810518265,,
0.1,0.7699999809265137,2.7974175787591316,1.6913734811451233,half_torus,baseline,7042,end_to_end,,,41.27560043334961,683.8059692382812
0.2,0.5899999737739563,3.2795234292240467,1.5359488734484599,half_torus,baseline,7042,end_to_end,,,22.54341697692871,554.4383544921875
0.5,0.2750000059604645,3.155619395862926,1.209254841269776,half_torus,baseline,7042,end_to_end,,,33.2234992980957,482.2684326171875
1.0,0.054999999701976776,3.9592500166459517,1.413110284438828,half_torus,baseline,7042,end_to_end,2.06983697773288,0.29545584321022034,319.15032958984375,3223.7568359375
2.0,0.004999999888241291,,,half_torus,baseline,7042,end_to_end,,,,
3.0,0.0,,,half_torus,baseline,7042,end_to_end,,,,
4.0,0.0,,,half_torus,baseline,7042,end_to_end,,,,
5.0,0.0,,,half_torus,baseline,7042,end_to_end,,,,
0.1,1.0,0.44875450134277345,0.27132576447608875,half_torus,T+F,7042,learned_latent,,,,
0.2,1.0,0.5414371871948243,0.25357947752541565,half_torus,T+F,7042,learned_latent,,,,
0.5,0.9300000071525574,0.6228096254410282,0.23866488960657087,half_torus,T+F,7042,learned_latent,,,,
1.0,0.7799999713897705,0.6788951678153796,0.2423069368345791,half_torus,T+F,7042,learned_latent,0.880291679451872,0.15090537071228027,,
2.0,0.5349999666213989,,,half_torus,T+F,7042,learned_latent,1.0180964359958662,0.17600524425506592,,
3.0,0.32999998331069946,,,half_torus,T+F,7042,learned_latent,0.9166905361278244,0.14865899085998535,,
4.0,0.22499999403953552,,,half_torus,T+F,7042,learned_latent,1.030199398134451,0.2353852540254593,,
5.0,0.14000000059604645,,,half_torus,T+F,7042,learned_latent,0.6930848835160445,0.11672118306159973,,
0.1,0.8650000095367432,2.813701651688945,1.701219150711101,half_torus,T+F,7042,end_to_end,,,110.96210479736328,1737.3873291015625
0.2,0.6399999856948853,3.3170175552368164,1.5535090653034922,half_torus,T+F,7042,end_to_end,,,100.08189392089844,1457.1815185546875
0.5,0.2149999886751175,3.073776599972747,1.1778921245609728,half_torus,T+F,7042,end_to_end,,,27.179370880126953,218.11769104003906
1.0,0.054999999701976776,3.7905221418900923,1.3528890066497086,half_torus,T+F,7042,end_to_end,2.5059392365039552,0.3480730354785919,154.34149169921875,3472.37744140625
2.0,0.0,,,half_torus,T+F,7042,end_to_end,,,,
3.0,0.0,,,half_torus,T+F,7042,end_to_end,,,,
4.0,0.0,,,half_torus,T+F,7042,end_to_end,,,,
5.0,0.0,,,half_torus,T+F,7042,end_to_end,,,,
0.1,1.0,0.43235485076904295,0.2614102144019529,half_torus,T+F+K,7042,learned_latent,,,,
0.2,1.0,0.48912109375,0.22907748919572268,half_torus,T+F+K,7042,learned_latent,,,,
0.5,0.9300000071525574,0.5925878299179898,0.22708369176122495,half_torus,T+F+K,7042,learned_latent,,,,
1.0,0.7799999713897705,0.6109524262257111,0.21805724649179423,half_torus,T+F+K,7042,learned_latent,0.7988518785569754,0.111848384141922,,
2.0,0.5349999666213989,,,half_torus,T+F+K,7042,learned_latent,0.9236469481949562,0.13680896162986755,,
3.0,0.32999998331069946,,,half_torus,T+F+K,7042,learned_latent,0.7975067302415884,0.11768287420272827,,
4.0,0.22499999403953552,,,half_torus,T+F+K,7042,learned_latent,0.9706748789432909,0.21365107595920563,,
5.0,0.14000000059604645,,,half_torus,T+F+K,7042,learned_latent,0.6681799048947312,0.08312979340553284,,
0.1,0.85999995470047,2.8045065236646076,1.6956595961368435,half_torus,T+F+K,7042,end_to_end,,,49.675846099853516,503.5711669921875
0.2,0.6899999976158142,3.2619500643965127,1.5277184733637938,half_torus,T+F+K,7042,end_to_end,,,65.96267700195312,795.4759521484375
0.5,0.28999999165534973,3.4600424930967133,1.325911845155262,half_torus,T+F+K,7042,end_to_end,,,31.84119415283203,491.0326232910156
1.0,0.08999999612569809,3.7983250088161893,1.3556739561868727,half_torus,T+F+K,7042,end_to_end,1.9962060315863517,0.2781747579574585,66.94366455078125,827.182861328125
2.0,0.004999999888241291,,,half_torus,T+F+K,7042,end_to_end,,,,
3.0,0.0,,,half_torus,T+F+K,7042,end_to_end,,,,
4.0,0.0,,,half_torus,T+F+K,7042,end_to_end,,,,
5.0,0.0,,,half_torus,T+F+K,7042,end_to_end,,,,
0.1,0.9950000047683716,0.47527765628680513,0.30022495813189304,half_torus,baseline,8042,learned_latent,,,,
0.2,0.9950000047683716,0.5662165502807004,0.27093619028102184,half_torus,baseline,8042,learned_latent,,,,
0.5,0.9199999570846558,0.5866562387217646,0.2339393493553628,half_torus,baseline,8042,learned_latent,,,,
1.0,0.7249999642372131,0.610998903471848,0.21810377424159488,half_torus,baseline,8042,learned_latent,0.7908773704975579,0.09259723126888275,,
2.0,0.4449999928474426,,,half_torus,baseline,8042,learned_latent,0.9534512697603481,0.127666637301445,,
3.0,0.3199999928474426,,,half_torus,baseline,8042,learned_latent,0.7839771629176631,0.10371580719947815,,
4.0,0.20499999821186066,,,half_torus,baseline,8042,learned_latent,0.7818875869850748,0.08855071663856506,,
5.0,0.14999999105930328,,,half_torus,baseline,8042,learned_latent,0.8690100822566212,0.10567595809698105,,
0.1,0.8449999690055847,2.9210797371948964,1.8451972866783515,half_torus,baseline,8042,end_to_end,,,63.48746109008789,912.4111328125
0.2,0.6399999856948853,3.122650146484375,1.4941967589070468,half_torus,baseline,8042,end_to_end,,,35.48478698730469,488.19683837890625
0.5,0.29499998688697815,3.439902354094942,1.3717207206665585,half_torus,baseline,8042,end_to_end,,,20.33431053161621,503.13189697265625
1.0,0.07499999552965164,3.116260782877604,1.112388638350459,half_torus,baseline,8042,end_to_end,1.5043263638093385,0.1609744131565094,4.447344779968262,164.19015502929688
2.0,0.009999999776482582,,,half_torus,baseline,8042,end_to_end,2.875235968453569,0.42805933952331543,,
3.0,0.0,,,half_torus,baseline,8042,end_to_end,,,,
4.0,0.0,,,half_torus,baseline,8042,end_to_end,,,,
5.0,0.0,,,half_torus,baseline,8042,end_to_end,,,,
0.1,0.9950000047683716,0.4037009387759108,0.25501114104271133,half_torus,T+F,8042,learned_latent,,,,
0.2,0.9950000047683716,0.4780241233020572,0.22873586928124684,half_torus,T+F,8042,learned_latent,,,,
0.5,0.9199999570846558,0.5285629604173743,0.21077364714096156,half_torus,T+F,8042,learned_latent,,,,
1.0,0.7249999642372131,0.5614095753636853,0.20040223736315196,half_torus,T+F,8042,learned_latent,0.7605500852761894,0.1042860597372055,,
2.0,0.4449999928474426,,,half_torus,T+F,8042,learned_latent,0.9098540041221698,0.13478641211986542,,
3.0,0.3199999928474426,,,half_torus,T+F,8042,learned_latent,0.7921333563470558,0.10998528450727463,,
4.0,0.20499999821186066,,,half_torus,T+F,8042,learned_latent,0.6602210895122675,0.08716470003128052,,
5.0,0.14999999105930328,,,half_torus,T+F,8042,learned_latent,0.9023336765007755,0.12924104928970337,,
0.1,0.7549999952316284,2.7556320089378104,1.7406867197876867,half_torus,T+F,8042,end_to_end,,,153.0382080078125,805.9788208007812
0.2,0.47999998927116394,3.09122371673584,1.4791591250795275,half_torus,T+F,8042,end_to_end,,,125.83602905273438,511.6229553222656
0.5,0.17000000178813934,3.075318280388327,1.2263364984275036,half_torus,T+F,8042,end_to_end,,,34.47062301635742,134.56072998046875
1.0,0.03500000014901161,2.617244175502232,0.9342583588043529,half_torus,T+F,8042,end_to_end,1.8815876862420489,0.33469730615615845,85.28898620605469,209.5960235595703
2.0,0.0,,,half_torus,T+F,8042,end_to_end,,,,
3.0,0.0,,,half_torus,T+F,8042,end_to_end,,,,
4.0,0.0,,,half_torus,T+F,8042,end_to_end,,,,
5.0,0.0,,,half_torus,T+F,8042,end_to_end,,,,
0.1,0.9950000047683716,0.43183718734051113,0.2727843393733272,half_torus,T+F+K,8042,learned_latent,,,,
0.2,0.9950000047683716,0.5099583151352466,0.2440164686750625,half_torus,T+F+K,8042,learned_latent,,,,
0.5,0.9199999570846558,0.5324852155602496,0.21233771440142268,half_torus,T+F+K,8042,learned_latent,,,,
1.0,0.7249999642372131,0.5415668356007544,0.19331912083217703,half_torus,T+F+K,8042,learned_latent,0.7452910066714187,0.09315300732851028,,
2.0,0.4449999928474426,,,half_torus,T+F+K,8042,learned_latent,0.9814748828354154,0.14688584208488464,,
3.0,0.3199999928474426,,,half_torus,T+F+K,8042,learned_latent,0.7746108660104073,0.11601227521896362,,
4.0,0.20499999821186066,,,half_torus,T+F+K,8042,learned_latent,0.6620188831760241,0.09223218262195587,,
5.0,0.14999999105930328,,,half_torus,T+F+K,8042,learned_latent,0.915702307500345,0.13992133736610413,,
0.1,0.8149999976158142,2.7226086950009587,1.7198264438775464,half_torus,T+F+K,8042,end_to_end,,,64.25555419921875,557.138427734375
0.2,0.6399999856948853,2.846942186355591,1.362269735031795,half_torus,T+F+K,8042,end_to_end,,,41.85102462768555,456.1381530761719
0.5,0.2849999964237213,3.2915871603447093,1.312577464982373,half_torus,T+F+K,8042,end_to_end,,,23.77033805847168,364.5019836425781
1.0,0.054999999701976776,2.8947323885830967,1.0333112805634521,half_torus,T+F+K,8042,end_to_end,1.5194517283606492,0.21228951215744019,2.4868292808532715,263.3521423339844
2.0,0.0,,,half_torus,T+F+K,8042,end_to_end,,,,
3.0,0.0,,,half_torus,T+F+K,8042,end_to_end,,,,
4.0,0.0,,,half_torus,T+F+K,8042,end_to_end,,,,
5.0,0.0,,,half_torus,T+F+K,8042,end_to_end,,,,
0.1,1.0,0.5241102600097656,0.30135391148865964,half_torus,baseline,9042,learned_latent,,,,
0.2,0.9749999642372131,0.5889095208583734,0.28698214152537843,half_torus,baseline,9042,learned_latent,,,,
0.5,0.8799999952316284,0.6501041325655851,0.23132526414287763,half_torus,baseline,9042,learned_latent,,,,
1.0,0.7400000095367432,0.6632705379176784,0.2534731159687538,half_torus,baseline,9042,learned_latent,0.8368564795110641,0.1037721186876297,,
2.0,0.45499998331069946,,,half_torus,baseline,9042,learned_latent,0.825075383732591,0.09783674776554108,,
3.0,0.3449999988079071,,,half_torus,baseline,9042,learned_latent,0.8768258286674392,0.10960092395544052,,
4.0,0.22499999403953552,,,half_torus,baseline,9042,learned_latent,0.8763079434747291,0.11982107162475586,,
5.0,0.13499999046325684,,,half_torus,baseline,9042,learned_latent,0.8369467331724555,0.09568195044994354,,
0.1,0.8499999642372131,2.84566847857307,1.636207859777443,half_torus,baseline,9042,end_to_end,,,64.11607360839844,1115.712890625
0.2,0.6599999666213989,3.003878506747159,1.4638233144742654,half_torus,baseline,9042,end_to_end,,,43.61052703857422,1507.25732421875
0.5,0.3100000023841858,3.497767294606855,1.2446035993374058,half_torus,baseline,9042,end_to_end,,,48.6985969543457,2426.913818359375
1.0,0.08999999612569809,3.827480740017361,1.4626964624848207,half_torus,baseline,9042,end_to_end,2.060113868528207,0.3250119686126709,49.258113861083984,1005.1348266601562
2.0,0.009999999776482582,,,half_torus,baseline,9042,end_to_end,3.61034840799868,0.6135541796684265,,
3.0,0.0,,,half_torus,baseline,9042,end_to_end,,,,
4.0,0.0,,,half_torus,baseline,9042,end_to_end,,,,
5.0,0.0,,,half_torus,baseline,9042,end_to_end,,,,
0.1,1.0,0.5107366180419922,0.29366430946147876,half_torus,T+F,9042,learned_latent,,,,
0.2,0.9749999642372131,0.5792450733673878,0.2822725490678138,half_torus,T+F,9042,learned_latent,,,,
0.5,0.8799999952316284,0.6199826327237216,0.22060719059395156,half_torus,T+F,9042,learned_latent,,,,
1.0,0.7400000095367432,0.5987662238043707,0.228822376101643,half_torus,T+F,9042,learned_latent,0.7459991417225597,0.0901702269911766,,
2.0,0.45499998331069946,,,half_torus,T+F,9042,learned_latent,0.7982782310823963,0.0945199504494667,,
3.0,0.3449999988079071,,,half_torus,T+F,9042,learned_latent,0.8569665232209327,0.10497932881116867,,
4.0,0.22499999403953552,,,half_torus,T+F,9042,learned_latent,0.8097179156087642,0.10140450298786163,,
5.0,0.13499999046325684,,,half_torus,T+F,9042,learned_latent,0.7608565650467318,0.10602113604545593,,
0.1,0.8399999737739563,2.8390590122767856,1.6324075363088648,half_torus,T+F,9042,end_to_end,,,66.29393768310547,572.1836547851562
0.2,0.6599999666213989,3.028898990515507,1.4760160737344237,half_torus,T+F,9042,end_to_end,,,100.3108139038086,1096.852783203125
0.5,0.2849999964237213,3.06730598315858,1.091433404616307,half_torus,T+F,9042,end_to_end,,,80.84752655029297,323.77703857421875
1.0,0.11499999463558197,3.2041844907014267,1.224499778848383,half_torus,T+F,9042,end_to_end,1.6908433018963323,0.20677341520786285,69.9725570678711,635.490234375
2.0,0.014999999664723873,,,half_torus,T+F,9042,end_to_end,1.7553872712086231,0.19092951714992523,,
3.0,0.0,,,half_torus,T+F,9042,end_to_end,,,,
4.0,0.0,,,half_torus,T+F,9042,end_to_end,,,,
5.0,0.0,,,half_torus,T+F,9042,end_to_end,,,,
0.1,1.0,0.38276210784912107,0.22008128283508058,half_torus,T+F+K,9042,learned_latent,,,,
0.2,0.9749999642372131,0.46219834547776445,0.22523438031934065,half_torus,T+F+K,9042,learned_latent,,,,
0.5,0.8799999952316284,0.4886278672651811,0.17386748491601975,half_torus,T+F+K,9042,learned_latent,,,,
1.0,0.7400000095367432,0.5075967118546769,0.193981358818123,half_torus,T+F+K,9042,learned_latent,0.6761557976291458,0.07964374870061874,,
2.0,0.45499998331069946,,,half_torus,T+F+K,9042,learned_latent,0.7296425327077203,0.07951191812753677,,
3.0,0.3449999988079071,,,half_torus,T+F+K,9042,learned_latent,0.7224816786477195,0.07815093547105789,,
4.0,0.22499999403953552,,,half_torus,T+F+K,9042,learned_latent,0.7921190174137652,0.10896769911050797,,
5.0,0.13499999046325684,,,half_torus,T+F+K,9042,learned_latent,0.7113248013091276,0.09505444765090942,,
0.1,0.85999995470047,2.9931913863780886,1.7210308611443594,half_torus,T+F+K,9042,end_to_end,,,31.514833450317383,600.8994750976562
0.2,0.6649999618530273,3.0583151910538064,1.4903509145325764,half_torus,T+F+K,9042,end_to_end,,,26.36414337158203,364.8597717285156
0.5,0.2849999964237213,3.4534119723135963,1.2288207329754612,half_torus,T+F+K,9042,end_to_end,,,28.845726013183594,470.7127990722656
1.0,0.07000000029802322,3.043717520577567,1.1631762907660463,half_torus,T+F+K,9042,end_to_end,1.6281860173176799,0.20455022156238556,2.0189526081085205,264.1174011230469
2.0,0.004999999888241291,,,half_torus,T+F+K,9042,end_to_end,,,,
3.0,0.0,,,half_torus,T+F+K,9042,end_to_end,,,,
4.0,0.0,,,half_torus,T+F+K,9042,end_to_end,,,,
5.0,0.0,,,half_torus,T+F+K,9042,end_to_end,,,,
