surface,config,seed,distance,reconstruction,tangent,cov_tangent,drift_tangent,normal_drift_learned,normal_drift_true
paraboloid,baseline,42,0.0,0.10813265293836594,0.4092976748943329,19.940340042114258,3.2939298152923584,6.489663600921631,2.731569528579712
paraboloid,baseline,42,0.05,0.46224790811538696,0.5435206890106201,82.91344451904297,7.055905818939209,9.916275024414062,2.827711343765259
paraboloid,baseline,42,0.1,0.7054784297943115,0.5697221159934998,106.02099609375,8.323264122009277,11.363661766052246,2.909496784210205
paraboloid,baseline,42,0.15,0.8595656752586365,0.5563880205154419,112.75969696044922,8.496726036071777,11.270586013793945,3.1323397159576416
paraboloid,baseline,42,0.2,1.0277470350265503,0.5454767346382141,148.18382263183594,8.960678100585938,11.877058029174805,3.1145143508911133
paraboloid,baseline,42,0.25,1.3850326538085938,0.5684248208999634,199.39590454101562,11.405011177062988,15.164571762084961,3.0951268672943115
paraboloid,baseline,42,0.3,1.5231115818023682,0.5531727075576782,217.265869140625,10.594343185424805,13.248711585998535,3.2285234928131104
paraboloid,T,42,0.0,0.059147272258996964,0.008163086138665676,0.1445569097995758,0.06990303099155426,3.0007998943328857,2.731569528579712
paraboloid,T,42,0.05,0.3229268491268158,0.02659258432686329,1.5188870429992676,0.38051480054855347,4.228341102600098,2.827711343765259
paraboloid,T,42,0.1,0.5441107749938965,0.03725999593734741,3.5358407497406006,0.6583815813064575,5.041875839233398,2.909496784210205
paraboloid,T,42,0.15,0.7069693803787231,0.04066263139247894,6.914892196655273,0.7195855379104614,5.523541450500488,3.1323397159576416
paraboloid,T,42,0.2,0.8241410255432129,0.046584900468587875,11.500811576843262,0.8936350345611572,5.796020030975342,3.1145143508911133
paraboloid,T,42,0.25,1.1961135864257812,0.05443989858031273,17.46305274963379,1.5147119760513306,6.990123271942139,3.0951268672943115
paraboloid,T,42,0.3,1.2887917757034302,0.06252504885196686,27.76632308959961,1.4764498472213745,6.979523658752441,3.2285234928131104
paraboloid,F,42,0.0,0.20474906265735626,0.6586007475852966,56.75115203857422,6.337109088897705,8.199660301208496,2.731569528579712
paraboloid,F,42,0.05,0.6663351655006409,0.8004084229469299,298.0375671386719,14.004603385925293,16.141029357910156,2.827711343765259
paraboloid,F,42,0.1,1.0083426237106323,0.818776547908783,426.055908203125,16.677793502807617,18.749399185180664,2.909496784210205
paraboloid,F,42,0.15,1.2521257400512695,0.8040171265602112,698.89404296875,18.695096969604492,21.570945739746094,3.1323397159576416
paraboloid,F,42,0.2,1.4200444221496582,0.8043676614761353,768.7868041992188,19.438589096069336,22.281822204589844,3.1145143508911133
paraboloid,F,42,0.25,1.8428856134414673,0.8264480829238892,791.3466186523438,22.676387786865234,24.723526000976562,3.0951268672943115
paraboloid,F,42,0.3,1.9987977743148804,0.7994482517242432,1207.8792724609375,23.065876007080078,26.333036422729492,3.2285234928131104
paraboloid,K,42,0.0,0.14738333225250244,0.17686930298805237,3.1755967140197754,1.8620717525482178,4.9707746505737305,2.731569528579712
paraboloid,K,42,0.05,0.5454950928688049,0.2527255415916443,14.26817512512207,4.348372936248779,7.188229084014893,2.827711343765259
paraboloid,K,42,0.1,0.7922991514205933,0.27178433537483215,22.204574584960938,5.420669078826904,8.049335479736328,2.909496784210205
paraboloid,K,42,0.15,0.9590601921081543,0.24914899468421936,43.79878234863281,5.697441577911377,8.904864311218262,3.1323397159576416
paraboloid,K,42,0.2,1.02768874168396,0.253629595041275,47.929847717285156,5.177912712097168,8.247782707214355,3.1145143508911133
paraboloid,K,42,0.25,1.4259165525436401,0.30416160821914673,49.80344009399414,6.56876277923584,8.778799057006836,3.0951268672943115
paraboloid,K,42,0.3,1.4266835451126099,0.25403261184692383,86.36363220214844,6.293021202087402,9.19001293182373,3.2285234928131104
paraboloid,T+K,42,0.0,0.05738594010472298,0.007920021191239357,0.1424798220396042,0.06578847020864487,2.996553897857666,2.731569528579712
paraboloid,T+K,42,0.05,0.32101020216941833,0.02486427128314972,1.4581053256988525,0.3639867603778839,4.175675392150879,2.827711343765259
paraboloid,T+K,42,0.1,0.5469306111335754,0.035283029079437256,3.4261598587036133,0.6406466364860535,4.986880302429199,2.909496784210205
paraboloid,T+K,42,0.15,0.7154912352561951,0.03855637460947037,6.594811916351318,0.7028073668479919,5.466443061828613,3.1323397159576416
paraboloid,T+K,42,0.2,0.8378850221633911,0.04457429051399231,11.166023254394531,0.8836517333984375,5.744221210479736,3.1145143508911133
paraboloid,T+K,42,0.25,1.2126322984695435,0.05293389409780502,17.409170150756836,1.53325617313385,6.9728779792785645,3.0951268672943115
paraboloid,T+K,42,0.3,1.3169047832489014,0.06063420698046684,27.579315185546875,1.485464334487915,6.933831691741943,3.2285234928131104
paraboloid,T+F,42,0.0,0.05971020832657814,0.01788189820945263,0.9851387143135071,0.21975626051425934,3.256518840789795,2.731569528579712
paraboloid,T+F,42,0.05,0.3149859309196472,0.04346347600221634,10.259394645690918,0.942495584487915,5.338650226593018,2.827711343765259
paraboloid,T+F,42,0.1,0.5564870834350586,0.0607905350625515,20.57513999938965,1.666083812713623,6.561094760894775,2.909496784210205
paraboloid,T+F,42,0.15,0.5983001589775085,0.06674570590257645,29.764310836791992,1.538341999053955,6.693197727203369,3.1323397159576416
paraboloid,T+F,42,0.2,0.6913321614265442,0.07575681805610657,40.53474807739258,2.294537305831909,7.432960033416748,3.1145143508911133
paraboloid,T+F,42,0.25,1.0762617588043213,0.11306237429380417,61.39230728149414,4.4965009689331055,9.24698257446289,3.0951268672943115
paraboloid,T+F,42,0.3,1.0748095512390137,0.10548514127731323,75.2041244506836,3.6167538166046143,8.615470886230469,3.2285234928131104
paraboloid,T+F+K,42,0.0,0.05599697306752205,0.015253608115017414,0.43197324872016907,0.21057578921318054,3.2426862716674805,2.731569528579712
paraboloid,T+F+K,42,0.05,0.2890768349170685,0.0370071716606617,3.8215482234954834,0.9075796008110046,4.940228462219238,2.827711343765259
paraboloid,T+F+K,42,0.1,0.5126994252204895,0.05094273015856743,8.220110893249512,1.6224461793899536,6.077785968780518,2.909496784210205
paraboloid,T+F+K,42,0.15,0.57134610414505,0.05493379011750221,8.405275344848633,1.5232938528060913,6.067387104034424,3.1323397159576416
paraboloid,T+F+K,42,0.2,0.6528097987174988,0.06404900550842285,13.200249671936035,2.190589666366577,6.677143573760986,3.1145143508911133
paraboloid,T+F+K,42,0.25,1.0214730501174927,0.10256599634885788,28.155357360839844,4.992411136627197,9.229582786560059,3.0951268672943115
paraboloid,T+F+K,42,0.3,1.0344982147216797,0.09217260032892227,26.016111373901367,3.9113986492156982,8.136330604553223,3.2285234928131104
paraboloid,baseline,1042,0.0,0.10882425308227539,0.3352850377559662,42.477867126464844,2.4593312740325928,5.557640075683594,2.7577669620513916
paraboloid,baseline,1042,0.05,0.43018439412117004,0.40567538142204285,182.73109436035156,4.757654190063477,9.119492530822754,2.8708810806274414
paraboloid,baseline,1042,0.1,0.6934203505516052,0.45754626393318176,259.8283386230469,5.849881172180176,9.998600959777832,2.9199438095092773
paraboloid,baseline,1042,0.15,0.8620653748512268,0.42689257860183716,308.4600524902344,5.91685676574707,10.497455596923828,2.941523790359497
paraboloid,baseline,1042,0.2,1.3113155364990234,0.4454835057258606,614.0626831054688,7.870141506195068,13.5209379196167,3.195998191833496
paraboloid,baseline,1042,0.25,1.8822541236877441,0.477544367313385,679.3702392578125,8.967164039611816,14.791241645812988,3.5180866718292236
paraboloid,baseline,1042,0.3,2.466334104537964,0.4849766492843628,1148.1131591796875,10.916020393371582,17.45537757873535,3.401822328567505
paraboloid,T,1042,0.0,0.05028659850358963,0.011625578626990318,0.705950915813446,0.07143493741750717,2.8123457431793213,2.7577669620513916
paraboloid,T,1042,0.05,0.2160944938659668,0.03174862265586853,6.000231742858887,0.26456567645072937,3.611436605453491,2.8708810806274414
paraboloid,T,1042,0.1,0.4284796118736267,0.055290140211582184,14.611126899719238,0.5437570214271545,4.095132350921631,2.9199438095092773
paraboloid,T,1042,0.15,0.6186063885688782,0.07320509105920792,23.871074676513672,0.7327080368995667,4.405124664306641,2.941523790359497
paraboloid,T,1042,0.2,1.0989840030670166,0.11807592213153839,59.3245849609375,1.5190706253051758,5.890239715576172,3.195998191833496
paraboloid,T,1042,0.25,1.8040488958358765,0.17408739030361176,98.28608703613281,2.1706254482269287,6.726132869720459,3.5180866718292236
paraboloid,T,1042,0.3,2.2481648921966553,0.1955367773771286,169.9126739501953,3.0488550662994385,7.710519790649414,3.401822328567505
paraboloid,F,1042,0.0,0.1924872100353241,0.6647394895553589,74.02291107177734,6.587733745574951,8.288578987121582,2.7577669620513916
paraboloid,F,1042,0.05,0.665696918964386,0.7983039021492004,306.8023376464844,14.520461082458496,16.392602920532227,2.8708810806274414
paraboloid,F,1042,0.1,0.8961607217788696,0.7977707386016846,417.7922668457031,15.514310836791992,17.4810733795166,2.9199438095092773
paraboloid,F,1042,0.15,1.0735785961151123,0.7840051651000977,492.97064208984375,16.94244956970215,19.214265823364258,2.941523790359497
paraboloid,F,1042,0.2,1.5103564262390137,0.8135196566581726,934.69091796875,21.524938583374023,23.702871322631836,3.195998191833496
paraboloid,F,1042,0.25,1.980987787246704,0.8188026547431946,989.5808715820312,24.617027282714844,27.2263240814209,3.5180866718292236
paraboloid,F,1042,0.3,2.5592634677886963,0.8538295030593872,1591.6341552734375,27.39937400817871,29.277896881103516,3.401822328567505
paraboloid,K,1042,0.0,0.338033527135849,0.6873908042907715,23.74343490600586,3.0345616340637207,0.30349308252334595,2.7577669620513916
paraboloid,K,1042,0.05,0.766761064529419,0.5943162441253662,79.78742980957031,3.560426712036133,0.46605923771858215,2.8708810806274414
paraboloid,K,1042,0.1,0.8635028600692749,0.5935381054878235,80.123046875,3.3589534759521484,0.4467931389808655,2.9199438095092773
paraboloid,K,1042,0.15,1.0113521814346313,0.5924447178840637,89.93537902832031,3.4186270236968994,0.5083500146865845,2.941523790359497
paraboloid,K,1042,0.2,1.2763763666152954,0.5741797685623169,148.24563598632812,3.9275691509246826,0.4780491888523102,3.195998191833496
paraboloid,K,1042,0.25,1.6471261978149414,0.5333861708641052,144.62208557128906,4.006767272949219,0.4775536060333252,3.5180866718292236
paraboloid,K,1042,0.3,1.8832802772521973,0.57427579164505,190.68113708496094,4.028138160705566,0.47875669598579407,3.401822328567505
paraboloid,T+K,1042,0.0,0.049598343670368195,0.011509844101965427,1.1913104057312012,0.07474419474601746,2.9324071407318115,2.7577669620513916
paraboloid,T+K,1042,0.05,0.3198804259300232,0.039278071373701096,8.896341323852539,0.3226366937160492,3.856212615966797,2.8708810806274414
paraboloid,T+K,1042,0.1,0.5676791667938232,0.06414764374494553,17.86599349975586,0.5883913040161133,4.262940406799316,2.9199438095092773
paraboloid,T+K,1042,0.15,0.7848109602928162,0.08196846395730972,27.523860931396484,0.7749435305595398,4.523346424102783,2.941523790359497
paraboloid,T+K,1042,0.2,1.3367778062820435,0.13149519264698029,65.52902221679688,1.5744127035140991,6.002091407775879,3.195998191833496
paraboloid,T+K,1042,0.25,2.0767271518707275,0.1918858289718628,107.42239379882812,2.233711004257202,6.7422051429748535,3.5180866718292236
paraboloid,T+K,1042,0.3,2.5976407527923584,0.22008800506591797,182.90350341796875,3.1356327533721924,7.7607927322387695,3.401822328567505
paraboloid,T+F,1042,0.0,0.020257875323295593,0.011017891578376293,0.911760151386261,0.07081979513168335,3.1035373210906982,2.7577669620513916
paraboloid,T+F,1042,0.05,0.0726904347538948,0.017756717279553413,5.580445289611816,0.18599443137645721,4.036709785461426,2.8708810806274414
paraboloid,T+F,1042,0.1,0.13781072199344635,0.025969523936510086,9.220882415771484,0.30492714047431946,4.546926021575928,2.9199438095092773
paraboloid,T+F,1042,0.15,0.22051385045051575,0.029995031654834747,13.079303741455078,0.36158791184425354,4.719370365142822,2.941523790359497
paraboloid,T+F,1042,0.2,0.3736840784549713,0.038794200867414474,24.944091796875,0.5215678215026855,5.523425102233887,3.195998191833496
paraboloid,T+F,1042,0.25,0.6130213141441345,0.04152803122997284,33.49604797363281,0.722354531288147,6.532583713531494,3.5180866718292236
paraboloid,T+F,1042,0.3,0.8492304682731628,0.05578422546386719,53.37141036987305,0.9486498832702637,6.815041542053223,3.401822328567505
paraboloid,T+F+K,1042,0.0,0.013399487361311913,0.00326110259629786,0.46224087476730347,0.018930859863758087,2.9778757095336914,2.7577669620513916
paraboloid,T+F+K,1042,0.05,0.08731888979673386,0.0064161187037825584,3.077962875366211,0.06658905744552612,3.5231587886810303,2.8708810806274414
paraboloid,T+F+K,1042,0.1,0.15236112475395203,0.009596435353159904,4.620012283325195,0.11588913202285767,3.8281092643737793,2.9199438095092773
paraboloid,T+F+K,1042,0.15,0.22927677631378174,0.01443743146955967,6.322702884674072,0.15661141276359558,3.953155279159546,2.941523790359497
paraboloid,T+F+K,1042,0.2,0.40907296538352966,0.02299688570201397,12.74664306640625,0.32032331824302673,4.771231651306152,3.195998191833496
paraboloid,T+F+K,1042,0.25,0.6462206840515137,0.024785440415143967,16.88458824157715,0.43322470784187317,5.557484149932861,3.5180866718292236
paraboloid,T+F+K,1042,0.3,0.8997540473937988,0.044849954545497894,26.080429077148438,0.7136521935462952,5.819394588470459,3.401822328567505
paraboloid,baseline,2042,0.0,0.04742072522640228,0.07353418320417404,17.257871627807617,0.5926476120948792,4.03904390335083,2.7902584075927734
paraboloid,baseline,2042,0.05,0.29633837938308716,0.11448808014392853,122.96243286132812,2.055921792984009,7.981410026550293,3.0625927448272705
paraboloid,baseline,2042,0.1,0.5186470150947571,0.13473664224147797,114.09129333496094,2.1476593017578125,8.262385368347168,3.007453680038452
paraboloid,baseline,2042,0.15,0.7718797922134399,0.17539115250110626,145.38375854492188,2.1337194442749023,7.973258972167969,2.976353645324707
paraboloid,baseline,2042,0.2,1.014172077178955,0.17909139394760132,156.76661682128906,2.4029600620269775,8.900959968566895,3.1231110095977783
paraboloid,baseline,2042,0.25,1.3228358030319214,0.1757943034172058,137.70103454589844,2.3069097995758057,8.924078941345215,3.2115938663482666
paraboloid,baseline,2042,0.3,1.8585172891616821,0.19632039964199066,201.70327758789062,2.7326817512512207,10.017024993896484,3.3883256912231445
paraboloid,T,2042,0.0,0.03138532489538193,0.0035326979123055935,0.2588485777378082,0.021632712334394455,2.9306540489196777,2.7902584075927734
paraboloid,T,2042,0.05,0.21259529888629913,0.010323277674615383,4.076629161834717,0.09926633536815643,3.7686829566955566,3.0625927448272705
paraboloid,T,2042,0.1,0.37042030692100525,0.018695658072829247,5.650272369384766,0.1866917610168457,4.047168731689453,3.007453680038452
paraboloid,T,2042,0.15,0.5681527853012085,0.02587176114320755,14.849387168884277,0.22733385860919952,4.085209846496582,2.976353645324707
paraboloid,T,2042,0.2,0.8370445370674133,0.03484724089503288,28.496784210205078,0.3757520616054535,4.756809234619141,3.1231110095977783
paraboloid,T,2042,0.25,1.21467924118042,0.05441203713417053,48.84510803222656,0.5993884205818176,5.332571983337402,3.2115938663482666
paraboloid,T,2042,0.3,1.6396183967590332,0.06697224825620651,104.13182830810547,0.7828548550605774,5.899413108825684,3.3883256912231445
paraboloid,F,2042,0.0,0.18307675421237946,0.6053922176361084,71.75212860107422,6.455954551696777,9.555057525634766,2.7902584075927734
paraboloid,F,2042,0.05,0.5848147869110107,0.7319088578224182,333.9082946777344,14.017786979675293,18.448442459106445,3.0625927448272705
paraboloid,F,2042,0.1,0.9331799149513245,0.7688078880310059,341.09722900390625,16.216882705688477,20.016590118408203,3.007453680038452
paraboloid,F,2042,0.15,1.074039340019226,0.7679813504219055,504.4853210449219,16.344860076904297,20.67574691772461,2.976353645324707
paraboloid,F,2042,0.2,1.4088765382766724,0.7646204233169556,628.8811645507812,18.856225967407227,23.453853607177734,3.1231110095977783
paraboloid,F,2042,0.25,1.8545960187911987,0.7876594066619873,741.4241943359375,21.578794479370117,26.060222625732422,3.2115938663482666
paraboloid,F,2042,0.3,2.28564190864563,0.7953888773918152,1075.116943359375,24.780344009399414,29.768592834472656,3.3883256912231445
paraboloid,K,2042,0.0,0.15785683691501617,0.2597389221191406,9.247213363647461,1.2685643434524536,2.718064069747925,2.7902584075927734
paraboloid,K,2042,0.05,0.6234685182571411,0.27216678857803345,40.18022155761719,2.1942172050476074,2.2029716968536377,3.0625927448272705
paraboloid,K,2042,0.1,0.935401976108551,0.3306269943714142,51.57975387573242,2.3139238357543945,2.3377022743225098,3.007453680038452
paraboloid,K,2042,0.15,1.2276962995529175,0.3370366394519806,64.88325500488281,2.090674877166748,2.159532070159912,2.976353645324707
paraboloid,K,2042,0.2,1.3246469497680664,0.298057496547699,63.64323043823242,2.0323357582092285,2.1338484287261963,3.1231110095977783
paraboloid,K,2042,0.25,1.4530972242355347,0.2761213481426239,67.5212173461914,1.788210391998291,1.9369392395019531,3.2115938663482666
paraboloid,K,2042,0.3,1.9795734882354736,0.335387259721756,90.94347381591797,2.420417308807373,2.3516016006469727,3.3883256912231445
paraboloid,T+K,2042,0.0,0.027506902813911438,0.0035107205621898174,0.24062895774841309,0.020568428561091423,2.9115633964538574,2.7902584075927734
paraboloid,T+K,2042,0.05,0.19541195034980774,0.00964808277785778,3.748199939727783,0.09083326160907745,3.707242727279663,3.0625927448272705
paraboloid,T+K,2042,0.1,0.3474923372268677,0.017633013427257538,5.13848352432251,0.17216071486473083,3.988635540008545,3.007453680038452
paraboloid,T+K,2042,0.15,0.5385504961013794,0.024779237806797028,13.878626823425293,0.20990057289600372,4.021040439605713,2.976353645324707
paraboloid,T+K,2042,0.2,0.8041001558303833,0.03366915509104729,26.472705841064453,0.3463995158672333,4.671940803527832,3.1231110095977783
paraboloid,T+K,2042,0.25,1.1808863878250122,0.05253889039158821,45.676109313964844,0.5556157827377319,5.2290873527526855,3.2115938663482666
paraboloid,T+K,2042,0.3,1.595697045326233,0.06506352126598358,99.75173950195312,0.7388548254966736,5.816495895385742,3.3883256912231445
paraboloid,T+F,2042,0.0,0.010232286527752876,0.007910742424428463,0.6582546830177307,0.05705169588327408,3.1300694942474365,2.7902584075927734
paraboloid,T+F,2042,0.05,0.02967771701514721,0.01997949928045273,3.9820756912231445,0.2121751606464386,4.234376430511475,3.0625927448272705
paraboloid,T+F,2042,0.1,0.05697374418377876,0.028678836300969124,8.015331268310547,0.35080644488334656,4.671191215515137,3.007453680038452
paraboloid,T+F,2042,0.15,0.10305891931056976,0.03416617214679718,11.274531364440918,0.4169786870479584,4.761980056762695,2.976353645324707
paraboloid,T+F,2042,0.2,0.15323211252689362,0.03953828290104866,16.950712203979492,0.5609322786331177,5.37519645690918,3.1231110095977783
paraboloid,T+F,2042,0.25,0.2714155912399292,0.05009954422712326,27.737520217895508,0.7963212132453918,6.127033233642578,3.2115938663482666
paraboloid,T+F,2042,0.3,0.4092850983142853,0.059116341173648834,39.044490814208984,0.9807917475700378,6.781452178955078,3.3883256912231445
paraboloid,T+F+K,2042,0.0,0.008898483589291573,0.0027945195324718952,0.11688061058521271,0.02091030962765217,2.9411001205444336,2.7902584075927734
paraboloid,T+F+K,2042,0.05,0.0317717120051384,0.006227125413715839,0.7638142704963684,0.08022395521402359,3.6493892669677734,3.0625927448272705
paraboloid,T+F+K,2042,0.1,0.06826285272836685,0.009441591799259186,1.5775305032730103,0.1516173630952835,3.998709201812744,3.007453680038452
paraboloid,T+F+K,2042,0.15,0.10395203530788422,0.01184777356684208,2.3391356468200684,0.14884409308433533,3.9079418182373047,2.976353645324707
paraboloid,T+F+K,2042,0.2,0.16802431643009186,0.014623740687966347,3.9888432025909424,0.23386798799037933,4.437129974365234,3.1231110095977783
paraboloid,T+F+K,2042,0.25,0.30333438515663147,0.019131029024720192,7.393242359161377,0.3723018765449524,5.102626323699951,3.2115938663482666
paraboloid,T+F+K,2042,0.3,0.44127342104911804,0.023831840604543686,11.932682991027832,0.48210448026657104,5.665748119354248,3.3883256912231445
paraboloid,baseline,3042,0.0,0.09309332817792892,0.04181680455803871,3.172119617462158,0.2577512264251709,3.304694890975952,2.766871929168701
paraboloid,baseline,3042,0.05,0.4595992863178253,0.09674707055091858,23.289966583251953,1.3691627979278564,6.738823890686035,2.999220132827759
paraboloid,baseline,3042,0.1,0.536094605922699,0.11668673157691956,43.16541290283203,1.705174207687378,7.3966803550720215,3.0052154064178467
paraboloid,baseline,3042,0.15,0.7638756036758423,0.13401132822036743,54.17866516113281,2.417231559753418,8.966703414916992,3.207430124282837
paraboloid,baseline,3042,0.2,0.8511524796485901,0.15526065230369568,90.89093017578125,2.617957592010498,9.029572486877441,3.1168391704559326
paraboloid,baseline,3042,0.25,1.155958652496338,0.15643024444580078,120.73374938964844,3.066890239715576,9.930258750915527,3.1411900520324707
paraboloid,baseline,3042,0.3,1.659075379371643,0.1781252771615982,157.3040313720703,4.255484104156494,12.13305950164795,3.4487619400024414
paraboloid,T,3042,0.0,0.022624444216489792,0.006584694143384695,0.2860853970050812,0.04711337387561798,2.8796377182006836,2.766871929168701
paraboloid,T,3042,0.05,0.20824231207370758,0.03682256489992142,3.117058753967285,0.4636082351207733,4.286022186279297,2.999220132827759
paraboloid,T,3042,0.1,0.31891703605651855,0.031700387597084045,7.661044597625732,0.4187619090080261,4.24986457824707,3.0052154064178467
paraboloid,T,3042,0.15,0.4735788404941559,0.050695668905973434,13.283775329589844,0.7547937631607056,5.182918548583984,3.207430124282837
paraboloid,T,3042,0.2,0.8145550489425659,0.06405974924564362,37.298099517822266,0.8465626239776611,5.1110968589782715,3.1168391704559326
paraboloid,T,3042,0.25,1.4133846759796143,0.09965460002422333,79.90132904052734,1.437963843345642,5.802258014678955,3.1411900520324707
paraboloid,T,3042,0.3,1.9213953018188477,0.13091826438903809,136.80067443847656,2.0763580799102783,7.139215469360352,3.4487619400024414
paraboloid,F,3042,0.0,0.17766034603118896,0.604640543460846,78.0723876953125,6.338590621948242,9.091615676879883,2.766871929168701
paraboloid,F,3042,0.05,0.5990422964096069,0.7999846935272217,275.8680114746094,16.563133239746094,19.39433479309082,2.999220132827759
paraboloid,F,3042,0.1,0.7714746594429016,0.8026759624481201,480.623779296875,17.5813045501709,20.696870803833008,3.0052154064178467
paraboloid,F,3042,0.15,0.9824545979499817,0.8249421715736389,519.2848510742188,20.833984375,23.87796401977539,3.207430124282837
paraboloid,F,3042,0.2,1.2934224605560303,0.8199987411499023,837.5286865234375,21.313701629638672,24.631546020507812,3.1168391704559326
paraboloid,F,3042,0.25,1.7039161920547485,0.815515398979187,1069.19873046875,23.2943058013916,26.863752365112305,3.1411900520324707
paraboloid,F,3042,0.3,2.2375621795654297,0.8391254544258118,1405.3673095703125,28.83521270751953,32.495121002197266,3.4487619400024414
paraboloid,K,3042,0.0,0.03494445979595184,0.024928318336606026,0.5368938446044922,0.14319643378257751,3.174783706665039,2.766871929168701
paraboloid,K,3042,0.05,0.252472460269928,0.06302091479301453,3.453923225402832,0.7804643511772156,5.191535472869873,2.999220132827759
paraboloid,K,3042,0.1,0.3861301839351654,0.06872765719890594,11.134976387023926,0.8006805777549744,5.2693095207214355,3.0052154064178467
paraboloid,K,3042,0.15,0.5573235750198364,0.08099295198917389,18.17958641052246,1.256901741027832,6.501593589782715,3.207430124282837
paraboloid,K,3042,0.2,0.9002119898796082,0.09027427434921265,52.4776725769043,1.3171205520629883,6.513668537139893,3.1168391704559326
paraboloid,K,3042,0.25,1.4403899908065796,0.11698812246322632,102.27372741699219,1.9035764932632446,7.479991912841797,3.1411900520324707
paraboloid,K,3042,0.3,1.9939216375350952,0.1394737958908081,204.52113342285156,2.802318572998047,9.335956573486328,3.4487619400024414
paraboloid,T+K,3042,0.0,0.017903275787830353,0.005319283343851566,0.32833728194236755,0.04293789714574814,2.9209682941436768,2.766871929168701
paraboloid,T+K,3042,0.05,0.20015019178390503,0.03725003823637962,3.798159122467041,0.46870890259742737,4.369780540466309,2.999220132827759
paraboloid,T+K,3042,0.1,0.31537342071533203,0.03326926380395889,9.987273216247559,0.4369094669818878,4.364167213439941,3.0052154064178467
paraboloid,T+K,3042,0.15,0.4684228003025055,0.053595125675201416,17.195598602294922,0.7783997058868408,5.274531364440918,3.207430124282837
paraboloid,T+K,3042,0.2,0.8284311890602112,0.0693712830543518,47.83173370361328,0.9149125218391418,5.27183198928833,3.1168391704559326
paraboloid,T+K,3042,0.25,1.4385823011398315,0.11406134814023972,98.78211212158203,1.6490607261657715,6.07029914855957,3.1411900520324707
paraboloid,T+K,3042,0.3,1.9424142837524414,0.147734135389328,165.6331329345703,2.291752338409424,7.358536720275879,3.4487619400024414
paraboloid,T+F,3042,0.0,0.012493887916207314,0.004980714991688728,0.4958163797855377,0.06935874372720718,3.016782283782959,2.766871929168701
paraboloid,T+F,3042,0.05,0.053071729838848114,0.018827158957719803,3.8824353218078613,0.5934609770774841,5.210585594177246,2.999220132827759
paraboloid,T+F,3042,0.1,0.0708894208073616,0.01851569302380085,7.237037658691406,0.6009026169776917,5.215696334838867,3.0052154064178467
paraboloid,T+F,3042,0.15,0.12880411744117737,0.025998450815677643,10.689181327819824,0.9600366353988647,6.353330612182617,3.207430124282837
paraboloid,T+F,3042,0.2,0.1938358098268509,0.026000309735536575,17.244760513305664,0.7781200408935547,5.879234790802002,3.1168391704559326
paraboloid,T+F,3042,0.25,0.3749895989894867,0.03566187247633934,24.26455307006836,0.9857320189476013,6.34538459777832,3.1411900520324707
paraboloid,T+F,3042,0.3,0.6006911396980286,0.04615668207406998,37.696651458740234,1.5762823820114136,8.003164291381836,3.4487619400024414
paraboloid,T+F+K,3042,0.0,0.013646681793034077,0.005430450197309256,0.14701485633850098,0.05339497700333595,2.8925323486328125,2.766871929168701
paraboloid,T+F+K,3042,0.05,0.06292621791362762,0.011778232641518116,1.3175607919692993,0.40393662452697754,4.582867622375488,2.999220132827759
paraboloid,T+F+K,3042,0.1,0.09005910903215408,0.011714832857251167,1.8749730587005615,0.3932892680168152,4.48037576675415,3.0052154064178467
paraboloid,T+F+K,3042,0.15,0.15313565731048584,0.016998793929815292,3.413616895675659,0.6435438394546509,5.446887016296387,3.207430124282837
paraboloid,T+F+K,3042,0.2,0.23906677961349487,0.01689950004220009,4.285249710083008,0.49886515736579895,4.964660167694092,3.1168391704559326
paraboloid,T+F+K,3042,0.25,0.4428793787956238,0.0259214099496603,6.319148540496826,0.6579848527908325,5.337155818939209,3.1411900520324707
paraboloid,T+F+K,3042,0.3,0.692106306552887,0.03541606292128563,10.97121524810791,1.0811970233917236,6.688632011413574,3.4487619400024414
paraboloid,baseline,4042,0.0,0.05194120109081268,0.10255233198404312,23.637527465820312,1.2277874946594238,5.25663423538208,2.8104963302612305
paraboloid,baseline,4042,0.05,0.2931227684020996,0.19366616010665894,98.58152770996094,3.908132791519165,9.673624038696289,2.813743829727173
paraboloid,baseline,4042,0.1,0.4315248727798462,0.2180115431547165,182.5301971435547,4.564512252807617,11.20999813079834,2.9916789531707764
paraboloid,baseline,4042,0.15,0.7341810464859009,0.22544586658477783,253.7000274658203,5.322534084320068,12.414886474609375,3.1136744022369385
paraboloid,baseline,4042,0.2,1.0344302654266357,0.2360624074935913,247.23300170898438,5.140233993530273,11.917116165161133,2.933558464050293
paraboloid,baseline,4042,0.25,1.339096188545227,0.25680670142173767,462.47943115234375,6.438992023468018,14.667449951171875,3.4367923736572266
paraboloid,baseline,4042,0.3,1.9989533424377441,0.2695944011211395,574.7374267578125,6.322103977203369,14.05018424987793,3.4804561138153076
paraboloid,T,4042,0.0,0.04930675029754639,0.009584980085492134,1.3933579921722412,0.048180077224969864,2.9541876316070557,2.8104963302612305
paraboloid,T,4042,0.05,0.33128488063812256,0.0353161059319973,9.919323921203613,0.24104663729667664,3.4336094856262207,2.813743829727173
paraboloid,T,4042,0.1,0.45836755633354187,0.04472845047712326,21.183277130126953,0.3457101285457611,3.9475276470184326,2.9916789531707764
paraboloid,T,4042,0.15,0.8291324973106384,0.0690624937415123,35.688663482666016,0.616929292678833,4.324804306030273,3.1136744022369385
paraboloid,T,4042,0.2,1.2206859588623047,0.09121640026569366,44.759117126464844,0.8735363483428955,4.535327434539795,2.933558464050293
paraboloid,T,4042,0.25,1.519612193107605,0.113081194460392,76.26364135742188,1.1316776275634766,5.503942489624023,3.4367923736572266
paraboloid,T,4042,0.3,2.1381120681762695,0.1288185715675354,116.39364624023438,1.4207932949066162,5.70168924331665,3.4804561138153076
paraboloid,F,4042,0.0,0.22453202307224274,0.6379819512367249,84.3425521850586,7.253867149353027,9.922357559204102,2.8104963302612305
paraboloid,F,4042,0.05,0.7839767932891846,0.7908282279968262,311.3078918457031,14.86102294921875,17.864459991455078,2.813743829727173
paraboloid,F,4042,0.1,0.9947950839996338,0.810059130191803,501.0389099121094,17.775409698486328,20.76712417602539,2.9916789531707764
paraboloid,F,4042,0.15,1.356801986694336,0.8097140789031982,653.2356567382812,20.156288146972656,23.46672248840332,3.1136744022369385
paraboloid,F,4042,0.2,1.7598776817321777,0.8327482342720032,652.0419311523438,20.021398544311523,23.232084274291992,2.933558464050293
paraboloid,F,4042,0.25,2.2479097843170166,0.8547744750976562,1113.242919921875,26.86088752746582,30.09954833984375,3.4367923736572266
paraboloid,F,4042,0.3,2.803650140762329,0.8420202136039734,1343.7855224609375,29.480825424194336,33.32888412475586,3.4804561138153076
paraboloid,K,4042,0.0,0.07752315700054169,0.04413594305515289,5.525005340576172,0.2786729335784912,3.6373772621154785,2.8104963302612305
paraboloid,K,4042,0.05,0.4348202049732208,0.10981974750757217,33.88856887817383,0.9573695063591003,4.602267265319824,2.813743829727173
paraboloid,K,4042,0.1,0.6261069178581238,0.1315510869026184,67.50920104980469,1.4616965055465698,5.896956920623779,2.9916789531707764
paraboloid,K,4042,0.15,1.0153918266296387,0.15698117017745972,102.0086669921875,1.9671331644058228,6.273526191711426,3.1136744022369385
paraboloid,K,4042,0.2,1.318424940109253,0.17507107555866241,109.30802154541016,2.0880842208862305,6.157073020935059,2.933558464050293
paraboloid,K,4042,0.25,1.7832778692245483,0.19939562678337097,194.03565979003906,2.910104990005493,8.152467727661133,3.4367923736572266
paraboloid,K,4042,0.3,2.486722469329834,0.23695485293865204,270.278564453125,3.5286190509796143,8.45896053314209,3.4804561138153076
paraboloid,T+K,4042,0.0,0.04729785397648811,0.00801446009427309,1.0068540573120117,0.04232822731137276,2.946974515914917,2.8104963302612305
paraboloid,T+K,4042,0.05,0.33697694540023804,0.0345224067568779,8.004341125488281,0.24383863806724548,3.490920066833496,2.813743829727173
paraboloid,T+K,4042,0.1,0.4534864127635956,0.04433130845427513,16.974838256835938,0.34349480271339417,4.005997657775879,2.9916789531707764
paraboloid,T+K,4042,0.15,0.8363546133041382,0.06971315294504166,30.364839553833008,0.6278544664382935,4.44994592666626,3.1136744022369385
paraboloid,T+K,4042,0.2,1.2687304019927979,0.0963396206498146,42.48519515991211,0.9298015236854553,4.769650459289551,2.933558464050293
paraboloid,T+K,4042,0.25,1.531961441040039,0.11748088151216507,66.73090362548828,1.1685856580734253,5.750037670135498,3.4367923736572266
paraboloid,T+K,4042,0.3,2.153125524520874,0.13505592942237854,107.8544692993164,1.4818960428237915,6.060666084289551,3.4804561138153076
paraboloid,T+F,4042,0.0,0.026105808094143867,0.011154372245073318,3.0856573581695557,0.09149231761693954,3.3062500953674316,2.8104963302612305
paraboloid,T+F,4042,0.05,0.14274568855762482,0.024724803864955902,18.880586624145508,0.34719669818878174,4.502532958984375,2.813743829727173
paraboloid,T+F,4042,0.1,0.2617388665676117,0.03453529626131058,42.909786224365234,0.5303018689155579,5.224319934844971,2.9916789531707764
paraboloid,T+F,4042,0.15,0.4535832703113556,0.04092053323984146,74.30323028564453,0.727975606918335,5.851567268371582,3.1136744022369385
paraboloid,T+F,4042,0.2,0.5658679604530334,0.04095720127224922,87.31066131591797,0.8385009765625,5.924155235290527,2.933558464050293
paraboloid,T+F,4042,0.25,0.9485201239585876,0.056236401200294495,180.57342529296875,1.321224570274353,7.6018147468566895,3.4367923736572266
paraboloid,T+F,4042,0.3,1.3940073251724243,0.07298949360847473,299.6958312988281,1.9116218090057373,8.714183807373047,3.4804561138153076
paraboloid,T+F+K,4042,0.0,0.026034265756607056,0.008719007484614849,2.492114305496216,0.061555445194244385,3.0841450691223145,2.8104963302612305
paraboloid,T+F+K,4042,0.05,0.1381469964981079,0.017520515248179436,17.127323150634766,0.22686965763568878,3.885213851928711,2.813743829727173
paraboloid,T+F+K,4042,0.1,0.2769256830215454,0.027735933661460876,45.43496322631836,0.4244145154953003,4.6696085929870605,2.9916789531707764
paraboloid,T+F+K,4042,0.15,0.48733389377593994,0.035622723400592804,93.24527740478516,0.6788663864135742,5.30354118347168,3.1136744022369385
paraboloid,T+F+K,4042,0.2,0.586968183517456,0.03826933726668358,121.53776550292969,0.8098638653755188,5.285468578338623,2.933558464050293
paraboloid,T+F+K,4042,0.25,1.038164734840393,0.05775886029005051,255.3121795654297,1.5456959009170532,7.3601579666137695,3.4367923736572266
paraboloid,T+F+K,4042,0.3,1.4693516492843628,0.07976555079221725,467.40826416015625,2.517021656036377,8.647734642028809,3.4804561138153076
paraboloid,baseline,5042,0.0,0.34718242287635803,0.4951883852481842,13.295148849487305,3.751620292663574,4.3952131271362305,2.7439613342285156
paraboloid,baseline,5042,0.05,0.6393100619316101,0.5499587655067444,46.10296630859375,5.378544330596924,5.393733978271484,2.713191032409668
paraboloid,baseline,5042,0.1,0.8348923921585083,0.5636733174324036,71.882568359375,6.498836994171143,6.190791130065918,3.087531089782715
paraboloid,baseline,5042,0.15,1.0629158020019531,0.5561692118644714,99.91754150390625,6.664056301116943,6.188826560974121,3.093236207962036
paraboloid,baseline,5042,0.2,1.3105335235595703,0.5950542092323303,104.51265716552734,7.354226112365723,6.443131923675537,2.9761412143707275
paraboloid,baseline,5042,0.25,1.5738226175308228,0.5841028690338135,157.1005401611328,7.933102130889893,6.996912002563477,3.2428267002105713
paraboloid,baseline,5042,0.3,1.7577098608016968,0.6083126664161682,269.4891662597656,8.075797080993652,7.534407615661621,3.4333157539367676
paraboloid,T,5042,0.0,0.30638208985328674,0.0817425325512886,4.388277053833008,0.9301310181617737,4.361855506896973,2.7439613342285156
paraboloid,T,5042,0.05,1.0919597148895264,0.24716071784496307,19.52513313293457,3.337392807006836,6.591263294219971,2.713191032409668
paraboloid,T,5042,0.1,1.4664316177368164,0.2959751486778259,28.02220916748047,4.967984199523926,8.198972702026367,3.087531089782715
paraboloid,T,5042,0.15,1.9702662229537964,0.36071300506591797,37.907100677490234,6.047274589538574,8.535177230834961,3.093236207962036
paraboloid,T,5042,0.2,2.393372058868408,0.42942386865615845,57.97541046142578,7.3301262855529785,9.327473640441895,2.9761412143707275
paraboloid,T,5042,0.25,2.8500189781188965,0.4365633726119995,81.05667114257812,8.6815185546875,10.04118824005127,3.2428267002105713
paraboloid,T,5042,0.3,3.179158926010132,0.43482404947280884,113.30802917480469,8.44676399230957,10.064214706420898,3.4333157539367676
paraboloid,F,5042,0.0,0.5392522811889648,0.6827316880226135,16.141427993774414,4.439971923828125,2.5972301959991455,2.7439613342285156
paraboloid,F,5042,0.05,1.1205389499664307,0.6475345492362976,59.755218505859375,6.436529636383057,4.6930766105651855,2.713191032409668
paraboloid,F,5042,0.1,1.298014521598816,0.6407040357589722,102.68097686767578,7.930648326873779,5.874384880065918,3.087531089782715
paraboloid,F,5042,0.15,1.5285264253616333,0.61341392993927,154.15907287597656,8.216931343078613,6.341708183288574,3.093236207962036
paraboloid,F,5042,0.2,1.833903431892395,0.6193973422050476,149.5742950439453,8.604971885681152,6.369973182678223,2.9761412143707275
paraboloid,F,5042,0.25,2.038301706314087,0.617344856262207,233.08631896972656,9.666053771972656,7.399897575378418,3.2428267002105713
paraboloid,F,5042,0.3,2.17348575592041,0.6605287790298462,435.4577331542969,10.062506675720215,8.081034660339355,3.4333157539367676
paraboloid,K,5042,0.0,0.5152206420898438,0.46171900629997253,7.7591047286987305,3.092637062072754,3.5976173877716064,2.7439613342285156
paraboloid,K,5042,0.05,1.1388291120529175,0.4404621124267578,25.189517974853516,4.039016246795654,4.642054557800293,2.713191032409668
paraboloid,K,5042,0.1,1.4237093925476074,0.430654376745224,32.4593620300293,4.795081615447998,5.643774032592773,3.087531089782715
paraboloid,K,5042,0.15,1.719029426574707,0.425428181886673,36.89167404174805,4.755897045135498,5.728425025939941,3.093236207962036
paraboloid,K,5042,0.2,2.1149306297302246,0.48210111260414124,55.49350357055664,5.86728572845459,6.1328043937683105,2.9761412143707275
paraboloid,K,5042,0.25,2.485313892364502,0.4578726589679718,75.03334045410156,6.1163129806518555,6.771448612213135,3.2428267002105713
paraboloid,K,5042,0.3,2.6978089809417725,0.42593446373939514,90.9491195678711,5.9272308349609375,6.850451946258545,3.4333157539367676
paraboloid,T+K,5042,0.0,0.31683778762817383,0.0848538726568222,4.740045070648193,0.9732083082199097,4.367505073547363,2.7439613342285156
paraboloid,T+K,5042,0.05,1.1102219820022583,0.25769129395484924,21.331256866455078,3.4204320907592773,6.559932708740234,2.713191032409668
paraboloid,T+K,5042,0.1,1.4760640859603882,0.30474337935447693,30.070201873779297,4.988551139831543,8.114168167114258,3.087531089782715
paraboloid,T+K,5042,0.15,1.9869455099105835,0.3682260513305664,40.829063415527344,6.011483669281006,8.439650535583496,3.093236207962036
paraboloid,T+K,5042,0.2,2.4129867553710938,0.4360232949256897,61.02544021606445,7.326275825500488,9.29345417022705,2.9761412143707275
paraboloid,T+K,5042,0.25,2.8615992069244385,0.4376419484615326,84.91136932373047,8.60688304901123,10.018924713134766,3.2428267002105713
paraboloid,T+K,5042,0.3,3.195889711380005,0.43712422251701355,119.01117706298828,8.437905311584473,10.124073028564453,3.4333157539367676
paraboloid,T+F,5042,0.0,0.16121827065944672,0.11579623818397522,3.9952805042266846,1.2787388563156128,4.903010368347168,2.7439613342285156
paraboloid,T+F,5042,0.05,0.5598499178886414,0.17698471248149872,16.340391159057617,3.064929485321045,7.485952854156494,2.713191032409668
paraboloid,T+F,5042,0.1,0.8561910390853882,0.19808147847652435,32.349891662597656,4.558060646057129,9.935842514038086,3.087531089782715
paraboloid,T+F,5042,0.15,1.1333682537078857,0.21302136778831482,57.953311920166016,5.7001190185546875,11.181414604187012,3.093236207962036
paraboloid,T+F,5042,0.2,1.388494849205017,0.2552567720413208,57.85802459716797,6.3911614418029785,11.560554504394531,2.9761412143707275
paraboloid,T+F,5042,0.25,1.8059114217758179,0.2689680755138397,100.95634460449219,7.9977827072143555,13.507707595825195,3.2428267002105713
paraboloid,T+F,5042,0.3,1.996369481086731,0.27288007736206055,213.33663940429688,7.911060333251953,13.979490280151367,3.4333157539367676
paraboloid,T+F+K,5042,0.0,0.20176663994789124,0.11615228652954102,3.215322732925415,1.2386215925216675,4.668604850769043,2.7439613342285156
paraboloid,T+F+K,5042,0.05,0.6929481625556946,0.20318199694156647,10.677452087402344,3.2871346473693848,6.878383159637451,2.713191032409668
paraboloid,T+F+K,5042,0.1,1.0262783765792847,0.24047192931175232,14.474310874938965,5.026430606842041,8.78712272644043,3.087531089782715
paraboloid,T+F+K,5042,0.15,1.3406362533569336,0.2741069197654724,17.98460578918457,6.159199237823486,9.203396797180176,3.093236207962036
paraboloid,T+F+K,5042,0.2,1.6400634050369263,0.32894107699394226,26.355510711669922,6.947465896606445,9.52998161315918,2.9761412143707275
paraboloid,T+F+K,5042,0.25,2.058300495147705,0.3548832833766937,37.791465759277344,8.250686645507812,10.30868911743164,3.2428267002105713
paraboloid,T+F+K,5042,0.3,2.2186341285705566,0.3614993393421173,50.86735153198242,7.322469234466553,9.421693801879883,3.4333157539367676
paraboloid,baseline,6042,0.0,0.28605520725250244,0.31698077917099,15.802842140197754,2.555387258529663,4.469048976898193,2.7590012550354004
paraboloid,baseline,6042,0.05,0.5758523344993591,0.3313806354999542,65.32615661621094,3.924311637878418,7.290041923522949,2.6742494106292725
paraboloid,baseline,6042,0.1,0.8785402178764343,0.34417101740837097,124.06546020507812,5.843059539794922,9.726694107055664,2.9772002696990967
paraboloid,baseline,6042,0.15,1.1463453769683838,0.3782537579536438,174.2607879638672,7.222365856170654,11.62477970123291,3.2470035552978516
paraboloid,baseline,6042,0.2,1.6141595840454102,0.3977372646331787,220.75732421875,8.157665252685547,12.441072463989258,3.262586832046509
paraboloid,baseline,6042,0.25,1.813589334487915,0.3668847382068634,246.0869903564453,8.684350967407227,13.46579647064209,3.3042752742767334
paraboloid,baseline,6042,0.3,2.1920876502990723,0.342033714056015,524.9121704101562,9.25228214263916,15.018160820007324,3.314957857131958
paraboloid,T,6042,0.0,0.13935641944408417,0.03403303772211075,1.3654656410217285,0.3402082324028015,3.3965349197387695,2.7590012550354004
paraboloid,T,6042,0.05,0.5103259086608887,0.06633330136537552,7.780862808227539,1.0660860538482666,4.468307018280029,2.6742494106292725
paraboloid,T,6042,0.1,0.8511614799499512,0.10343293845653534,19.32785987854004,2.0913453102111816,5.992697715759277,2.9772002696990967
paraboloid,T,6042,0.15,1.093243956565857,0.1296592503786087,31.465112686157227,2.2279069423675537,6.094392776489258,3.2470035552978516
paraboloid,T,6042,0.2,1.5754096508026123,0.15946996212005615,56.63003921508789,3.8754167556762695,7.868814945220947,3.262586832046509
paraboloid,T,6042,0.25,1.7643154859542847,0.15283656120300293,66.27415466308594,3.3176021575927734,7.210146427154541,3.3042752742767334
paraboloid,T,6042,0.3,2.147810935974121,0.1467038094997406,118.92723846435547,3.4201462268829346,7.629077911376953,3.314957857131958
paraboloid,F,6042,0.0,0.269543319940567,0.652646541595459,67.27590942382812,6.429583549499512,8.03331184387207,2.7590012550354004
paraboloid,F,6042,0.05,0.923515260219574,0.7980878949165344,262.49053955078125,12.458476066589355,14.036048889160156,2.6742494106292725
paraboloid,F,6042,0.1,1.151191234588623,0.7727360129356384,409.8312683105469,15.613945007324219,17.667728424072266,2.9772002696990967
paraboloid,F,6042,0.15,1.465008020401001,0.7862745523452759,564.0148315429688,18.623138427734375,20.769092559814453,3.2470035552978516
paraboloid,F,6042,0.2,2.0699212551116943,0.8248541951179504,713.780517578125,21.12386703491211,22.57876205444336,3.262586832046509
paraboloid,F,6042,0.25,2.297257423400879,0.812516450881958,795.806396484375,22.373687744140625,24.047771453857422,3.3042752742767334
paraboloid,F,6042,0.3,2.7011725902557373,0.802685558795929,1402.87109375,24.160579681396484,26.993989944458008,3.314957857131958
paraboloid,K,6042,0.0,0.2724734842777252,0.33514297008514404,1.9996434450149536,2.557497024536133,3.580803871154785,2.7590012550354004
paraboloid,K,6042,0.05,0.6090333461761475,0.34842798113822937,6.4764628410339355,3.2775049209594727,4.477080345153809,2.6742494106292725
paraboloid,K,6042,0.1,0.8836098313331604,0.36541152000427246,10.811994552612305,4.641002178192139,6.188936233520508,2.9772002696990967
paraboloid,K,6042,0.15,1.1612582206726074,0.3985993564128876,16.589284896850586,5.671548843383789,7.479747772216797,3.2470035552978516
paraboloid,K,6042,0.2,1.7032498121261597,0.41816070675849915,24.09857940673828,6.1488142013549805,7.684850692749023,3.262586832046509
paraboloid,K,6042,0.25,1.8842928409576416,0.3721860647201538,30.87860679626465,5.922138690948486,7.804381847381592,3.3042752742767334
paraboloid,K,6042,0.3,2.343097448348999,0.33935707807540894,72.71033477783203,5.799098491668701,8.30799674987793,3.314957857131958
paraboloid,T+K,6042,0.0,0.1411428302526474,0.03618485480546951,1.504366397857666,0.37323299050331116,3.4020886421203613,2.7590012550354004
paraboloid,T+K,6042,0.05,0.5080626010894775,0.07463587820529938,8.617379188537598,1.1586250066757202,4.571004867553711,2.6742494106292725
paraboloid,T+K,6042,0.1,0.8533027172088623,0.11385200917720795,21.32151985168457,2.29774808883667,6.211241722106934,2.9772002696990967
paraboloid,T+K,6042,0.15,1.0966527462005615,0.13846029341220856,33.73708724975586,2.379509925842285,6.283206939697266,3.2470035552978516
paraboloid,T+K,6042,0.2,1.5773017406463623,0.16954606771469116,60.01408004760742,4.119472503662109,8.124319076538086,3.262586832046509
paraboloid,T+K,6042,0.25,1.7605072259902954,0.16048185527324677,68.5025634765625,3.505073308944702,7.50546407699585,3.3042752742767334
paraboloid,T+K,6042,0.3,2.1383376121520996,0.15207858383655548,119.44784545898438,3.6141834259033203,7.98073148727417,3.314957857131958
paraboloid,T+F,6042,0.0,0.06152450293302536,0.020049061626195908,3.210297107696533,0.2917804419994354,3.8547048568725586,2.7590012550354004
paraboloid,T+F,6042,0.05,0.26052042841911316,0.05008751526474953,16.63300895690918,0.8708469271659851,5.276531219482422,2.6742494106292725
paraboloid,T+F,6042,0.1,0.4900527596473694,0.07726634293794632,37.483150482177734,1.5873730182647705,6.816838264465332,2.9772002696990967
paraboloid,T+F,6042,0.15,0.6626335382461548,0.10664346814155579,58.8316535949707,2.0339620113372803,7.62922477722168,3.2470035552978516
paraboloid,T+F,6042,0.2,1.0055183172225952,0.127618208527565,81.31253814697266,2.6339657306671143,8.405610084533691,3.262586832046509
paraboloid,T+F,6042,0.25,1.132910132408142,0.13126683235168457,98.48017120361328,2.7390120029449463,8.461383819580078,3.3042752742767334
paraboloid,T+F,6042,0.3,1.3512763977050781,0.13366514444351196,138.364990234375,2.9478471279144287,8.876296043395996,3.314957857131958
paraboloid,T+F+K,6042,0.0,0.07295510172843933,0.012047993019223213,0.5719580054283142,0.20757363736629486,3.4128189086914062,2.7590012550354004
paraboloid,T+F+K,6042,0.05,0.2907477915287018,0.03785038739442825,3.997894763946533,0.7309886813163757,4.241006374359131,2.6742494106292725
paraboloid,T+F+K,6042,0.1,0.5700287222862244,0.06093480810523033,9.446656227111816,1.423021912574768,5.59414005279541,2.9772002696990967
paraboloid,T+F+K,6042,0.15,0.7675815224647522,0.09181401133537292,20.56463623046875,1.8674579858779907,6.0360636711120605,3.2470035552978516
paraboloid,T+F+K,6042,0.2,1.1300535202026367,0.1162388026714325,38.226383209228516,2.7557499408721924,7.167804718017578,3.262586832046509
paraboloid,T+F+K,6042,0.25,1.2362419366836548,0.12455052882432938,47.89856719970703,2.634404182434082,6.697652339935303,3.3042752742767334
paraboloid,T+F+K,6042,0.3,1.4088116884231567,0.11742854118347168,53.68722152709961,2.4409162998199463,6.408407688140869,3.314957857131958
paraboloid,baseline,7042,0.0,0.11089953780174255,0.14660626649856567,15.684584617614746,0.9351465106010437,4.5907392501831055,2.7986340522766113
paraboloid,baseline,7042,0.05,0.611355185508728,0.322797030210495,71.64244842529297,2.9515297412872314,7.691897392272949,2.7205750942230225
paraboloid,baseline,7042,0.1,0.7775193452835083,0.3431759476661682,118.14378356933594,3.6216697692871094,9.162147521972656,2.949083089828491
paraboloid,baseline,7042,0.15,1.1184890270233154,0.3676976263523102,201.00413513183594,4.5093817710876465,10.45746898651123,3.09820294380188
paraboloid,baseline,7042,0.2,1.4765019416809082,0.3863876461982727,260.1629333496094,6.877096652984619,13.488762855529785,3.211986541748047
paraboloid,baseline,7042,0.25,2.299433946609497,0.43547382950782776,438.66522216796875,9.05813980102539,16.230127334594727,3.440009355545044
paraboloid,baseline,7042,0.3,2.7265639305114746,0.5013328194618225,440.5184020996094,13.129484176635742,20.042308807373047,3.6376419067382812
paraboloid,T,7042,0.0,0.061635591089725494,0.0093351099640131,1.6050952672958374,0.05590358376502991,3.008594512939453,2.7986340522766113
paraboloid,T,7042,0.05,0.558325469493866,0.06028028950095177,13.222347259521484,0.5421549081802368,4.238564968109131,2.7205750942230225
paraboloid,T,7042,0.1,0.8019096851348877,0.09450946003198624,29.600252151489258,0.9231178164482117,4.955266952514648,2.949083089828491
paraboloid,T,7042,0.15,1.193758249282837,0.1307777315378189,61.538204193115234,1.4428542852401733,5.748365879058838,3.09820294380188
paraboloid,T,7042,0.2,1.655549168586731,0.17326518893241882,95.42597198486328,2.2476680278778076,6.7651777267456055,3.211986541748047
paraboloid,T,7042,0.25,2.5813517570495605,0.25873279571533203,201.5911102294922,3.551668405532837,8.450933456420898,3.440009355545044
paraboloid,T,7042,0.3,3.065551519393921,0.30401137471199036,183.70095825195312,4.417374610900879,9.893769264221191,3.6376419067382812
paraboloid,F,7042,0.0,0.2587156593799591,0.6399980783462524,61.43852233886719,5.530198097229004,6.545527458190918,2.7986340522766113
paraboloid,F,7042,0.05,0.874904990196228,0.6993451118469238,195.8133544921875,10.712200164794922,12.395812034606934,2.7205750942230225
paraboloid,F,7042,0.1,1.1175845861434937,0.7306323051452637,330.1680908203125,12.862510681152344,14.301154136657715,2.949083089828491
paraboloid,F,7042,0.15,1.412170648574829,0.7473797798156738,581.3323974609375,14.285102844238281,15.484545707702637,3.09820294380188
paraboloid,F,7042,0.2,1.6621206998825073,0.7288621068000793,745.923583984375,16.2030086517334,17.721410751342773,3.211986541748047
paraboloid,F,7042,0.25,2.340839385986328,0.7641158699989319,1195.93310546875,19.756301879882812,21.00518798828125,3.440009355545044
paraboloid,F,7042,0.3,2.691951274871826,0.7855936884880066,1067.2747802734375,22.71928596496582,24.299087524414062,3.6376419067382812
paraboloid,K,7042,0.0,0.1876061111688614,0.17778010666370392,5.110594749450684,0.8096620440483093,2.8895206451416016,2.7986340522766113
paraboloid,K,7042,0.05,0.8090456128120422,0.23065593838691711,21.796558380126953,0.992713212966919,3.355292797088623,2.7205750942230225
paraboloid,K,7042,0.1,0.9835623502731323,0.22431696951389313,31.42748260498047,0.9837570190429688,3.59531307220459,2.949083089828491
paraboloid,K,7042,0.15,1.3534153699874878,0.23833923041820526,61.40186309814453,1.3813202381134033,4.814134120941162,3.09820294380188
paraboloid,K,7042,0.2,1.6819676160812378,0.20825117826461792,77.95574951171875,1.4579124450683594,5.530481338500977,3.211986541748047
paraboloid,K,7042,0.25,2.60214900970459,0.279165118932724,168.83486938476562,2.4671761989593506,7.026596546173096,3.440009355545044
paraboloid,K,7042,0.3,2.961679220199585,0.3246921896934509,155.5329132080078,3.2076141834259033,8.409513473510742,3.6376419067382812
paraboloid,T+K,7042,0.0,0.04827581346035004,0.004645120352506638,0.8211306929588318,0.028197767212986946,2.90541672706604,2.7986340522766113
paraboloid,T+K,7042,0.05,0.4533267319202423,0.031450118869543076,7.719799995422363,0.31701433658599854,3.862467050552368,2.7205750942230225
paraboloid,T+K,7042,0.1,0.708381712436676,0.06306416541337967,22.478464126586914,0.6640509366989136,4.563662528991699,2.949083089828491
paraboloid,T+K,7042,0.15,1.0900659561157227,0.09295346587896347,46.85426712036133,1.0874525308609009,5.2914042472839355,3.09820294380188
paraboloid,T+K,7042,0.2,1.5846028327941895,0.1441006064414978,79.07311248779297,1.9632568359375,6.379256248474121,3.211986541748047
paraboloid,T+K,7042,0.25,2.489114999771118,0.22209040820598602,169.27838134765625,3.1276814937591553,7.921523094177246,3.440009355545044
paraboloid,T+K,7042,0.3,2.97434401512146,0.26255732774734497,155.2838897705078,3.955331802368164,9.29624080657959,3.6376419067382812
paraboloid,T+F,7042,0.0,0.014999326318502426,0.007175598293542862,0.9820226430892944,0.04985857009887695,3.093967914581299,2.7986340522766113
paraboloid,T+F,7042,0.05,0.07239732146263123,0.018095174804329872,6.680601119995117,0.23975221812725067,4.09836483001709,2.7205750942230225
paraboloid,T+F,7042,0.1,0.15970638394355774,0.024596981704235077,14.112265586853027,0.3313024938106537,4.671430587768555,2.949083089828491
paraboloid,T+F,7042,0.15,0.26569730043411255,0.030765017494559288,30.85854148864746,0.44328975677490234,5.193900108337402,3.09820294380188
paraboloid,T+F,7042,0.2,0.45308417081832886,0.03658191114664078,48.62125778198242,0.6342631578445435,5.852092742919922,3.211986541748047
paraboloid,T+F,7042,0.25,0.8334832787513733,0.05218932405114174,104.45132446289062,0.9196763634681702,6.8477702140808105,3.440009355545044
paraboloid,T+F,7042,0.3,1.1017463207244873,0.06333676725625992,92.17591857910156,1.1971958875656128,7.794534206390381,3.6376419067382812
paraboloid,T+F+K,7042,0.0,0.004614116623997688,0.0024334006011486053,0.34718963503837585,0.019954461604356766,2.989934206008911,2.7986340522766113
paraboloid,T+F+K,7042,0.05,0.06457237154245377,0.011070002801716328,2.974827289581299,0.13276417553424835,3.632594585418701,2.7205750942230225
paraboloid,T+F+K,7042,0.1,0.16016004979610443,0.015764135867357254,6.614738464355469,0.19094733893871307,4.105520248413086,2.949083089828491
paraboloid,T+F+K,7042,0.15,0.27755504846572876,0.02004295401275158,15.003255844116211,0.24768076837062836,4.46950626373291,3.09820294380188
paraboloid,T+F+K,7042,0.2,0.48641690611839294,0.02483462356030941,25.300477981567383,0.3783220946788788,5.014214038848877,3.211986541748047
paraboloid,T+F+K,7042,0.25,0.8967759013175964,0.03863964602351189,59.94813537597656,0.5762645602226257,5.83940315246582,3.440009355545044
paraboloid,T+F+K,7042,0.3,1.1866111755371094,0.047761302441358566,55.70669174194336,0.8081105947494507,6.713597774505615,3.6376419067382812
paraboloid,baseline,8042,0.0,0.1893942803144455,0.3164438307285309,50.843135833740234,2.9916725158691406,5.566864490509033,2.8398022651672363
paraboloid,baseline,8042,0.05,0.7858333587646484,0.401265412569046,264.2528076171875,7.175553798675537,9.783854484558105,2.9891607761383057
paraboloid,baseline,8042,0.1,0.9891057014465332,0.4434714913368225,346.05194091796875,8.209783554077148,10.83596134185791,3.1527609825134277
paraboloid,baseline,8042,0.15,0.9663817286491394,0.38492098450660706,304.5536804199219,6.566561698913574,8.719393730163574,2.7909061908721924
paraboloid,baseline,8042,0.2,1.6508798599243164,0.40860438346862793,725.080810546875,10.99441146850586,13.27980899810791,3.1719179153442383
paraboloid,baseline,8042,0.25,1.9744940996170044,0.4188612997531891,773.317138671875,11.174086570739746,13.677087783813477,3.0668039321899414
paraboloid,baseline,8042,0.3,2.6597893238067627,0.41507670283317566,1139.7369384765625,13.657502174377441,16.346651077270508,3.238049268722534
paraboloid,T,8042,0.0,0.05929925665259361,0.018142255023121834,3.6266260147094727,0.2417920082807541,3.5040762424468994,2.8398022651672363
paraboloid,T,8042,0.05,0.4181213974952698,0.08040104061365128,33.81742858886719,1.4206300973892212,5.729563236236572,2.9891607761383057
paraboloid,T,8042,0.1,0.5759404301643372,0.10388950258493423,48.86500930786133,1.8704633712768555,6.503707408905029,3.1527609825134277
paraboloid,T,8042,0.15,0.7146245241165161,0.08937113732099533,45.570823669433594,1.659399390220642,5.734834671020508,2.7909061908721924
paraboloid,T,8042,0.2,1.1551131010055542,0.15063370764255524,121.1791000366211,3.2330210208892822,7.6520843505859375,3.1719179153442383
paraboloid,T,8042,0.25,1.4876043796539307,0.16443116962909698,130.76522827148438,3.3331494331359863,7.771481037139893,3.0668039321899414
paraboloid,T,8042,0.3,2.1717512607574463,0.18684528768062592,201.1307373046875,4.290646553039551,8.937310218811035,3.238049268722534
paraboloid,F,8042,0.0,0.25306716561317444,0.6029261946678162,65.127685546875,5.069063663482666,5.949164867401123,2.8398022651672363
paraboloid,F,8042,0.05,0.854690432548523,0.6575708389282227,325.9015197753906,10.667075157165527,11.876714706420898,2.9891607761383057
paraboloid,F,8042,0.1,1.0614813566207886,0.6849889159202576,430.9741516113281,12.280240058898926,13.236722946166992,3.1527609825134277
paraboloid,F,8042,0.15,1.1309272050857544,0.7075856328010559,417.0916442871094,10.863517761230469,11.80947494506836,2.7909061908721924
paraboloid,F,8042,0.2,1.5774444341659546,0.6818809509277344,858.398681640625,14.58155632019043,15.092958450317383,3.1719179153442383
paraboloid,F,8042,0.25,1.9929132461547852,0.7439213991165161,956.271240234375,16.26930809020996,16.34099006652832,3.0668039321899414
paraboloid,F,8042,0.3,2.4023196697235107,0.7376933693885803,1368.283935546875,18.526578903198242,18.69921875,3.238049268722534
paraboloid,K,8042,0.0,0.21699726581573486,0.32566842436790466,46.75772476196289,3.072411298751831,5.124107837677002,2.8398022651672363
paraboloid,K,8042,0.05,0.8278527855873108,0.4001827836036682,244.36326599121094,7.818704128265381,10.305673599243164,2.9891607761383057
paraboloid,K,8042,0.1,1.0202864408493042,0.439339280128479,314.9908142089844,8.72536849975586,11.358488082885742,3.1527609825134277
paraboloid,K,8042,0.15,1.0474714040756226,0.3973594605922699,274.70379638671875,7.135394096374512,9.157127380371094,2.7909061908721924
paraboloid,K,8042,0.2,1.6748089790344238,0.4047655761241913,621.4791870117188,11.104277610778809,13.887789726257324,3.1719179153442383
paraboloid,K,8042,0.25,1.9473340511322021,0.4000347852706909,605.3628540039062,10.784940719604492,13.79106616973877,3.0668039321899414
paraboloid,K,8042,0.3,2.634646415710449,0.3989134132862091,862.1815795898438,13.551604270935059,17.126951217651367,3.238049268722534
paraboloid,T+K,8042,0.0,0.0526585578918457,0.018314490094780922,2.359018564224243,0.20940671861171722,3.444185733795166,2.8398022651672363
paraboloid,T+K,8042,0.05,0.3723817467689514,0.07655905187129974,26.777006149291992,1.26626455783844,5.540523529052734,2.9891607761383057
paraboloid,T+K,8042,0.1,0.5231162905693054,0.09929753839969635,40.913509368896484,1.7075691223144531,6.326338291168213,3.1527609825134277
paraboloid,T+K,8042,0.15,0.6598726511001587,0.08862196654081345,39.99763107299805,1.5643086433410645,5.672501087188721,2.7909061908721924
paraboloid,T+K,8042,0.2,1.1058993339538574,0.14897172152996063,115.3931884765625,3.126319408416748,7.618168354034424,3.1719179153442383
paraboloid,T+K,8042,0.25,1.4516509771347046,0.16496841609477997,128.0679473876953,3.280855894088745,7.797238349914551,3.0668039321899414
paraboloid,T+K,8042,0.3,2.1945979595184326,0.19192658364772797,208.0060577392578,4.308411598205566,9.063990592956543,3.238049268722534
paraboloid,T+F,8042,0.0,0.012320124544203281,0.011214244179427624,6.404732704162598,0.1729353666305542,3.5632238388061523,2.8398022651672363
paraboloid,T+F,8042,0.05,0.15413808822631836,0.032380539923906326,56.49823760986328,0.9288263320922852,6.11547327041626,2.9891607761383057
paraboloid,T+F,8042,0.1,0.25214073061943054,0.04080786556005478,86.36988067626953,1.2578037977218628,7.062000751495361,3.1527609825134277
paraboloid,T+F,8042,0.15,0.2900937497615814,0.03623935952782631,83.325439453125,1.134574055671692,6.152806758880615,2.7909061908721924
paraboloid,T+F,8042,0.2,0.7829697132110596,0.06327031552791595,319.96435546875,2.902463912963867,9.480828285217285,3.1719179153442383
paraboloid,T+F,8042,0.25,0.9711827635765076,0.0783381387591362,388.6847839355469,3.4274063110351562,9.962980270385742,3.0668039321899414
paraboloid,T+F,8042,0.3,1.5505489110946655,0.10686888545751572,715.1841430664062,5.655490398406982,12.714430809020996,3.238049268722534
paraboloid,T+F+K,8042,0.0,0.018397226929664612,0.008408831432461739,3.5550014972686768,0.08448087424039841,3.284417152404785,2.8398022651672363
paraboloid,T+F+K,8042,0.05,0.10849739611148834,0.020334390923380852,33.724178314208984,0.4397660195827484,4.838780403137207,2.9891607761383057
paraboloid,T+F+K,8042,0.1,0.1826694756746292,0.024713382124900818,53.039302825927734,0.6271510124206543,5.557199001312256,3.1527609825134277
paraboloid,T+F+K,8042,0.15,0.20455299317836761,0.02097964659333229,52.14451599121094,0.5834353566169739,4.906408309936523,2.7909061908721924
paraboloid,T+F+K,8042,0.2,0.614899218082428,0.03923480212688446,212.35052490234375,1.7987675666809082,7.597347736358643,3.1719179153442383
paraboloid,T+F+K,8042,0.25,0.783531129360199,0.05044449865818024,263.9349365234375,2.1970114707946777,8.061782836914062,3.0668039321899414
paraboloid,T+F+K,8042,0.3,1.3202956914901733,0.07227510213851929,509.2764587402344,3.8247954845428467,10.460853576660156,3.238049268722534
paraboloid,baseline,9042,0.0,0.11727890372276306,0.29144105315208435,12.137551307678223,1.352177619934082,3.7802555561065674,2.8411271572113037
paraboloid,baseline,9042,0.05,0.5970485806465149,0.38212117552757263,65.77548217773438,2.4124245643615723,4.729745388031006,2.86136531829834
paraboloid,baseline,9042,0.1,0.7462698221206665,0.39054590463638306,84.87425231933594,2.6664552688598633,5.342795372009277,2.979074716567993
paraboloid,baseline,9042,0.15,1.1410824060440063,0.42910832166671753,112.09624481201172,2.889333724975586,5.245713233947754,2.7903506755828857
paraboloid,baseline,9042,0.2,1.3604274988174438,0.4393619894981384,169.47769165039062,2.9529385566711426,5.773290157318115,3.1773695945739746
paraboloid,baseline,9042,0.25,1.4999836683273315,0.42655569314956665,226.15237426757812,2.9920899868011475,6.432226657867432,3.6130378246307373
paraboloid,baseline,9042,0.3,2.0092756748199463,0.4007522761821747,276.9613342285156,3.2087862491607666,6.894413948059082,3.346480369567871
paraboloid,T,9042,0.0,0.04783228784799576,0.011224640533328056,1.0166841745376587,0.0430154986679554,2.9475314617156982,2.8411271572113037
paraboloid,T,9042,0.05,0.47827455401420593,0.06712989509105682,12.348690032958984,0.29529038071632385,3.5635597705841064,2.86136531829834
paraboloid,T,9042,0.1,0.6402609348297119,0.08981499820947647,19.468873977661133,0.4557473659515381,3.927001953125,2.979074716567993
paraboloid,T,9042,0.15,1.079776644706726,0.14026808738708496,35.66637420654297,0.6283795833587646,3.942148447036743,2.7903506755828857
paraboloid,T,9042,0.2,1.3694007396697998,0.17069999873638153,55.28973388671875,1.0581659078598022,5.029386043548584,3.1773695945739746
paraboloid,T,9042,0.25,1.5979969501495361,0.18909144401550293,79.76045989990234,1.5203428268432617,6.306237697601318,3.6130378246307373
paraboloid,T,9042,0.3,2.1721222400665283,0.2229684591293335,130.63653564453125,2.5936365127563477,7.365506172180176,3.346480369567871
paraboloid,F,9042,0.0,0.23494231700897217,0.6669607162475586,55.99481964111328,6.004666328430176,7.019868850708008,2.8411271572113037
paraboloid,F,9042,0.05,0.8718411326408386,0.7707222700119019,235.32579040527344,11.490668296813965,12.337650299072266,2.86136531829834
paraboloid,F,9042,0.1,1.0697417259216309,0.7815784811973572,281.4510192871094,13.357512474060059,13.958902359008789,2.979074716567993
paraboloid,F,9042,0.15,1.3436527252197266,0.738408625125885,316.8648376464844,12.869401931762695,13.758058547973633,2.7903506755828857
paraboloid,F,9042,0.2,1.6514643430709839,0.7576984167098999,565.4326782226562,16.516704559326172,17.57733154296875,3.1773695945739746
paraboloid,F,9042,0.25,1.9231410026550293,0.7947160601615906,826.5911865234375,20.678176879882812,22.011154174804688,3.6130378246307373
paraboloid,F,9042,0.3,2.1419296264648438,0.7464662790298462,1134.9779052734375,20.658676147460938,22.85232925415039,3.346480369567871
paraboloid,K,9042,0.0,0.13170316815376282,0.27144482731819153,7.370891094207764,1.205509901046753,2.5024356842041016,2.8411271572113037
paraboloid,K,9042,0.05,0.700731635093689,0.36500686407089233,38.663448333740234,2.2180073261260986,2.5949337482452393,2.86136531829834
paraboloid,K,9042,0.1,0.8715867400169373,0.35966211557388306,50.30906295776367,2.469303846359253,2.862182855606079,2.979074716567993
paraboloid,K,9042,0.15,1.3536598682403564,0.39247751235961914,78.68487548828125,2.8064136505126953,3.2035770416259766,2.7903506755828857
paraboloid,K,9042,0.2,1.590471863746643,0.3967812657356262,101.89970397949219,2.760744333267212,3.101963758468628,3.1773695945739746
paraboloid,K,9042,0.25,1.713930606842041,0.3824768662452698,122.61151123046875,2.4267170429229736,2.9702539443969727,3.6130378246307373
paraboloid,K,9042,0.3,2.1583874225616455,0.36232253909111023,153.15301513671875,2.3881518840789795,3.6816041469573975,3.346480369567871
paraboloid,T+K,9042,0.0,0.05374743044376373,0.009227247908711433,0.9930970668792725,0.044736698269844055,2.9596760272979736,2.8411271572113037
paraboloid,T+K,9042,0.05,0.5404541492462158,0.07434246689081192,13.74876880645752,0.3560873568058014,3.6317245960235596,2.86136531829834
paraboloid,T+K,9042,0.1,0.7121413350105286,0.10260450094938278,21.424434661865234,0.5527296662330627,4.013655662536621,2.979074716567993
paraboloid,T+K,9042,0.15,1.1450330018997192,0.15637747943401337,37.49875259399414,0.7145265340805054,3.944931983947754,2.7903506755828857
paraboloid,T+K,9042,0.2,1.4324101209640503,0.18782663345336914,57.46104431152344,1.1844409704208374,5.033872604370117,3.1773695945739746
paraboloid,T+K,9042,0.25,1.670007348060608,0.21316269040107727,81.83251190185547,1.7507745027542114,6.415313720703125,3.6130378246307373
paraboloid,T+K,9042,0.3,2.2636494636535645,0.25220632553100586,127.68321228027344,2.936964988708496,7.466367244720459,3.346480369567871
paraboloid,T+F,9042,0.0,0.05049911141395569,0.01209089532494545,0.9274519681930542,0.07501745969057083,3.286423921585083,2.8411271572113037
paraboloid,T+F,9042,0.05,0.2839314937591553,0.02429947629570961,7.319934368133545,0.23399755358695984,4.128057479858398,2.86136531829834
paraboloid,T+F,9042,0.1,0.3613748252391815,0.029990212991833687,10.744729042053223,0.297026664018631,4.4818854331970215,2.979074716567993
paraboloid,T+F,9042,0.15,0.7092748284339905,0.04878191649913788,20.417545318603516,0.39490342140197754,4.462576866149902,2.7903506755828857
paraboloid,T+F,9042,0.2,0.8600849509239197,0.06191670149564743,28.76291847229004,0.5419265031814575,5.308518886566162,3.1773695945739746
paraboloid,T+F,9042,0.25,0.9302765130996704,0.06981159001588821,39.10778045654297,0.6495668292045593,6.092533588409424,3.6130378246307373
paraboloid,T+F,9042,0.3,1.3617838621139526,0.08954308182001114,58.25358963012695,0.8686527609825134,6.040731906890869,3.346480369567871
paraboloid,T+F+K,9042,0.0,0.026437653228640556,0.011428900063037872,0.689350426197052,0.06355788558721542,3.0371100902557373,2.8411271572113037
paraboloid,T+F+K,9042,0.05,0.2260589599609375,0.027167337015271187,6.776731967926025,0.19581511616706848,3.502169370651245,2.86136531829834
paraboloid,T+F+K,9042,0.1,0.2964978814125061,0.03439759090542793,9.301308631896973,0.2381284087896347,3.763495683670044,2.979074716567993
paraboloid,T+F+K,9042,0.15,0.6456146240234375,0.05674326419830322,20.97509765625,0.35725441575050354,3.7956581115722656,2.7903506755828857
paraboloid,T+F+K,9042,0.2,0.7829932570457458,0.07259061187505722,28.8769474029541,0.4681214690208435,4.433060646057129,3.1773695945739746
paraboloid,T+F+K,9042,0.25,0.8323337435722351,0.08344872295856476,36.335357666015625,0.5287060737609863,4.97135591506958,3.6130378246307373
paraboloid,T+F+K,9042,0.3,1.2301932573318481,0.10681475698947906,52.283294677734375,0.7925176620483398,4.924088954925537,3.346480369567871
