surface,config,seed,distance,reconstruction,tangent,curvature
half_torus,baseline,42,0.0,0.24241318,0.51386267,0.22866534
half_torus,baseline,42,0.1,0.5720027,0.79322064,0.24449581
half_torus,baseline,42,0.2,0.8822286,0.7855721,0.23463903
half_torus,baseline,42,0.3,1.0586704,0.7154356,0.22409092
half_torus,baseline,42,0.4,1.6240344,0.6713378,0.23842715
half_torus,baseline,42,0.5,1.7432826,0.5734457,0.2547777
half_torus,T,42,0.0,0.42805952,0.28183085,0.26414916
half_torus,T,42,0.1,1.0265963,0.4318331,0.19975188
half_torus,T,42,0.2,1.4781892,0.48865956,0.25922623
half_torus,T,42,0.3,1.6589048,0.5565695,0.34144622
half_torus,T,42,0.4,2.2364783,0.613055,0.48150387
half_torus,T,42,0.5,2.382981,0.6481204,0.3693942
half_torus,K,42,0.0,0.23776077,0.5116798,0.22508411
half_torus,K,42,0.1,0.5696239,0.79488254,0.24185179
half_torus,K,42,0.2,0.86826205,0.7867503,0.23330125
half_torus,K,42,0.3,1.0424384,0.7165247,0.22346611
half_torus,K,42,0.4,1.6130446,0.67362857,0.23837018
half_torus,K,42,0.5,1.7174921,0.5754216,0.25525263
half_torus,T+K,42,0.0,0.3935346,0.27682206,0.27396515
half_torus,T+K,42,0.1,0.9021439,0.43447176,0.1799042
half_torus,T+K,42,0.2,1.3638949,0.4920042,0.21625003
half_torus,T+K,42,0.3,1.548629,0.56993383,0.2693163
half_torus,T+K,42,0.4,2.204546,0.61010337,0.4505701
half_torus,T+K,42,0.5,2.3668644,0.6508945,0.38057902
half_torus,T+F,42,0.0,0.17650157,0.40263307,0.18846564
half_torus,T+F,42,0.1,0.4756754,0.71113056,0.24252293
half_torus,T+F,42,0.2,0.80375266,0.7532761,0.2420075
half_torus,T+F,42,0.3,0.9788536,0.70445037,0.2290064
half_torus,T+F,42,0.4,1.6805853,0.6796087,0.26980188
half_torus,T+F,42,0.5,2.0094266,0.6506293,0.27039516
half_torus,T+F+K,42,0.0,0.1536202,0.40452534,0.18850335
half_torus,T+F+K,42,0.1,0.43972027,0.7079488,0.24295771
half_torus,T+F+K,42,0.2,0.7436519,0.75283563,0.23999904
half_torus,T+F+K,42,0.3,0.9115361,0.7051864,0.22620648
half_torus,T+F+K,42,0.4,1.6157067,0.6815009,0.26762313
half_torus,T+F+K,42,0.5,1.922005,0.65301037,0.27103552
half_torus,baseline,1042,0.0,0.29196838,0.51693046,0.24276635
half_torus,baseline,1042,0.1,0.5000707,0.7704952,0.24209419
half_torus,baseline,1042,0.2,0.6340555,0.75178206,0.22465238
half_torus,baseline,1042,0.3,0.95638657,0.7378598,0.22121435
half_torus,baseline,1042,0.4,1.2598057,0.70988995,0.20214844
half_torus,baseline,1042,0.5,1.501049,0.57262737,0.2253134
half_torus,T,1042,0.0,0.5667789,0.2681247,0.17344925
half_torus,T,1042,0.1,0.67782336,0.4321775,0.2612085
half_torus,T,1042,0.2,1.0045079,0.5226062,0.26301503
half_torus,T,1042,0.3,1.6135149,0.59381264,0.19989699
half_torus,T,1042,0.4,2.0384586,0.62977064,0.1902885
half_torus,T,1042,0.5,2.052085,0.57423484,0.2325621
half_torus,K,1042,0.0,0.3078304,0.5143623,0.2383447
half_torus,K,1042,0.1,0.5070003,0.7692668,0.24076031
half_torus,K,1042,0.2,0.6431502,0.75255686,0.22341062
half_torus,K,1042,0.3,0.96951103,0.7391458,0.22019197
half_torus,K,1042,0.4,1.262463,0.70949537,0.20191112
half_torus,K,1042,0.5,1.4919368,0.5719061,0.2249264
half_torus,T+K,1042,0.0,0.7340651,0.30610007,0.19977878
half_torus,T+K,1042,0.1,0.7192501,0.45410156,0.3332172
half_torus,T+K,1042,0.2,0.9344412,0.5264753,0.28615713
half_torus,T+K,1042,0.3,1.4235132,0.6124643,0.29719833
half_torus,T+K,1042,0.4,1.7992127,0.6279896,0.22779314
half_torus,T+K,1042,0.5,2.1180434,0.6024585,0.26275006
half_torus,T+F,1042,0.0,0.26903138,0.3381643,0.21164827
half_torus,T+F,1042,0.1,0.5144947,0.60799897,0.4509956
half_torus,T+F,1042,0.2,0.6977224,0.6621145,0.21671273
half_torus,T+F,1042,0.3,1.1322709,0.6459938,0.2197875
half_torus,T+F,1042,0.4,1.592081,0.6378242,0.2059194
half_torus,T+F,1042,0.5,1.9021034,0.6003506,0.21644872
half_torus,T+F+K,1042,0.0,0.24928255,0.3344269,0.21522838
half_torus,T+F+K,1042,0.1,0.49933153,0.60875624,0.4265406
half_torus,T+F+K,1042,0.2,0.71435636,0.6653791,0.22191972
half_torus,T+F+K,1042,0.3,1.1447297,0.650851,0.21279897
half_torus,T+F+K,1042,0.4,1.5911033,0.64337033,0.19846146
half_torus,T+F+K,1042,0.5,1.8999525,0.6024918,0.20823272
half_torus,baseline,2042,0.0,0.20992874,0.522758,0.2541619
half_torus,baseline,2042,0.1,0.5585926,0.77633506,0.24807155
half_torus,baseline,2042,0.2,0.6938506,0.756975,0.2096561
half_torus,baseline,2042,0.3,0.85104436,0.71680343,0.22950014
half_torus,baseline,2042,0.4,1.1629055,0.66707826,0.24272093
half_torus,baseline,2042,0.5,1.3376718,0.61495155,0.22494626
half_torus,T,2042,0.0,0.39090085,0.30997851,0.31482264
half_torus,T,2042,0.1,0.6817587,0.44877383,0.29309952
half_torus,T,2042,0.2,0.8424343,0.46046704,0.3041941
half_torus,T,2042,0.3,1.0912354,0.5353579,0.33594355
half_torus,T,2042,0.4,1.7315549,0.6499993,0.28621748
half_torus,T,2042,0.5,2.0731778,0.5758724,0.31674072
half_torus,K,2042,0.0,0.19263169,0.51234496,0.23871647
half_torus,K,2042,0.1,0.5298229,0.78031844,0.2446728
half_torus,K,2042,0.2,0.6684732,0.76239705,0.2068466
half_torus,K,2042,0.3,0.82818294,0.7213182,0.2290027
half_torus,K,2042,0.4,1.1233957,0.67128617,0.24475233
half_torus,K,2042,0.5,1.2711961,0.6176049,0.22679076
half_torus,T+K,2042,0.0,0.33836627,0.2662829,0.47696644
half_torus,T+K,2042,0.1,0.64735055,0.41985402,0.3744364
half_torus,T+K,2042,0.2,0.82728755,0.47354424,0.2944132
half_torus,T+K,2042,0.3,1.1596452,0.5467357,0.3069056
half_torus,T+K,2042,0.4,1.7484399,0.631732,0.4362096
half_torus,T+K,2042,0.5,2.0937262,0.5453936,0.69104755
half_torus,T+F,2042,0.0,0.1977532,0.39173114,0.20959306
half_torus,T+F,2042,0.1,0.42094496,0.6477404,0.2200237
half_torus,T+F,2042,0.2,0.5631376,0.6538649,0.19356626
half_torus,T+F,2042,0.3,0.6728569,0.6477581,0.19905733
half_torus,T+F,2042,0.4,0.9946406,0.6584156,0.22012228
half_torus,T+F,2042,0.5,1.1217208,0.6459577,0.22169942
half_torus,T+F+K,2042,0.0,0.2478264,0.36280742,0.21244037
half_torus,T+F+K,2042,0.1,0.56946373,0.56333524,0.2158183
half_torus,T+F+K,2042,0.2,0.7615776,0.5963116,0.18936211
half_torus,T+F+K,2042,0.3,0.9089182,0.6253547,0.20901313
half_torus,T+F+K,2042,0.4,1.2574046,0.668562,0.23411258
half_torus,T+F+K,2042,0.5,1.4443866,0.67038363,0.24855581
half_torus,baseline,3042,0.0,0.27440265,0.5048798,0.24458343
half_torus,baseline,3042,0.1,0.54177886,0.7631364,0.21184796
half_torus,baseline,3042,0.2,0.7886061,0.75160474,0.21991336
half_torus,baseline,3042,0.3,1.0032425,0.7026491,0.23673241
half_torus,baseline,3042,0.4,1.252779,0.6598543,0.23398557
half_torus,baseline,3042,0.5,1.625961,0.62029797,0.22776702
half_torus,T,3042,0.0,0.5178774,0.33172196,6.831461
half_torus,T,3042,0.1,0.82174206,0.40971622,8.114655
half_torus,T,3042,0.2,1.1954316,0.5457772,24.704714
half_torus,T,3042,0.3,1.3107078,0.587618,40.128773
half_torus,T,3042,0.4,1.5755453,0.5955142,11.185415
half_torus,T,3042,0.5,2.0003092,0.61366355,12.944589
half_torus,K,3042,0.0,0.27665624,0.50500005,0.24327256
half_torus,K,3042,0.1,0.54309696,0.7630611,0.21076956
half_torus,K,3042,0.2,0.7911276,0.751469,0.21882533
half_torus,K,3042,0.3,1.0069226,0.70215875,0.23569213
half_torus,K,3042,0.4,1.2559184,0.6584209,0.23381904
half_torus,K,3042,0.5,1.6283484,0.6213582,0.22859322
half_torus,T+K,3042,0.0,0.64730644,0.31304127,0.6940652
half_torus,T+K,3042,0.1,0.7810152,0.42355093,0.48857272
half_torus,T+K,3042,0.2,1.192857,0.53661513,0.6751586
half_torus,T+K,3042,0.3,1.3265599,0.5812352,1.3299627
half_torus,T+K,3042,0.4,1.5679512,0.5719214,1.7007005
half_torus,T+K,3042,0.5,2.0081592,0.5801507,0.9013133
half_torus,T+F,3042,0.0,0.22909935,0.40911812,0.26429826
half_torus,T+F,3042,0.1,0.43019712,0.6459524,0.2572651
half_torus,T+F,3042,0.2,0.6108778,0.67796767,0.3965751
half_torus,T+F,3042,0.3,0.7431911,0.67248046,0.2669654
half_torus,T+F,3042,0.4,1.0832896,0.6558556,0.2230218
half_torus,T+F,3042,0.5,1.4858918,0.63536936,0.21394588
half_torus,T+F+K,3042,0.0,0.17728812,0.42657506,0.232398
half_torus,T+F+K,3042,0.1,0.4073376,0.67670935,0.20321469
half_torus,T+F+K,3042,0.2,0.557429,0.6893056,0.30364355
half_torus,T+F+K,3042,0.3,0.68723935,0.66648567,0.2671076
half_torus,T+F+K,3042,0.4,0.93795776,0.6552169,0.21740545
half_torus,T+F+K,3042,0.5,1.2988583,0.6472041,0.20638932
half_torus,baseline,4042,0.0,0.34790504,0.50865835,0.21612957
half_torus,baseline,4042,0.1,1.0599484,0.7479136,0.2207676
half_torus,baseline,4042,0.2,1.2243357,0.7428594,0.24246092
half_torus,baseline,4042,0.3,1.2642328,0.70304847,0.24120757
half_torus,baseline,4042,0.4,1.3607649,0.69472826,0.23559667
half_torus,baseline,4042,0.5,1.7306887,0.58316004,0.22682925
half_torus,T,4042,0.0,0.66046035,0.27289957,0.3395523
half_torus,T,4042,0.1,1.9649256,0.5631689,0.48695946
half_torus,T,4042,0.2,1.9064498,0.52124405,0.5036043
half_torus,T,4042,0.3,1.8142525,0.46703848,0.57849604
half_torus,T,4042,0.4,1.8177048,0.5106525,0.46534997
half_torus,T,4042,0.5,2.1513352,0.52662593,0.29977912
half_torus,K,4042,0.0,0.30927283,0.5139155,0.22095995
half_torus,K,4042,0.1,0.9823968,0.75114167,0.21712542
half_torus,K,4042,0.2,1.1469818,0.7470696,0.23861872
half_torus,K,4042,0.3,1.1954026,0.70772916,0.23776777
half_torus,K,4042,0.4,1.3184513,0.69570476,0.23285577
half_torus,K,4042,0.5,1.6865348,0.5850876,0.22556378
half_torus,T+K,4042,0.0,0.594656,0.28958282,0.51542443
half_torus,T+K,4042,0.1,1.5011219,0.5786881,1.3174014
half_torus,T+K,4042,0.2,1.9683311,0.5780241,1.0243577
half_torus,T+K,4042,0.3,1.988453,0.48804232,0.31540143
half_torus,T+K,4042,0.4,2.0132236,0.47777995,0.3385733
half_torus,T+K,4042,0.5,2.3570032,0.47724018,0.55532026
half_torus,T+F,4042,0.0,0.26507068,0.37956607,0.18911316
half_torus,T+F,4042,0.1,0.78789824,0.677938,0.20592822
half_torus,T+F,4042,0.2,1.1386563,0.7131869,0.23387718
half_torus,T+F,4042,0.3,1.2001507,0.71560764,0.2608213
half_torus,T+F,4042,0.4,1.2621365,0.71986383,0.25726026
half_torus,T+F,4042,0.5,1.7697955,0.61251265,0.21299505
half_torus,T+F+K,4042,0.0,0.25964916,0.37492976,0.19089776
half_torus,T+F+K,4042,0.1,0.77452374,0.67264134,0.20378648
half_torus,T+F+K,4042,0.2,1.1119051,0.7106249,0.23289067
half_torus,T+F+K,4042,0.3,1.17931,0.7158657,0.26246998
half_torus,T+F+K,4042,0.4,1.2473978,0.7218965,0.26224935
half_torus,T+F+K,4042,0.5,1.7543212,0.61515856,0.21722604
half_torus,baseline,5042,0.0,0.5877913,0.4462695,0.23869817
half_torus,baseline,5042,0.1,0.8214754,0.6803117,0.21151482
half_torus,baseline,5042,0.2,1.1824285,0.664288,0.19124511
half_torus,baseline,5042,0.3,1.4488786,0.6045519,0.21135157
half_torus,baseline,5042,0.4,2.0396352,0.5347443,0.23666587
half_torus,baseline,5042,0.5,2.2859058,0.53550494,0.21350266
half_torus,T,5042,0.0,1.3639963,0.34334192,0.24728906
half_torus,T,5042,0.1,1.0181954,0.3755024,0.18852127
half_torus,T,5042,0.2,1.3521506,0.49081233,0.21904005
half_torus,T,5042,0.3,1.5811619,0.56865746,0.23466365
half_torus,T,5042,0.4,2.1893742,0.5689149,0.26777452
half_torus,T,5042,0.5,2.7004125,0.50953716,0.29535654
half_torus,K,5042,0.0,0.587257,0.44309437,0.23944351
half_torus,K,5042,0.1,0.80946803,0.683538,0.21353142
half_torus,K,5042,0.2,1.1514453,0.6672201,0.19341032
half_torus,K,5042,0.3,1.4033062,0.6038585,0.21257667
half_torus,K,5042,0.4,1.9841509,0.53413904,0.23835413
half_torus,K,5042,0.5,2.2223508,0.53298056,0.21470065
half_torus,T+K,5042,0.0,1.1619948,0.34121668,0.18779738
half_torus,T+K,5042,0.1,1.0194194,0.40427297,0.1750404
half_torus,T+K,5042,0.2,1.3130088,0.5123675,0.2349141
half_torus,T+K,5042,0.3,1.5571246,0.56935877,0.23203614
half_torus,T+K,5042,0.4,2.130649,0.5646575,0.27049267
half_torus,T+K,5042,0.5,2.6790087,0.52081203,0.32223645
half_torus,T+F,5042,0.0,0.5484265,0.3579034,0.24460562
half_torus,T+F,5042,0.1,0.5728961,0.47838268,0.16812325
half_torus,T+F,5042,0.2,0.82209903,0.5765829,0.23034878
half_torus,T+F,5042,0.3,1.0239494,0.6040892,0.27009073
half_torus,T+F,5042,0.4,1.6055099,0.6130683,0.22483964
half_torus,T+F,5042,0.5,1.9356031,0.5140274,0.3285839
half_torus,T+F+K,5042,0.0,0.45453975,0.35006514,0.25786448
half_torus,T+F+K,5042,0.1,0.50068545,0.45141548,0.15881328
half_torus,T+F+K,5042,0.2,0.8038574,0.5572401,0.22402115
half_torus,T+F+K,5042,0.3,0.9394549,0.59710526,0.2966392
half_torus,T+F+K,5042,0.4,1.4352186,0.62884533,0.23577778
half_torus,T+F+K,5042,0.5,1.7967529,0.55728054,0.26669103
half_torus,baseline,6042,0.0,0.39567962,0.50084287,0.21316656
half_torus,baseline,6042,0.1,0.7739247,0.75067323,0.24241601
half_torus,baseline,6042,0.2,1.0810533,0.7635445,0.2232919
half_torus,baseline,6042,0.3,1.2955624,0.7390484,0.21858975
half_torus,baseline,6042,0.4,1.4633273,0.6381061,0.21341304
half_torus,baseline,6042,0.5,1.6496493,0.5928828,0.21981652
half_torus,T,6042,0.0,0.68908954,0.28702953,0.28237242
half_torus,T,6042,0.1,0.99624795,0.39372215,0.14280307
half_torus,T,6042,0.2,1.3608383,0.5116481,0.32306603
half_torus,T,6042,0.3,1.7054883,0.5286912,0.29030254
half_torus,T,6042,0.4,1.8695276,0.44344836,0.29794654
half_torus,T,6042,0.5,1.82878,0.47823992,0.4760428
half_torus,K,6042,0.0,0.40485004,0.50015515,0.21226475
half_torus,K,6042,0.1,0.75051284,0.7461946,0.23944607
half_torus,K,6042,0.2,1.0596538,0.7619831,0.22075048
half_torus,K,6042,0.3,1.2734429,0.7390929,0.2165643
half_torus,K,6042,0.4,1.4401661,0.6395719,0.21230684
half_torus,K,6042,0.5,1.63535,0.5913369,0.21948831
half_torus,T+K,6042,0.0,0.67166716,0.2738078,0.25726208
half_torus,T+K,6042,0.1,0.9789713,0.38656065,0.12218011
half_torus,T+K,6042,0.2,1.3344913,0.4777097,0.22703966
half_torus,T+K,6042,0.3,1.7149442,0.52696013,0.65183675
half_torus,T+K,6042,0.4,1.8138648,0.4354356,0.31765592
half_torus,T+K,6042,0.5,1.8111637,0.47309634,0.3111039
half_torus,T+F,6042,0.0,0.23557146,0.36364743,0.1764862
half_torus,T+F,6042,0.1,0.5502535,0.5490117,0.19724813
half_torus,T+F,6042,0.2,0.97327816,0.6238849,0.23912555
half_torus,T+F,6042,0.3,1.4025453,0.62233764,0.26257083
half_torus,T+F,6042,0.4,2.020575,0.48879865,0.34543163
half_torus,T+F,6042,0.5,2.3565888,0.4703514,0.3490197
half_torus,T+F+K,6042,0.0,0.23013091,0.36348638,0.17325576
half_torus,T+F+K,6042,0.1,0.5401074,0.551836,0.193488
half_torus,T+F+K,6042,0.2,0.94546497,0.6228727,0.23047303
half_torus,T+F+K,6042,0.3,1.3743739,0.62255394,0.2548096
half_torus,T+F+K,6042,0.4,2.002225,0.48839667,0.3412837
half_torus,T+F+K,6042,0.5,2.3503108,0.468445,0.35185504
half_torus,baseline,7042,0.0,0.2894302,0.4539396,0.18150565
half_torus,baseline,7042,0.1,0.6703271,0.68407756,0.21123935
half_torus,baseline,7042,0.2,0.8779217,0.70512754,0.20089306
half_torus,baseline,7042,0.3,1.2240745,0.6704732,0.1983601
half_torus,baseline,7042,0.4,1.4249232,0.6087492,0.20794168
half_torus,baseline,7042,0.5,1.8182806,0.597693,0.23462273
half_torus,T,7042,0.0,0.5150542,0.21701916,0.22297134
half_torus,T,7042,0.1,1.2673421,0.3252871,0.34845224
half_torus,T,7042,0.2,1.5595798,0.35269415,0.34986588
half_torus,T,7042,0.3,2.1121497,0.37346143,0.40756324
half_torus,T,7042,0.4,2.273463,0.34135804,0.5410374
half_torus,T,7042,0.5,2.9236434,0.4274124,0.71334136
half_torus,K,7042,0.0,0.2958158,0.45214385,0.1781955
half_torus,K,7042,0.1,0.6794587,0.6744216,0.20803651
half_torus,K,7042,0.2,0.89717877,0.69700205,0.19851968
half_torus,K,7042,0.3,1.2044826,0.66243494,0.19653933
half_torus,K,7042,0.4,1.357799,0.6042068,0.20676185
half_torus,K,7042,0.5,1.7859279,0.59484446,0.23502062
half_torus,T+K,7042,0.0,0.4047412,0.20820627,0.14246069
half_torus,T+K,7042,0.1,0.9782296,0.34028813,0.20153688
half_torus,T+K,7042,0.2,1.1817935,0.36449555,0.18279187
half_torus,T+K,7042,0.3,1.7054151,0.37809247,0.20126739
half_torus,T+K,7042,0.4,1.8864576,0.3580839,0.253306
half_torus,T+K,7042,0.5,2.4822338,0.44544625,0.32867074
half_torus,T+F,7042,0.0,0.18734008,0.3336878,0.116466455
half_torus,T+F,7042,0.1,0.55827045,0.6030321,0.18795894
half_torus,T+F,7042,0.2,0.721425,0.6210058,0.16621883
half_torus,T+F,7042,0.3,1.0811633,0.5914905,0.17003386
half_torus,T+F,7042,0.4,1.3696815,0.5066068,0.22222565
half_torus,T+F,7042,0.5,1.7201174,0.5208649,0.26995695
half_torus,T+F+K,7042,0.0,0.24254942,0.31172484,0.10799951
half_torus,T+F+K,7042,0.1,0.5994485,0.5736093,0.16662578
half_torus,T+F+K,7042,0.2,0.760379,0.59223837,0.1569226
half_torus,T+F+K,7042,0.3,1.1207362,0.56487685,0.17116082
half_torus,T+F+K,7042,0.4,1.4095109,0.48091203,0.23264636
half_torus,T+F+K,7042,0.5,1.7301066,0.50793576,0.28435826
half_torus,baseline,8042,0.0,0.18350723,0.47234833,0.19283557
half_torus,baseline,8042,0.1,0.5392811,0.7374364,0.2025174
half_torus,baseline,8042,0.2,0.7415127,0.7330168,0.22799881
half_torus,baseline,8042,0.3,1.0887505,0.6929722,0.22207336
half_torus,baseline,8042,0.4,1.2559432,0.6642819,0.22160423
half_torus,baseline,8042,0.5,1.5833817,0.58005935,0.22516698
half_torus,T,8042,0.0,0.6692284,0.26345006,0.26911744
half_torus,T,8042,0.1,1.6973512,0.4207935,0.19696364
half_torus,T,8042,0.2,2.1006455,0.45513895,0.5403383
half_torus,T,8042,0.3,2.421699,0.42302796,0.34448665
half_torus,T,8042,0.4,2.2448554,0.4151908,0.2664304
half_torus,T,8042,0.5,2.376226,0.40993053,0.7117063
half_torus,K,8042,0.0,0.1777527,0.4732676,0.19398907
half_torus,K,8042,0.1,0.53006977,0.7371662,0.20126998
half_torus,K,8042,0.2,0.7275457,0.73345596,0.2263869
half_torus,K,8042,0.3,1.0728701,0.6951498,0.22061685
half_torus,K,8042,0.4,1.2396433,0.6673589,0.2206496
half_torus,K,8042,0.5,1.5743275,0.58004546,0.22492473
half_torus,T+K,8042,0.0,0.6649378,0.26504102,0.22733958
half_torus,T+K,8042,0.1,1.7234738,0.4230069,0.20285486
half_torus,T+K,8042,0.2,2.135993,0.45660213,0.4656273
half_torus,T+K,8042,0.3,2.4942322,0.42537764,0.37644458
half_torus,T+K,8042,0.4,2.3163922,0.41363963,0.3218279
half_torus,T+K,8042,0.5,2.4495287,0.41254082,0.5791705
half_torus,T+F,8042,0.0,0.1552979,0.24439389,0.11653372
half_torus,T+F,8042,0.1,0.59193146,0.5446245,0.16749853
half_torus,T+F,8042,0.2,0.95335275,0.59696364,0.19106221
half_torus,T+F,8042,0.3,1.3965994,0.57042205,0.20134798
half_torus,T+F,8042,0.4,1.586524,0.4747071,0.25862655
half_torus,T+F,8042,0.5,1.7695827,0.4039284,0.2737705
half_torus,T+F+K,8042,0.0,0.16991876,0.23262168,0.10497823
half_torus,T+F+K,8042,0.1,0.63742054,0.5323476,0.16437934
half_torus,T+F+K,8042,0.2,0.9969275,0.57713175,0.19995728
half_torus,T+F+K,8042,0.3,1.4547639,0.55976075,0.19991313
half_torus,T+F+K,8042,0.4,1.6379791,0.46545723,0.25032434
half_torus,T+F+K,8042,0.5,1.7991512,0.3987203,0.27048674
half_torus,baseline,9042,0.0,0.24714637,0.5470503,0.30321917
half_torus,baseline,9042,0.1,0.60634667,0.6960009,0.26708895
half_torus,baseline,9042,0.2,0.8306388,0.7080626,0.24102303
half_torus,baseline,9042,0.3,0.99636286,0.660814,0.22583771
half_torus,baseline,9042,0.4,1.311215,0.62144333,0.21123874
half_torus,baseline,9042,0.5,1.6704903,0.564959,0.20173879
half_torus,T,9042,0.0,0.52206177,0.28525695,0.33987477
half_torus,T,9042,0.1,0.92788464,0.51531047,0.40498045
half_torus,T,9042,0.2,1.2391587,0.55264294,0.3578876
half_torus,T,9042,0.3,1.3542564,0.5363409,0.28957903
half_torus,T,9042,0.4,2.0145638,0.5825241,0.30541557
half_torus,T,9042,0.5,2.7485693,0.6099993,0.35515484
half_torus,K,9042,0.0,0.22458111,0.5394803,0.29044276
half_torus,K,9042,0.1,0.5850898,0.7136696,0.2584689
half_torus,K,9042,0.2,0.8182098,0.72190654,0.23872463
half_torus,K,9042,0.3,1.0002664,0.66867626,0.22473797
half_torus,K,9042,0.4,1.315348,0.62979233,0.21316218
half_torus,K,9042,0.5,1.7111526,0.5746618,0.20563808
half_torus,T+K,9042,0.0,0.4839526,0.28876862,0.29512024
half_torus,T+K,9042,0.1,0.9047969,0.51787484,0.38289443
half_torus,T+K,9042,0.2,1.1560463,0.569362,0.38323516
half_torus,T+K,9042,0.3,1.2586869,0.54775625,0.34426197
half_torus,T+K,9042,0.4,2.020512,0.57917863,0.363331
half_torus,T+K,9042,0.5,2.833673,0.578799,0.44897667
half_torus,T+F,9042,0.0,0.21736448,0.45447242,0.25286326
half_torus,T+F,9042,0.1,0.4074819,0.69202554,0.24255882
half_torus,T+F,9042,0.2,0.6399447,0.74077237,0.2708278
half_torus,T+F,9042,0.3,0.86482,0.7170336,0.28353298
half_torus,T+F,9042,0.4,1.2418324,0.7021412,0.24262498
half_torus,T+F,9042,0.5,1.7241251,0.61695564,0.24685133
half_torus,T+F+K,9042,0.0,0.2182107,0.471609,0.2372075
half_torus,T+F+K,9042,0.1,0.48760286,0.72409797,0.27863726
half_torus,T+F+K,9042,0.2,0.7428864,0.7672371,0.27405766
half_torus,T+F+K,9042,0.3,1.0530261,0.72282463,0.23278023
half_torus,T+F+K,9042,0.4,1.4008154,0.68397516,0.2224615
half_torus,T+F+K,9042,0.5,1.8886293,0.6137365,0.23232062
