surface,config,seed,ae_loss,MTE@0.1,MTE@0.5,MTE@1.0,W2@1.0,sW2@0.5,sW2@1.0,MMD@1.0,survival@1.0,stopped@1.0,E_mu_held,drift_loss_final,diff_loss_final
paraboloid,baseline,42,0.0058012669906020164,0.9820162963867187,2.016834424889606,2.788998273463031,2.0461351282166023,0.9399048787818117,1.5567399365818912,0.2375379204750061,0.7649999856948853,0.23999999463558197,1.1389553546905518,0.024096613749861717,1.6487586498260498
paraboloid,T+F,42,0.018033325672149658,0.8755815124511719,1.96978875865107,2.758352641186683,1.6748191001920478,1.2414309960520473,1.9917056112490004,0.20387014746665955,0.7649999856948853,0.23999999463558197,0.08683760464191437,0.01574750617146492,0.2948871850967407
paraboloid,T+F+K,42,0.012192453257739544,0.915673828125,1.9620102592136548,2.532589582056781,1.711237941999779,0.974063432432154,2.007722532948413,0.17781317234039307,0.7649999856948853,0.23999999463558197,0.0461634062230587,0.021027803421020508,0.23823390901088715
paraboloid,T+F+K+S,42,0.012192453257739544,0.9248295593261718,2.0019163048785664,2.5941277796926063,1.7486538773535183,0.9930423348146241,2.1685862705617907,0.19701769948005676,0.7649999856948853,0.23999999463558197,0.29210007190704346,0.6386246085166931,0.23823390901088715
paraboloid,baseline,1042,0.010783392935991287,1.006064486863026,1.9634835379464286,2.8043785095214844,1.9235757893967953,1.1260527598065178,2.256805124085954,0.3155096173286438,0.7199999690055847,0.26499998569488525,0.8302447199821472,0.005545978434383869,2.2730700969696045
paraboloid,T+F,1042,0.011286805383861065,0.8074686635079695,1.6542578125,2.319011688232422,1.2977259352283055,0.7573913406003298,1.4982129775185278,0.23648394644260406,0.7199999690055847,0.26499998569488525,0.11653192341327667,0.015384024940431118,0.19552189111709595
paraboloid,T+F+K,1042,0.0038394671864807606,0.8139573293714667,1.7620793805803572,2.5787569681803384,1.546262549316113,0.9910876409675992,2.1215929476527142,0.3257410526275635,0.7199999690055847,0.26499998569488525,0.058066725730895996,0.01138424500823021,0.19494929909706116
paraboloid,T+F+K+S,1042,0.0038394671864807606,0.8157678345339981,1.6376705496651787,2.1913640764024525,1.1288384144716748,0.7864157995277162,1.3242628522308117,0.23650914430618286,0.7199999690055847,0.26499998569488525,0.19181959331035614,0.2069917917251587,0.19494929909706116
paraboloid,baseline,2042,0.0008204104378819466,1.068914288851484,3.316728193681319,5.187445573746019,4.7496959640208685,2.9601266710798284,5.002669151504847,0.45366019010543823,0.7849999666213989,0.23499999940395355,0.6793772578239441,7.919920921325684,1.724509835243225
paraboloid,T+F,2042,0.009301172569394112,0.742969915495446,1.843580308851305,2.458037941319168,1.5507405344161795,1.1821852545491371,2.30059751559968,0.1478690207004547,0.7849999666213989,0.23499999940395355,0.09155279397964478,0.06774318218231201,0.14972655475139618
paraboloid,T+F+K,2042,0.0320354700088501,0.8104102359944253,1.9921423943488152,2.4131592185633957,1.6333936527467168,1.2238352624400943,1.7903503210629816,0.1737036108970642,0.7849999666213989,0.23499999940395355,0.13890597224235535,0.056022725999355316,0.2280011922121048
paraboloid,T+F+K+S,2042,0.0320354700088501,0.8075196539337312,1.9103782569969094,2.2651584892515926,1.5370445953384795,1.0708233444243043,1.5733501895976187,0.17623503506183624,0.7849999666213989,0.23499999940395355,0.27657851576805115,0.8309334516525269,0.2280011922121048
paraboloid,baseline,3042,0.0020442295353859663,0.9737216186523437,2.2730115807574727,2.7850026380295723,1.95278524455134,0.9745507265795307,1.4404729130827152,0.24111206829547882,0.7450000047683716,0.23999999463558197,0.26328742504119873,0.11774566769599915,0.38117948174476624
paraboloid,T+F,3042,0.009119627997279167,1.0442330169677734,2.190918134606403,2.8704330137111995,1.6481332569595708,1.382124659251587,2.2457584860374484,0.22638380527496338,0.7450000047683716,0.23999999463558197,0.08901441097259521,0.04025117680430412,0.04420693591237068
paraboloid,T+F+K,3042,0.05578131973743439,0.5926797103881836,1.3356943545134172,1.8796542378880035,1.4214574008028773,0.6839203290172007,1.1678646772067198,0.25490081310272217,0.7450000047683716,0.23999999463558197,0.07730328291654587,0.018586136400699615,0.06704684346914291
paraboloid,T+F+K+S,3042,0.05578131973743439,0.5954758453369141,1.3895495870838994,2.0440350218907297,1.538126990287653,0.6878994029160199,1.3002595909030727,0.31293246150016785,0.7450000047683716,0.23999999463558197,0.2975430488586426,0.5110625624656677,0.06704684346914291
paraboloid,baseline,4042,0.0014358684420585632,1.0357028198242189,2.171319814828726,2.8473988583213403,1.8505583687864857,1.1066348405698392,2.3551465888571705,0.22060614824295044,0.7599999904632568,0.29999998211860657,0.307158887386322,0.07094156742095947,0.31479182839393616
paraboloid,T+F,4042,0.011931064538657665,0.9869035339355469,2.0825171837439904,2.481958088121916,1.1041311341358053,0.9515024849551016,1.9725681403755466,0.17889061570167542,0.7599999904632568,0.29999998211860657,0.09521027654409409,0.03605450689792633,0.07021630555391312
paraboloid,T+F+K,4042,0.017529133707284927,1.0370820617675782,2.1126497708834133,2.443358170358758,1.46978810497599,1.0255560170027627,1.8523247723067797,0.2561292350292206,0.7599999904632568,0.29999998211860657,0.05258200317621231,0.024439720436930656,0.02224920690059662
paraboloid,T+F+K+S,4042,0.017529133707284927,1.0287344360351562,2.0968347905756355,2.3613608510870683,1.1659580962233416,0.8989610894395517,1.7662518745721845,0.19052794575691223,0.7599999904632568,0.29999998211860657,0.10406600683927536,0.18992677330970764,0.02224920690059662
paraboloid,baseline,5042,0.04308914393186569,1.197869873046875,2.2355418871807795,2.904156853170956,2.2602023449494646,1.4168042481499217,2.0180935688558423,0.2648080885410309,0.7649999856948853,0.26499998569488525,0.8693660497665405,0.02719355933368206,0.7816930413246155
paraboloid,T+F,5042,0.01481475681066513,1.114667205810547,2.1521905058173725,2.8230903974545547,2.092967671734689,1.3257378693816821,2.0130710760034156,0.24934084713459015,0.7649999856948853,0.26499998569488525,0.17936313152313232,0.015080425888299942,0.21075965464115143
paraboloid,T+F+K,5042,0.00584770692512393,0.5302349090576172,1.1199801865444388,1.789077659058415,1.382027022824561,0.5194781480544977,1.2104319147655846,0.208682119846344,0.7649999856948853,0.26499998569488525,0.05981789156794548,0.004098275676369667,0.01107581052929163
paraboloid,T+F+K+S,5042,0.00584770692512393,0.5311879348754883,1.1490591725995463,1.8395268060023489,1.4115041414937006,0.5385043374624487,1.107959878103432,0.21606625616550446,0.7649999856948853,0.26499998569488525,0.10363530367612839,0.06661124527454376,0.01107581052929163
paraboloid,baseline,6042,0.0034039225429296494,1.149122543334961,2.2871140834263395,2.757626468188142,1.8786944181581153,1.0376901521614188,1.7262863328525684,0.2143368273973465,0.7299999594688416,0.3050000071525574,0.8980332612991333,0.02134190872311592,1.0429517030715942
paraboloid,T+F,6042,0.011599479243159294,1.0121896362304688,2.013655482700893,2.348692384484696,1.3113977123422904,0.7940510212014601,1.2088997687404741,0.164629727602005,0.7299999594688416,0.3050000071525574,0.10971184819936752,0.016779355704784393,0.1875837743282318
paraboloid,T+F+K,6042,0.015193837694823742,0.9528640747070313,2.1734793526785716,2.8113591442369437,1.6846325151668873,1.1690987828285877,2.0220244805348306,0.24884793162345886,0.7299999594688416,0.3050000071525574,0.07473784685134888,0.03786598891019821,0.12729039788246155
paraboloid,T+F+K+S,6042,0.015193837694823742,0.9447007751464844,2.06284423828125,2.4757748956549657,1.3927765043706801,0.975494259136707,1.597483252851004,0.2386636734008789,0.7299999594688416,0.3050000071525574,0.2812488079071045,0.7128380537033081,0.12729039788246155
paraboloid,baseline,7042,0.0010997394565492868,1.1156360875422031,2.19366701187626,2.727643181295956,1.749713505801528,0.8671957524591867,1.2841710428651496,0.20654267072677612,0.7649999856948853,0.26999998092651367,0.5230429172515869,0.06534121930599213,0.7350634932518005
paraboloid,T+F,7042,0.00966715533286333,1.1278280133578047,1.9399606027910787,2.5069131290211395,1.2110686311964551,0.7951325725426102,1.5308346221903464,0.11876481771469116,0.7649999856948853,0.26999998092651367,0.04988179728388786,0.008934816345572472,0.058889176696538925
paraboloid,T+F+K,7042,0.007579050958156586,0.7241652598932161,1.5673477008778562,1.9742226195491217,1.2060349882700987,0.838504374282289,1.3128436926738491,0.20019710063934326,0.7649999856948853,0.26999998092651367,0.01823151297867298,0.0074459100142121315,0.021124526858329773
paraboloid,T+F+K+S,7042,0.007579050958156586,0.7159504339323571,1.6255248695291498,2.145526162939134,1.2327268175274548,0.8519613309611164,1.1590493022440473,0.21411898732185364,0.7649999856948853,0.26999998092651367,0.18101847171783447,0.2485797256231308,0.021124526858329773
paraboloid,baseline,8042,0.004029915668070316,1.0236474609375,1.882109946392952,2.3675324062131486,1.4245150913015951,1.0578110615368908,1.7720584513992104,0.2351911962032318,0.7949999570846558,0.29999998211860657,0.2043616771697998,0.019960157573223114,0.2910490930080414
paraboloid,T+F,8042,0.0026207934133708477,0.8477835845947266,1.6074988182554855,1.9911986536949686,1.076792842328427,0.916929327006917,0.8902191633985377,0.1331070363521576,0.7949999570846558,0.29999998211860657,0.07088971138000488,0.028850950300693512,0.0715959295630455
paraboloid,T+F+K,8042,0.024546315893530846,1.0390838623046874,2.060991327813331,2.7305670204402515,1.4701530935148241,1.1807569001759899,1.9985280389563507,0.2702699601650238,0.7949999570846558,0.29999998211860657,0.04475804790854454,0.018816610798239708,0.014466850087046623
paraboloid,T+F+K+S,8042,0.024546315893530846,1.0350132751464844,1.992576761448637,2.50914414123919,1.113373371359054,1.0099195766103108,1.5031092192177677,0.21004892885684967,0.7949999570846558,0.29999998211860657,0.14348848164081573,0.16186219453811646,0.014466850087046623
paraboloid,baseline,9042,0.0031713617499917746,1.340205841064453,2.372409007588371,3.1007806878340873,1.9070417946551699,1.425667952224587,2.437700443038542,0.3031465709209442,0.7599999904632568,0.3199999928474426,0.3653990924358368,0.03927367925643921,0.3399106562137604
paraboloid,T+F,9042,0.03172063082456589,1.1068124389648437,2.1099963579021517,2.7722240247224508,1.7348715134047497,1.5249309285955204,2.3471683649156416,0.29360222816467285,0.7599999904632568,0.3199999928474426,0.07589616626501083,0.022318977862596512,0.04914671182632446
paraboloid,T+F+K,9042,0.04608573764562607,1.0544292449951171,1.984313798081028,2.5668501602975944,1.6339643970145559,1.3657168039825542,2.0598312008670723,0.23688586056232452,0.7599999904632568,0.3199999928474426,0.09315687417984009,0.027235262095928192,0.07639342546463013
paraboloid,T+F+K+S,9042,0.04608573764562607,1.0646973419189454,1.9760198541026297,2.4704790617290295,1.4396256274894097,1.3218743774919763,1.8943178738486395,0.2089330404996872,0.7599999904632568,0.3199999928474426,0.19034844636917114,0.25537773966789246,0.07639342546463013
hyperbolic_paraboloid,baseline,42,0.0025345522444695234,1.1084656524658203,2.2441334931746773,2.719454497293709,1.483224395603267,1.077833852826602,1.6724309284794192,0.1717049926519394,0.7649999856948853,0.23999999463558197,0.07331898808479309,0.012927168980240822,0.5958168506622314
hyperbolic_paraboloid,T+F,42,0.27778154611587524,0.9898771667480468,2.5830449643342392,3.9598947163500817,2.7638970277113395,1.7665971869623092,2.930399605355569,0.32595524191856384,0.7649999856948853,0.23999999463558197,1.1045951843261719,0.7058830261230469,0.36431851983070374
hyperbolic_paraboloid,T+F+K,42,0.015632355585694313,1.376957550048828,2.639554231063179,3.105709300321691,1.101101815930838,1.0452162252269284,1.6631294353252566,0.1353125125169754,0.7649999856948853,0.23999999463558197,0.02742200344800949,0.0163562148809433,0.031811539083719254
hyperbolic_paraboloid,T+F+K+S,42,0.015632355585694313,1.3793936157226563,2.6980698626974355,2.993554607715482,1.1469028162624397,1.1144605824597287,1.2086291591199518,0.1680741161108017,0.7649999856948853,0.23999999463558197,0.08346166461706161,0.23760735988616943,0.031811539083719254
hyperbolic_paraboloid,baseline,1042,0.0010217189555987716,1.050357147676861,1.8605848911830356,2.5877683427598743,1.4980763802433468,1.0911228416458998,1.7406453169531206,0.22180037200450897,0.7199999690055847,0.26499998569488525,0.17120149731636047,0.015395505353808403,0.4066089987754822
hyperbolic_paraboloid,T+F,1042,0.001735290396027267,0.9942123949827262,1.8430620465959822,2.4270858764648438,1.1211174515376068,0.8244816543165444,1.4316161007120842,0.16957038640975952,0.7199999690055847,0.26499998569488525,0.023005500435829163,0.008135414682328701,0.013573595322668552
hyperbolic_paraboloid,T+F+K,1042,0.007004486862570047,1.0122811015526854,1.8637979561941964,2.454015943739149,1.1451053667193045,0.8404019994272721,1.5077607255691727,0.17687951028347015,0.7199999690055847,0.26499998569488525,0.012130588293075562,0.00485475966706872,0.014229297637939453
hyperbolic_paraboloid,T+F+K+S,1042,0.007004486862570047,1.0076339184938363,1.8622031947544644,2.4532714419894748,1.1835875489586916,0.9073578423369218,1.4020392460769096,0.20034858584403992,0.7199999690055847,0.26499998569488525,0.061596691608428955,0.1862340271472931,0.014229297637939453
hyperbolic_paraboloid,baseline,2042,0.0006981728365644813,0.9110178731793734,2.309367420909169,3.0683937801676953,1.993705462412121,1.18296317764482,2.0587192724914005,0.254444420337677,0.7849999666213989,0.23499999940395355,0.09644119441509247,0.027958808466792107,0.2738173007965088
hyperbolic_paraboloid,T+F,2042,0.00989710632711649,0.8986839409449592,2.2102832165393203,2.8469545400826033,1.4885867898731204,1.0361853590197938,1.8036743672912985,0.18077751994132996,0.7849999666213989,0.23499999940395355,0.04290717840194702,0.017825577408075333,0.011281536892056465
hyperbolic_paraboloid,T+F+K,2042,0.002228962257504463,1.035533272441308,2.403487320784684,2.8508701202975715,1.2447407629912937,0.9657911065830812,1.1293347903268343,0.14227010309696198,0.7849999666213989,0.23499999940395355,0.012791914865374565,0.008194240741431713,0.018135102465748787
hyperbolic_paraboloid,T+F+K+S,2042,0.002228962257504463,1.0466022587301742,2.4009801843664147,2.785952428343949,1.3449761978889054,0.9021808589362421,0.9141321755752374,0.15335607528686523,0.7849999666213989,0.23499999940395355,0.0610773079097271,0.17401382327079773,0.018135102465748787
hyperbolic_paraboloid,baseline,3042,0.001255505601875484,0.5566874694824219,1.2356229035750679,1.773141336121015,1.1987580803244666,0.5984001871352427,0.944574099709371,0.19100536406040192,0.7450000047683716,0.23999999463558197,0.1039096862077713,0.009359272196888924,0.18195636570453644
hyperbolic_paraboloid,T+F,3042,0.0020072301849722862,0.47879093170166015,1.050385682479195,1.5896738551607068,1.0397543769740352,0.4707397093534249,0.779104450337944,0.1671167016029358,0.7450000047683716,0.23999999463558197,0.016986312344670296,0.015694260597229004,0.024072227999567986
hyperbolic_paraboloid,T+F+K,3042,0.00798816978931427,0.47855003356933595,1.0686273160188093,1.4648115938941904,1.048206684336958,0.5067635193033545,0.8622231417900769,0.1473643034696579,0.7450000047683716,0.23999999463558197,0.012599102221429348,0.005516163073480129,0.03525170683860779
hyperbolic_paraboloid,T+F+K+S,3042,0.00798816978931427,0.476021728515625,1.134672330773395,1.7521565072488465,1.084737709193172,0.5229513568203236,0.9233002790349178,0.18022969365119934,0.7450000047683716,0.23999999463558197,0.043260276317596436,0.24981574714183807,0.03525170683860779
hyperbolic_paraboloid,baseline,4042,0.0009673775639384985,0.917065658569336,1.8618467561491243,2.2921893471165706,1.248451038646769,0.6930169145433768,1.303074887167463,0.18134570121765137,0.7599999904632568,0.29999998211860657,0.07429704815149307,0.02099391631782055,0.1010093092918396
hyperbolic_paraboloid,T+F,4042,0.002596868434920907,0.9194004821777344,1.881740192790608,2.3197581642552425,0.9857578326509884,0.6965073236438074,1.3259381599323108,0.15319858491420746,0.7599999904632568,0.29999998211860657,0.049055229872465134,0.01841168850660324,0.021552154794335365
hyperbolic_paraboloid,T+F+K,4042,0.002419046126306057,0.9260816955566407,1.8852317726219094,2.3126140393708883,1.0288273090302775,0.7197306451031188,1.4103295830610796,0.15415233373641968,0.7599999904632568,0.29999998211860657,0.014397135935723782,0.006774989888072014,0.015291579999029636
hyperbolic_paraboloid,T+F+K+S,4042,0.002419046126306057,0.9204713439941407,1.837458013178228,2.2686629044382194,0.9252693694794508,0.6355181178309371,1.2154938182322916,0.12839893996715546,0.7599999904632568,0.29999998211860657,0.04921985790133476,0.21151243150234222,0.015291579999029636
hyperbolic_paraboloid,baseline,5042,0.0019238211680203676,0.7855266571044922,1.44282712218582,2.027593675002553,1.62365596696116,0.7324936776309257,1.0461519253051306,0.22213469445705414,0.7649999856948853,0.26499998569488525,0.4007396101951599,0.05399971455335617,0.25224798917770386
hyperbolic_paraboloid,T+F,5042,0.0022063336800783873,0.8341555786132813,1.893516622563844,2.5748677970537175,1.2615346192578953,0.7804451610248051,1.3681903343549597,0.1709245890378952,0.7649999856948853,0.26499998569488525,0.049587592482566833,0.007838664576411247,0.020893553271889687
hyperbolic_paraboloid,T+F+K,5042,0.002401897683739662,0.8323491668701172,1.8269006872689852,2.443734362234477,1.171161058502683,0.7294014420948808,1.2703492456090697,0.1317061185836792,0.7649999856948853,0.26499998569488525,0.026559030637145042,0.0049481261521577835,0.0104407062754035
hyperbolic_paraboloid,T+F+K+S,5042,0.002401897683739662,0.8408711242675782,1.8543153168052755,2.6832209568397674,1.4967408958220183,0.8114496297984345,1.4682292262395813,0.16046373546123505,0.7649999856948853,0.26499998569488525,0.22167715430259705,0.3113138973712921,0.0104407062754035
hyperbolic_paraboloid,baseline,6042,0.0016839124727994204,1.1650311279296874,2.3965755789620538,2.952016961084653,1.6995999789660055,1.136622327028432,1.7943333603606213,0.22537632286548615,0.7299999594688416,0.3050000071525574,0.15202443301677704,0.01603729836642742,0.24364328384399414
hyperbolic_paraboloid,T+F,6042,0.009922116994857788,0.8961375427246093,2.0477291434151788,2.815555938302654,1.4689802019209366,0.9771556292241466,1.7308511255787764,0.2509269118309021,0.7299999594688416,0.3050000071525574,0.04073457047343254,0.013722551986575127,0.022035257890820503
hyperbolic_paraboloid,T+F+K,6042,0.009676540270447731,1.2898095703125,2.6090440150669645,2.937535743190818,1.061867228394075,0.9924816294250689,1.2653811207280012,0.19022080302238464,0.7299999594688416,0.3050000071525574,0.04094512015581131,0.010973884724080563,0.027532123029232025
hyperbolic_paraboloid,T+F+K+S,6042,0.009676540270447731,1.2921188354492188,2.611853724888393,2.9544431085455907,1.2589941545668686,1.118878338109687,1.5636923915965428,0.20861613750457764,0.7299999594688416,0.3050000071525574,0.14437997341156006,0.21237944066524506,0.027532123029232025
hyperbolic_paraboloid,baseline,7042,0.002825767733156681,1.0130027886012092,1.955921624296455,2.556674134497549,1.4386822047860948,0.8356779168542783,1.3388662019047848,0.19395340979099274,0.7649999856948853,0.26999998092651367,0.1641274392604828,0.027600793167948723,0.09719248116016388
hyperbolic_paraboloid,T+F,7042,0.0012897468404844403,1.0133746736612752,2.022792036815356,2.6018940046721815,1.3132424718082867,0.8707120063610677,1.3021850323697548,0.21479713916778564,0.7649999856948853,0.26999998092651367,0.016495903953909874,0.006334619130939245,0.01300742942839861
hyperbolic_paraboloid,T+F+K,7042,0.01244770921766758,0.9389027351111023,1.972594230405746,2.2458001429738563,0.9014583881569964,0.4806906462083737,0.8135066271304329,0.15767137706279755,0.7649999856948853,0.26999998092651367,0.01794593408703804,0.009945573285222054,0.012174169532954693
hyperbolic_paraboloid,T+F+K+S,7042,0.01244770921766758,0.9424518220987751,2.037958288705477,2.478366826873979,1.1881536188130961,0.5422052916897151,1.0527355339007476,0.19510518014431,0.7649999856948853,0.26999998092651367,0.09500601142644882,0.2614081799983978,0.012174169532954693
hyperbolic_paraboloid,baseline,8042,0.020525138825178146,0.9202613830566406,1.5892071013754987,2.0754072081367925,1.6372790657911849,0.6464083048779529,1.1789461737606086,0.18852904438972473,0.7949999570846558,0.29999998211860657,0.40136775374412537,0.006864069029688835,2.1727652549743652
hyperbolic_paraboloid,T+F,8042,0.0011041030520573258,0.8730846405029297,1.7277982995865193,2.2711204672759435,1.2026153926014271,0.8680085061298535,1.379615778011063,0.19896726310253143,0.7949999570846558,0.29999998211860657,0.02613212913274765,0.013728446327149868,0.11738847196102142
hyperbolic_paraboloid,T+F+K,8042,0.0012903769966214895,0.8531085205078125,1.6378037472988696,2.1786856021521226,1.1427740898407697,0.9714854586595666,1.4470305300342374,0.18545851111412048,0.7949999570846558,0.29999998211860657,0.009034594520926476,0.007027703803032637,0.11662545800209045
hyperbolic_paraboloid,T+F+K+S,8042,0.0012903769966214895,0.8562834167480469,1.6612668950506981,2.3214287907822326,1.295829886376315,1.021283483067912,1.7518251331913206,0.2350395917892456,0.7949999570846558,0.29999998211860657,0.10464043915271759,0.2056891918182373,0.11662545800209045
hyperbolic_paraboloid,baseline,9042,0.006581764668226242,1.1248249053955077,1.9528935333418715,2.6250188727127877,1.7247434788796998,1.1774149142650165,1.5164118124266797,0.18756103515625,0.7599999904632568,0.3199999928474426,0.2682115137577057,0.02669074758887291,1.1395766735076904
hyperbolic_paraboloid,T+F,9042,0.028141671791672707,0.8927053070068359,1.746246671416069,2.3120839972245064,1.166406996341442,1.1743857490241385,1.3541350934955743,0.16787220537662506,0.7599999904632568,0.3199999928474426,0.039634350687265396,0.010117833502590656,0.0647275373339653
hyperbolic_paraboloid,T+F+K,9042,0.009895451366901398,0.9481055450439453,1.8052531591530054,2.3583438270970394,1.5232479217851482,1.2232918836691105,1.148827169505328,0.14529792964458466,0.7599999904632568,0.3199999928474426,0.026850949972867966,0.0061897276900708675,0.10412565618753433
hyperbolic_paraboloid,T+F+K+S,9042,0.009895451366901398,0.9557680511474609,1.8172342269147028,2.3753834774619653,1.5330540744924748,1.2748538800816047,1.3150512165054733,0.16632875800132751,0.7599999904632568,0.3199999928474426,0.056125715374946594,0.20300957560539246,0.10412565618753433
sinusoidal,baseline,42,0.001220214064233005,0.6922956085205079,1.389998892079229,1.8428887261284723,0.7254870678267747,0.5187196378668639,0.6059230447306585,0.18355153501033783,0.7649999856948853,0.23999999463558197,0.04040483385324478,0.006722330581396818,0.21130158007144928
sinusoidal,T+F,42,0.002165968995541334,0.681338119506836,1.4338030607804009,1.9412351122089462,0.7997411037927507,0.6134248180006817,0.6412931254414015,0.1987568587064743,0.7649999856948853,0.23999999463558197,0.020071694627404213,0.009638771414756775,0.014447299763560295
sinusoidal,T+F+K,42,0.00875950325280428,0.6826387023925782,1.4338788571565046,1.9703528709660947,0.9325231412480589,0.6715320770237401,0.677274062118462,0.1996903121471405,0.7649999856948853,0.23999999463558197,0.008636980317533016,0.00640477379783988,0.010287382639944553
sinusoidal,T+F+K+S,42,0.00875950325280428,0.6924142456054687,1.4726683575174082,2.064045426113154,0.968294343990317,0.7440228392467475,0.8737325255233088,0.1878265142440796,0.7649999856948853,0.23999999463558197,0.07592208683490753,0.14595501124858856,0.010287382639944553
sinusoidal,baseline,1042,0.0008001101668924093,0.8655253654748352,1.5200540597098213,1.8973865509033203,0.7444835261745946,0.650366725912119,0.599615243253887,0.14716801047325134,0.7199999690055847,0.26499998569488525,0.04397135600447655,0.0026864525862038136,0.0756506398320198
sinusoidal,T+F,1042,0.00502739567309618,0.7410227713273398,1.37650634765625,1.7238510979546442,0.7400548856981157,0.6616742244093846,0.6185345459814097,0.16964559257030487,0.7199999690055847,0.26499998569488525,0.014139538630843163,0.0028566920664161444,0.0067155687138438225
sinusoidal,T+F+K,1042,0.015796473249793053,0.7376776460427136,1.3839875139508928,1.7283958858913846,0.7260679364297828,0.6846472159056093,0.6408174431334556,0.16008366644382477,0.7199999690055847,0.26499998569488525,0.006876793690025806,0.0041206092573702335,0.00490556051954627
sinusoidal,T+F+K+S,1042,0.015796473249793053,0.7355839714932082,1.3788178362165178,1.639825291103787,0.6720799362194831,0.6716587311852341,0.7558332737884343,0.17031323909759521,0.7199999690055847,0.26499998569488525,0.09462015330791473,0.13288547098636627,0.00490556051954627
sinusoidal,baseline,2042,0.002042768755927682,0.6770027198983197,1.5037104009271978,1.7655274215017913,0.7126924779432329,0.4543899584057298,0.9328304519891766,0.1696234494447708,0.7849999666213989,0.23499999940395355,0.04589966684579849,0.004101276397705078,0.2076600342988968
sinusoidal,T+F,2042,0.012649057433009148,0.6702164693094378,1.6471017690805287,2.1299403488256368,0.9453757288219353,0.6538170198867936,1.3687464694084428,0.17604824900627136,0.7849999666213989,0.23499999940395355,0.02312188409268856,0.01155550591647625,0.03470224514603615
sinusoidal,T+F+K,2042,0.01283281110227108,0.6752004958876413,1.6021106426532452,2.031427662843352,0.8464636177048234,0.6059012734680946,1.1753641166402473,0.14280451834201813,0.7849999666213989,0.23499999940395355,0.019786931574344635,0.006230288650840521,0.031767167150974274
sinusoidal,T+F+K+S,2042,0.01283281110227108,0.6754532243738223,1.611517602270776,2.0434290406050954,0.7769419297583697,0.573662563974539,1.1098778647092327,0.15798597037792206,0.7849999666213989,0.23499999940395355,0.08827158063650131,0.18501469492912292,0.031767167150974274
sinusoidal,baseline,3042,0.0015617033932358027,0.8367403411865234,1.4766752823539402,1.8894880666028733,0.7127166565763097,0.5215693443088742,0.7149204219980795,0.09903927892446518,0.7450000047683716,0.23999999463558197,0.04064450412988663,0.005360775627195835,0.15671056509017944
sinusoidal,T+F,3042,0.003092713886871934,0.822625732421875,1.5136471623959749,2.0174470427852347,0.7057373977151908,0.5266121611150433,0.6812449785362453,0.11720936745405197,0.7450000047683716,0.23999999463558197,0.011201197281479836,0.0051466189324855804,0.007946609519422054
sinusoidal,T+F+K,3042,0.01067835558205843,0.8448640441894532,1.5648583121921704,2.0856224930526426,0.8533656029156182,0.5798570566084146,0.7521240495275671,0.1359541118144989,0.7450000047683716,0.23999999463558197,0.00852650310844183,0.006057221442461014,0.017718305811285973
sinusoidal,T+F+K+S,3042,0.01067835558205843,0.8426007080078125,1.5502188309379246,1.9926417818005453,0.814500699561584,0.5315385347367859,0.7242236717451931,0.15455971658229828,0.7450000047683716,0.23999999463558197,0.07573570311069489,0.2285466492176056,0.017718305811285973
sinusoidal,baseline,4042,0.001848891843110323,1.1113240814208984,2.078681861961281,2.277552554481908,0.744943458943746,0.7352168554743177,1.034433078311859,0.15569168329238892,0.7599999904632568,0.29999998211860657,0.03954628109931946,0.0067074112594127655,0.0647909939289093
sinusoidal,T+F,4042,0.003672531805932522,0.9332258605957031,1.7354119269402473,1.9707003141704358,0.7753585469467433,0.5996572895805018,0.7044730660043571,0.18034376204013824,0.7599999904632568,0.29999998211860657,0.02480456233024597,0.006193180568516254,0.012755084782838821
sinusoidal,T+F+K,4042,0.008599063381552696,0.9258485412597657,1.7271411602313702,1.9686520225123356,0.7762393044496986,0.5913493174653534,0.7053410812901678,0.17968584597110748,0.7599999904632568,0.29999998211860657,0.018362384289503098,0.005542006343603134,0.012452937662601471
sinusoidal,T+F+K+S,4042,0.008599063381552696,0.9326062774658204,1.7930552723643545,2.113481220446135,0.7134209377460484,0.5581627516145442,0.7096745448159729,0.1778339445590973,0.7599999904632568,0.29999998211860657,0.09083165228366852,0.1829891949892044,0.012452937662601471
sinusoidal,baseline,5042,0.0012769022723659873,0.6698280334472656,1.3011233422064012,1.6906319412530637,0.8135973784049856,0.48183273837892243,0.9077068262954996,0.12378483265638351,0.7649999856948853,0.26499998569488525,0.0738082081079483,0.0024411024060100317,0.18935804069042206
sinusoidal,T+F,5042,0.00036726793041452765,0.6139900970458985,1.3027803154401882,1.7261835235396241,0.7469346839119192,0.45324698013571135,0.9836351956951106,0.12259117513895035,0.7649999856948853,0.26499998569488525,0.007867462001740932,0.0013869678368791938,0.005354322958737612
sinusoidal,T+F+K,5042,0.0028992267325520515,0.6283598327636719,1.3218091739121305,1.7630224290236929,0.7596336673783689,0.4868588038229818,0.9717150270056433,0.11453656852245331,0.7649999856948853,0.26499998569488525,0.00685854209586978,0.002511201659217477,0.007539366837590933
sinusoidal,T+F+K+S,5042,0.0028992267325520515,0.6376433181762695,1.3772069459320397,1.82144184985192,0.8120350944257257,0.5219479721517184,0.9971103415912449,0.1840512752532959,0.7649999856948853,0.26499998569488525,0.1756134331226349,0.16063225269317627,0.007539366837590933
sinusoidal,baseline,6042,0.0007140002562664449,1.0401899719238281,2.125869838169643,2.435492319603489,0.801092409328303,0.6359326958676749,0.9393601327150269,0.19356179237365723,0.7299999594688416,0.3050000071525574,0.04913222789764404,0.0038710003718733788,0.1446831226348877
sinusoidal,T+F,6042,0.0046022385358810425,0.6660008239746094,1.3582386125837054,1.744036321770655,0.7176170004191871,0.5647818943274395,0.9167005634020361,0.1643398255109787,0.7299999594688416,0.3050000071525574,0.026826493442058563,0.01014984492212534,0.01131677906960249
sinusoidal,T+F+K,6042,0.0006834818050265312,1.0417263793945313,2.2189601353236608,2.649958989391588,1.1683633947357013,0.7726321980618049,1.213045354522074,0.21874836087226868,0.7299999594688416,0.3050000071525574,0.0021224701777100563,0.0010048120748251677,0.004561318550258875
sinusoidal,T+F+K+S,6042,0.0006834818050265312,1.0445729064941407,2.2149635532924106,2.627599637802333,1.0556609958107777,0.749377953425087,1.1136143068522888,0.2020632028579712,0.7299999594688416,0.3050000071525574,0.1275041401386261,0.15001104772090912,0.004561318550258875
sinusoidal,baseline,7042,0.0012784575810655951,0.8174837198688756,1.5315144856770833,1.7767056733175042,0.669500292372011,0.33557226205833546,0.5445376603523384,0.12743812799453735,0.7649999856948853,0.26999998092651367,0.0339169017970562,0.00753097515553236,0.09219662100076675
sinusoidal,T+F,7042,0.006685693748295307,0.8048434616932317,1.5757784279443885,1.8592459485421773,0.6183244074036396,0.42498638242163334,0.6272261779693453,0.13042320311069489,0.7649999856948853,0.26999998092651367,0.026273686438798904,0.007200342603027821,0.02517883852124214
sinusoidal,T+F+K,7042,0.018098486587405205,0.8068517176949199,1.586648920530914,1.9085749208537581,0.5525844177350895,0.39842485492301644,0.5979183779244148,0.12163055688142776,0.7649999856948853,0.26999998092651367,0.013838903978466988,0.008664381690323353,0.018097614869475365
sinusoidal,T+F+K+S,7042,0.018098486587405205,0.8045009440513112,1.5765599076465895,1.9010596181832107,0.5886210911417584,0.4175010850520464,0.6541793107144146,0.13980670273303986,0.7649999856948853,0.26999998092651367,0.1355312466621399,0.1890287697315216,0.018097614869475365
sinusoidal,baseline,8042,0.000682626327034086,0.5644440460205078,0.9871711730957031,1.3964599993243907,0.7609407681906368,0.46570488478128286,0.9915840625502318,0.15099658071994781,0.7949999570846558,0.29999998211860657,0.03297792002558708,0.002786422148346901,0.09393645823001862
sinusoidal,T+F,8042,0.0007488977862522006,0.5162365341186523,0.9704046046480219,1.363987664756535,0.7306233982067933,0.4611384226660719,1.005478748908093,0.1517726331949234,0.7949999570846558,0.29999998211860657,0.0071839820593595505,0.002909046597778797,0.0842069685459137
sinusoidal,T+F+K,8042,0.001376949716359377,0.509072036743164,0.9634178648603723,1.368456762541765,0.7227792100955729,0.45703447458124413,1.01091809706171,0.1606634557247162,0.7949999570846558,0.29999998211860657,0.008030462078750134,0.0035391037818044424,0.0833619013428688
sinusoidal,T+F+K+S,8042,0.001376949716359377,0.5158155822753906,1.024693265874335,1.4946500190398977,0.6221193431918152,0.4979181093223383,0.8401390941786864,0.1387268751859665,0.7949999570846558,0.29999998211860657,0.11201467365026474,0.20931553840637207,0.0833619013428688
sinusoidal,baseline,9042,0.0028732670471072197,0.8304977416992188,1.578278588466957,1.8576772589432566,0.6737139864143337,0.6923607866733436,0.779761213849909,0.13624577224254608,0.7599999904632568,0.3199999928474426,0.046201445162296295,0.003527329070493579,0.14190109074115753
sinusoidal,T+F,9042,0.005070711951702833,0.7579204559326171,1.5675133877113216,1.9217049448113692,0.6525506439296576,0.7582477666613192,0.9277960533733107,0.13527461886405945,0.7599999904632568,0.3199999928474426,0.03321946784853935,0.0020124651491642,0.01354212500154972
sinusoidal,T+F+K,9042,0.026913566514849663,0.8114739227294921,1.631499743852459,2.0174108806409334,0.9949362046047354,0.9600667407791518,1.2774731377484545,0.16871583461761475,0.7599999904632568,0.3199999928474426,0.003818000666797161,0.0012802273267880082,0.0050178710371255875
sinusoidal,T+F+K+S,9042,0.026913566514849663,0.8088835144042968,1.5555141428129269,1.8585743151212994,0.778824172299211,0.8330790083659675,0.9855318714227852,0.14812718331813812,0.7599999904632568,0.3199999928474426,0.07967149466276169,0.16146627068519592,0.0050178710371255875
quartic_dome,baseline,42,0.005657083820551634,0.7638703918457032,1.8782895958941916,2.288048039853962,3.6283692179454077,0.4495560311089642,0.678584493664279,0.14243048429489136,0.7649999856948853,0.23999999463558197,0.47651731967926025,0.013283107429742813,0.6568172574043274
quartic_dome,T+F,42,0.01666243188083172,0.7263172912597656,1.847479778787364,2.177261651731005,3.6147790612067054,0.4426818204080429,0.6031792373453795,0.14932547509670258,0.7649999856948853,0.23999999463558197,0.0875944122672081,0.024346616119146347,0.11640588194131851
quartic_dome,T+F+K,42,0.08670014142990112,0.7953587341308593,2.0268856546153193,2.511960098166871,3.5838386980913643,0.49420600477126436,0.5695329162349144,0.20630793273448944,0.7649999856948853,0.23999999463558197,0.16882555186748505,0.058506544679403305,0.06494943797588348
quartic_dome,T+F+K+S,42,0.08670014142990112,0.8003590393066407,2.0739955072817593,2.524148180593852,3.5986976033527283,0.5164478146978576,0.552747133616604,0.19394633173942566,0.7649999856948853,0.23999999463558197,0.23054949939250946,0.37480008602142334,0.06494943797588348
quartic_dome,baseline,1042,0.004015261307358742,0.9652428555129161,1.7937252371651786,2.183810340033637,3.6159135974769323,0.7663196506531416,0.7306441899951923,0.15676109492778778,0.7199999690055847,0.26499998569488525,0.7062041759490967,0.03455505892634392,0.44747012853622437
quartic_dome,T+F,1042,0.02498326636850834,0.8454450291005811,1.5154682268415178,1.8622834947374132,3.5297271777336894,0.4156713010092091,0.5690551684902975,0.14891177415847778,0.7199999690055847,0.26499998569488525,0.3824579417705536,0.02930603176355362,0.08204833418130875
quartic_dome,T+F+K,1042,0.052476800978183746,0.8442489393991441,1.5530161830357143,2.0213582780626087,3.472305748947318,0.5500634040712938,0.7778189033286308,0.1970597505569458,0.7199999690055847,0.26499998569488525,0.2240002453327179,0.026189519092440605,0.10152587294578552
quartic_dome,T+F+K+S,1042,0.052476800978183746,0.8374575514290201,1.569326171875,2.1083721584743924,3.4412258093431656,0.5248613553389263,0.6195991367506801,0.15374696254730225,0.7199999690055847,0.26499998569488525,0.2386617362499237,0.2121686339378357,0.10152587294578552
quartic_dome,baseline,2042,0.0006175482412800193,0.7474952582737908,2.1659183711796017,2.435055872437301,3.4490404955735396,0.4275989095181817,0.7722678113034094,0.2038651704788208,0.7849999666213989,0.23499999940395355,0.3416990041732788,0.07621296495199203,0.17275471985340118
quartic_dome,T+F,2042,0.0150291221216321,0.764271185026696,2.274090609707675,2.6529187244974124,3.471262709182065,0.5214168022797524,1.1513725195137487,0.2173597663640976,0.7849999666213989,0.23499999940395355,0.18686333298683167,0.025858595967292786,0.045012135058641434
quartic_dome,T+F+K,2042,0.04875639081001282,0.765455773128337,2.371662349491329,2.8040264153936105,3.040505854331287,0.6606924165414259,1.485249819667422,0.20010149478912354,0.7849999666213989,0.23499999940395355,0.08104468137025833,0.010831253603100777,0.063778817653656
quartic_dome,T+F+K+S,2042,0.04875639081001282,0.7783915457414023,2.418160910134787,2.9065271851363454,3.145635940923077,0.7186397997495225,1.4500646592862712,0.22026193141937256,0.7849999666213989,0.23499999940395355,0.2000417411327362,0.3245263695716858,0.063778817653656
quartic_dome,baseline,3042,0.0044530462473630905,0.8130633544921875,1.9894508693529211,2.012163610266359,3.405836961745555,0.32211028769879135,0.31924559239222705,0.17706070840358734,0.7450000047683716,0.23999999463558197,0.591106653213501,0.10919687151908875,0.17893636226654053
quartic_dome,T+F,3042,0.030653303489089012,0.8206482696533203,2.0340204653532608,2.154891865365457,3.4093648445120657,0.3339805602527816,0.36003268193651033,0.12506958842277527,0.7450000047683716,0.23999999463558197,0.36990952491760254,0.12314307689666748,0.07141532003879547
quartic_dome,T+F+K,3042,0.09101909399032593,0.8362796020507812,2.078465337338655,2.2830769583682886,3.0170459721543295,0.5157443600759466,0.584617574272775,0.12974552810192108,0.7450000047683716,0.23999999463558197,0.11784499883651733,0.01700095646083355,0.05628615617752075
quartic_dome,T+F+K+S,3042,0.09101909399032593,0.8396833801269531,2.086151288903278,2.245962053337353,3.0967514446888367,0.49476174438232295,0.6090608224949958,0.12372752279043198,0.7450000047683716,0.23999999463558197,0.22576990723609924,0.49494796991348267,0.05628615617752075
quartic_dome,baseline,4042,0.0009978958405554295,0.8133364868164062,2.258767599587912,2.169900191457648,3.072054676590987,0.7062520752506506,1.3587617964762189,0.22065694630146027,0.7599999904632568,0.29999998211860657,0.284162700176239,0.020093340426683426,0.1409478336572647
quartic_dome,T+F,4042,0.01763206347823143,0.7947285461425782,2.247121119237208,2.105381413509971,2.991346273576251,0.706608380509482,1.0221854746966705,0.19865818321704865,0.7599999904632568,0.29999998211860657,0.1486528217792511,0.046255841851234436,0.014396922662854195
quartic_dome,T+F+K,4042,0.04771546274423599,0.806527099609375,2.1952974088899384,2.101014388234992,2.790557114609684,0.5840598665303293,0.8579950595493802,0.17821362614631653,0.7599999904632568,0.29999998211860657,0.07197849452495575,0.019613070413470268,0.03035915270447731
quartic_dome,T+F+K+S,4042,0.04771546274423599,0.8166236877441406,2.2530252645303914,2.20054104453639,2.852518846703151,0.7138842061717254,1.2166527244820144,0.17980289459228516,0.7599999904632568,0.29999998211860657,0.21597307920455933,0.2135837972164154,0.03035915270447731
quartic_dome,baseline,5042,0.0012431100476533175,1.0614566040039062,2.0242161904611895,2.5798146366293913,3.9212310521390594,0.5138889167377467,0.6370326157350453,0.19968284666538239,0.7649999856948853,0.26499998569488525,0.393626868724823,0.012170687317848206,0.11279846727848053
quartic_dome,T+F,5042,0.06372515857219696,1.0573930358886718,2.143424577610467,2.8401371575648486,3.857181373825451,0.6233340819782816,0.9589830381032811,0.18727225065231323,0.7649999856948853,0.26499998569488525,0.31397634744644165,0.012203427962958813,0.09225529432296753
quartic_dome,T+F+K,5042,0.03652447462081909,0.866279296875,1.9003758584299395,2.814047819648693,4.0470144401875885,0.5633719515154424,1.0190782510281526,0.27502286434173584,0.7649999856948853,0.26499998569488525,0.16343745589256287,0.01472168043255806,0.05551930516958237
quartic_dome,T+F+K+S,5042,0.03652447462081909,0.8736151123046875,1.914277599703881,2.7026115866268383,3.9986460706143605,0.5124720330151342,0.8416301957914303,0.1943831741809845,0.7649999856948853,0.26499998569488525,0.25180327892303467,0.3193802833557129,0.05551930516958237
quartic_dome,baseline,6042,0.006677504628896713,1.1100088500976562,2.2549850027901788,2.4846249933112157,2.456481752552043,0.5684080562501818,0.5965570304465477,0.16460981965065002,0.7299999594688416,0.3050000071525574,0.3057166337966919,0.045482002198696136,0.10822311788797379
quartic_dome,T+F,6042,0.03173932060599327,1.108716278076172,2.310994349888393,2.540766258762307,2.4090027032576438,0.6540925340196608,0.7539447004097131,0.17092807590961456,0.7299999594688416,0.3050000071525574,0.16429981589317322,0.030123746022582054,0.019555551931262016
quartic_dome,T+F+K,6042,0.05724089592695236,1.0368829345703126,2.049337332589286,2.2856633434556937,2.518764186344466,0.7699938075706195,0.9704540834264781,0.200459823012352,0.7299999594688416,0.3050000071525574,0.15254269540309906,0.02329622581601143,0.11242181807756424
quartic_dome,T+F+K+S,6042,0.05724089592695236,1.0354023742675782,2.077099609375,2.3800537945473033,2.510943511614712,0.753614723534001,0.9016054798958717,0.2233482450246811,0.7299999594688416,0.3050000071525574,0.3791464567184448,0.21374142169952393,0.11242181807756424
quartic_dome,baseline,7042,0.0030641239136457443,0.8098649068094378,1.7375906667401713,2.2442547168607025,3.5039576197945324,0.48370281033301626,0.5928127273004345,0.19823677837848663,0.7649999856948853,0.26999998092651367,0.45443594455718994,0.029200181365013123,0.09788341820240021
quartic_dome,T+F,7042,0.011165367439389229,0.84026010791261,1.88552003265709,2.5005357530381946,3.5088825160750723,0.5605494872988842,0.7143938145012977,0.2316455841064453,0.7649999856948853,0.26999998092651367,0.10949490964412689,0.03273899108171463,0.015666959807276726
quartic_dome,T+F+K,7042,0.018052324652671814,0.5673784035534116,1.561086182953209,2.127923903122447,3.3046917307509847,0.40876301695602946,0.6632502395518354,0.11753590404987335,0.7649999856948853,0.26999998092651367,0.046574972569942474,0.0121537446975708,0.1049232929944992
quartic_dome,T+F+K+S,7042,0.018052324652671814,0.5674223013259657,1.5791963966943885,2.162262361813215,3.3137980021345035,0.4257633827359911,0.5900536424073732,0.13355183601379395,0.7649999856948853,0.26999998092651367,0.12407650798559189,0.1518213152885437,0.1049232929944992
quartic_dome,baseline,8042,0.0012275076005607843,0.8736520385742188,1.770212376371343,2.019385763684159,3.034512569341161,0.5556064862571586,0.4004315492603284,0.14133232831954956,0.7949999570846558,0.29999998211860657,0.3417249917984009,0.05013448745012283,0.15440021455287933
quartic_dome,T+F,8042,0.02346225269138813,0.8728353118896485,1.841887778424202,2.2664771889740565,3.155150486562668,0.6135795858253531,0.7067377531116341,0.1651751548051834,0.7949999570846558,0.29999998211860657,0.1525692641735077,0.05378732085227966,0.03178631514310837
quartic_dome,T+F+K,8042,0.04405024275183678,0.8805615234375,1.8818036343188995,2.3833810098516115,3.0348944262560544,0.5409155264494754,0.9610412116865046,0.1949184238910675,0.7949999570846558,0.29999998211860657,0.07096682488918304,0.00998625811189413,0.02816077694296837
quartic_dome,T+F+K+S,8042,0.04405024275183678,0.882679443359375,1.8924291083153257,2.3499571602299527,3.0748835331553312,0.6317222786311129,1.078563564732546,0.15518204867839813,0.7949999570846558,0.29999998211860657,0.18220862746238708,0.1844974309206009,0.02816077694296837
quartic_dome,baseline,9042,0.0031119247432798147,1.211611557006836,1.9317116659195697,2.535190983822471,3.4291244709350788,0.653846672108078,0.6312226134672686,0.12651856243610382,0.7599999904632568,0.3199999928474426,0.3279200494289398,0.03572576120495796,0.3033115267753601
quartic_dome,T+F,9042,0.017942678183317184,1.242699432373047,2.0394864108393103,2.638578314530222,3.4482574566606816,0.7558047562264173,0.7339790370484025,0.13281653821468353,0.7599999904632568,0.3199999928474426,0.12713028490543365,0.05804568529129028,0.021152861416339874
quartic_dome,T+F+K,9042,0.030200060456991196,1.2182732391357423,2.081874493041325,2.7586081655401933,3.0839513681289734,0.9632923995826738,1.3660451927903916,0.16452506184577942,0.7599999904632568,0.3199999928474426,0.1143072172999382,0.03579002618789673,0.04220690205693245
quartic_dome,T+F+K+S,9042,0.030200060456991196,1.2364192199707031,2.1094388701225237,2.824420928955078,3.248962364098297,0.9893140802756364,1.2696105622312481,0.22912542521953583,0.7599999904632568,0.3199999928474426,0.2535274028778076,0.301906019449234,0.04220690205693245
