surface,config,seed,ae_loss,MTE@0.1,MTE@0.5,MTE@1.0,W2@1.0,sW2@0.5,sW2@1.0,MMD@1.0,survival@1.0,stopped@1.0,E_mu_held,drift_loss_final
paraboloid,T+F,42,0.008697204291820526,0.8662412261962891,2.2203253041143003,3.2884088653364993,2.120077434823133,1.5141387051661332,2.499998332668161,0.31780263781547546,0.7649999856948853,0.23999999463558197,0.08791765570640564,0.020658355206251144
paraboloid,T+F+S,42,0.008697204291820526,0.8702628326416015,2.062253205672554,2.849173552070568,1.7074839765403946,1.2998983737584595,2.0827780412935377,0.2605167031288147,0.7649999856948853,0.23999999463558197,0.2721600830554962,0.5069698095321655
paraboloid,T+F,1042,0.011286805383861065,0.8074686635079695,1.6542578125,2.319011688232422,1.2977259352283055,0.7573913406003298,1.4982129775185278,0.23648394644260406,0.7199999690055847,0.26499998569488525,0.11653192341327667,0.015384024940431118
paraboloid,T+F+S,1042,0.011286805383861065,0.8093131367285648,1.6052335030691964,2.085359149509006,1.1645057884902013,0.6739526243464898,1.0692867101422345,0.18199074268341064,0.7199999690055847,0.26499998569488525,0.17881551384925842,0.18360592424869537
paraboloid,T+F,2042,0.009301172569394112,0.742969915495446,1.843580308851305,2.458037941319168,1.5507405344161795,1.1821852545491371,2.30059751559968,0.1478690207004547,0.7849999666213989,0.23499999940395355,0.09155279397964478,0.06774318218231201
paraboloid,T+F+S,2042,0.009301172569394112,0.7382094033399419,1.7316141652536916,2.2224056948522093,1.3475496387894497,0.8826090607037014,1.7137517882017548,0.13174141943454742,0.7849999666213989,0.23499999940395355,0.18488316237926483,0.4769343137741089
paraboloid,T+F,3042,0.009119627997279167,1.0442330169677734,2.190918134606403,2.8704330137111995,1.6481332569595708,1.382124659251587,2.2457584860374484,0.22638380527496338,0.7450000047683716,0.23999999463558197,0.08901441097259521,0.04025117680430412
paraboloid,T+F+S,3042,0.009119627997279167,1.0359840393066406,2.022097380264946,2.457699769295302,1.1899728311283952,1.0613800417694854,1.5560201125993924,0.17665357887744904,0.7450000047683716,0.23999999463558197,0.20606887340545654,0.4638136625289917
paraboloid,T+F,4042,0.011931064538657665,0.9869035339355469,2.0825171837439904,2.481958088121916,1.1041311341358053,0.9515024849551016,1.9725681403755466,0.17889061570167542,0.7599999904632568,0.29999998211860657,0.09521027654409409,0.03605450689792633
paraboloid,T+F+S,4042,0.011931064538657665,0.9810128021240234,2.0222325587010648,2.2562731692665503,0.8272591209236764,0.7177596661870733,1.6229483373494087,0.08791638910770416,0.7599999904632568,0.29999998211860657,0.1695205569267273,0.3247108459472656
paraboloid,T+F,5042,0.01481475681066513,1.114667205810547,2.1521905058173725,2.8230903974545547,2.092967671734689,1.3257378693816821,2.0130710760034156,0.24934084713459015,0.7649999856948853,0.26499998569488525,0.17936313152313232,0.015080425888299942
paraboloid,T+F+S,5042,0.01481475681066513,1.1062434387207032,2.07871336578041,2.5599349277471406,1.9302135788457635,1.056548107874425,1.7282628733318222,0.2425212413072586,0.7649999856948853,0.26499998569488525,0.38867196440696716,0.376222163438797
paraboloid,T+F,6042,0.011599479243159294,1.0121896362304688,2.013655482700893,2.348692384484696,1.3113977123422904,0.7940510212014601,1.2088997687404741,0.164629727602005,0.7299999594688416,0.3050000071525574,0.10971184819936752,0.016779355704784393
paraboloid,T+F+S,6042,0.011599479243159294,0.9899580383300781,1.9398304966517856,2.168984191058433,1.5021805843711193,0.7011761216065135,1.0952569226856,0.2356095016002655,0.7299999594688416,0.3050000071525574,0.33711180090904236,0.5788460373878479
paraboloid,T+F,7042,0.00966715533286333,1.1278280133578047,1.9399606027910787,2.5069131290211395,1.2110686311964551,0.7951325725426102,1.5308346221903464,0.11876481771469116,0.7649999856948853,0.26999998092651367,0.04988179728388786,0.008934816345572472
paraboloid,T+F+S,7042,0.00966715533286333,1.122817073036079,1.9128946283812165,2.3587024165134802,1.0814187097140064,0.6677821192164867,1.3096468966797963,0.09156738221645355,0.7649999856948853,0.26999998092651367,0.1247023269534111,0.14086532592773438
paraboloid,T+F,8042,0.0026207934133708477,0.8477835845947266,1.6074988182554855,1.9911986536949686,1.076792842328427,0.916929327006917,0.8902191633985377,0.1331070363521576,0.7949999570846558,0.29999998211860657,0.07088971138000488,0.028850950300693512
paraboloid,T+F+S,8042,0.0026207934133708477,0.8477922821044922,1.5620383404670877,1.9585045388659592,0.9834725441359236,0.8164841353723334,0.8654609647997029,0.10870044678449631,0.7949999570846558,0.29999998211860657,0.21205298602581024,0.2617657780647278
paraboloid,T+F,9042,0.03172063082456589,1.1068124389648437,2.1099963579021517,2.7722240247224508,1.7348715134047497,1.5249309285955204,2.3471683649156416,0.29360222816467285,0.7599999904632568,0.3199999928474426,0.07589616626501083,0.022318977862596512
paraboloid,T+F+S,9042,0.03172063082456589,1.0954139709472657,1.9411447660519126,2.398895263671875,1.2614315508271123,1.2040288955470684,1.743996430814947,0.20877605676651,0.7599999904632568,0.3199999928474426,0.17436951398849487,0.2878057062625885
hyperbolic_paraboloid,T+F,42,0.27778154611587524,0.9898771667480468,2.5830449643342392,3.9598947163500817,2.7638970277113395,1.7665971869623092,2.930399605355569,0.32595524191856384,0.7649999856948853,0.23999999463558197,1.1045951843261719,0.7058830261230469
hyperbolic_paraboloid,T+F+S,42,0.27778154611587524,0.8479167175292969,1.891312143077021,2.859183118234273,1.7637471513673961,1.0800957329451848,1.873477490004664,0.291052907705307,0.7649999856948853,0.23999999463558197,1.1806429624557495,7.851625442504883
hyperbolic_paraboloid,T+F,1042,0.001735290396027267,0.9942123949827262,1.8430620465959822,2.4270858764648438,1.1211174515376068,0.8244816543165444,1.4316161007120842,0.16957038640975952,0.7199999690055847,0.26499998569488525,0.023005500435829163,0.008135414682328701
hyperbolic_paraboloid,T+F+S,1042,0.001735290396027267,0.9891724706295147,1.8225523158482142,2.425432629055447,1.1599781957909605,0.8450418065753544,1.2958120142682719,0.1887034922838211,0.7199999690055847,0.26499998569488525,0.08951005339622498,0.1944195032119751
hyperbolic_paraboloid,T+F,2042,0.00989710632711649,0.8986839409449592,2.2102832165393203,2.8469545400826033,1.4885867898731204,1.0361853590197938,1.8036743672912985,0.18077751994132996,0.7849999666213989,0.23499999940395355,0.04290717840194702,0.017825577408075333
hyperbolic_paraboloid,T+F+S,2042,0.00989710632711649,0.8986116342209093,2.1826383150540867,2.860573155105494,1.5225635338033627,0.9338141055468572,1.704724189862945,0.19576607644557953,0.7849999666213989,0.23499999940395355,0.10503916442394257,0.16431757807731628
hyperbolic_paraboloid,T+F,3042,0.0020072301849722862,0.47879093170166015,1.050385682479195,1.5896738551607068,1.0397543769740352,0.4707397093534249,0.779104450337944,0.1671167016029358,0.7450000047683716,0.23999999463558197,0.016986312344670296,0.015694260597229004
hyperbolic_paraboloid,T+F+S,3042,0.0020072301849722862,0.4773990631103516,1.1215558259383491,1.8196910883756292,1.05475061599594,0.45545588465643266,0.8809697464598757,0.186187282204628,0.7450000047683716,0.23999999463558197,0.061058782041072845,0.22944799065589905
hyperbolic_paraboloid,T+F,4042,0.002596868434920907,0.9194004821777344,1.881740192790608,2.3197581642552425,0.9857578326509884,0.6965073236438074,1.3259381599323108,0.15319858491420746,0.7599999904632568,0.29999998211860657,0.049055229872465134,0.01841168850660324
hyperbolic_paraboloid,T+F+S,4042,0.002596868434920907,0.9169024658203125,1.8311100215702267,2.248732717413651,0.9818183881062261,0.6570989270787998,1.2760834985237337,0.13305462896823883,0.7599999904632568,0.29999998211860657,0.1187172383069992,0.24055597186088562
hyperbolic_paraboloid,T+F,5042,0.0022063336800783873,0.8341555786132813,1.893516622563844,2.5748677970537175,1.2615346192578953,0.7804451610248051,1.3681903343549597,0.1709245890378952,0.7649999856948853,0.26499998569488525,0.049587592482566833,0.007838664576411247
hyperbolic_paraboloid,T+F+S,5042,0.0022063336800783873,0.8399918365478516,1.8945430632560485,2.685980104932598,1.4755770578154888,0.8471078613600799,1.4959551545331162,0.1508852243423462,0.7649999856948853,0.26499998569488525,0.31156158447265625,0.44803696870803833
hyperbolic_paraboloid,T+F,6042,0.009922116994857788,0.8961375427246093,2.0477291434151788,2.815555938302654,1.4689802019209366,0.9771556292241466,1.7308511255787764,0.2509269118309021,0.7299999594688416,0.3050000071525574,0.04073457047343254,0.013722551986575127
hyperbolic_paraboloid,T+F+S,6042,0.009922116994857788,0.8980229187011719,1.9643926130022322,2.693084507772367,1.2837335525395224,0.8596465330562565,1.467118206376472,0.21220356225967407,0.7299999594688416,0.3050000071525574,0.20218190550804138,0.25055086612701416
hyperbolic_paraboloid,T+F,7042,0.0012897468404844403,1.0133746736612752,2.022792036815356,2.6018940046721815,1.3132424718082867,0.8707120063610677,1.3021850323697548,0.21479713916778564,0.7649999856948853,0.26999998092651367,0.016495903953909874,0.006334619130939245
hyperbolic_paraboloid,T+F+S,7042,0.0012897468404844403,0.9949626059987438,1.9351179881762433,2.4447101268892975,1.1157792199880863,0.7152449763788388,1.0225689982809243,0.17533071339130402,0.7649999856948853,0.26999998092651367,0.1526709496974945,0.27177512645721436
hyperbolic_paraboloid,T+F,8042,0.0011041030520573258,0.8730846405029297,1.7277982995865193,2.2711204672759435,1.2026153926014271,0.8680085061298535,1.379615778011063,0.19896726310253143,0.7949999570846558,0.29999998211860657,0.02613212913274765,0.013728446327149868
hyperbolic_paraboloid,T+F+S,8042,0.0011041030520573258,0.8774271392822266,1.733469212308843,2.3031800468012973,1.1827321579794539,0.8592610464975937,1.4328585029019987,0.2122524380683899,0.7949999570846558,0.29999998211860657,0.10990545153617859,0.23366272449493408
hyperbolic_paraboloid,T+F,9042,0.028141671791672707,0.8927053070068359,1.746246671416069,2.3120839972245064,1.166406996341442,1.1743857490241385,1.3541350934955743,0.16787220537662506,0.7599999904632568,0.3199999928474426,0.039634350687265396,0.010117833502590656
hyperbolic_paraboloid,T+F+S,9042,0.028141671791672707,0.8966667175292968,1.6736408504632,2.1380972611276725,1.1704727576419247,1.0486641086925443,1.1334208868992652,0.17021732032299042,0.7599999904632568,0.3199999928474426,0.07422006130218506,0.24011549353599548
sinusoidal,T+F,42,0.002165968995541334,0.681338119506836,1.4338030607804009,1.9412351122089462,0.7997411037927507,0.6134248180006817,0.6412931254414015,0.1987568587064743,0.7649999856948853,0.23999999463558197,0.020071694627404213,0.009638771414756775
sinusoidal,T+F+S,42,0.002165968995541334,0.6962424468994141,1.4914399851923403,2.0455984477124183,0.9196751643811938,0.7188492853025035,0.8963708216959411,0.2056122124195099,0.7649999856948853,0.23999999463558197,0.15338638424873352,0.23165394365787506
sinusoidal,T+F,1042,0.00502739567309618,0.7410227713273398,1.37650634765625,1.7238510979546442,0.7400548856981157,0.6616742244093846,0.6185345459814097,0.16964559257030487,0.7199999690055847,0.26499998569488525,0.014139538630843163,0.0028566920664161444
sinusoidal,T+F+S,1042,0.00502739567309618,0.7420344520453832,1.4041859654017856,1.6805123223198786,0.719464801714527,0.6860726557627028,0.8490123810597032,0.20101626217365265,0.7199999690055847,0.26499998569488525,0.17989322543144226,0.17559324204921722
sinusoidal,T+F,2042,0.012649057433009148,0.6702164693094378,1.6471017690805287,2.1299403488256368,0.9453757288219353,0.6538170198867936,1.3687464694084428,0.17604824900627136,0.7849999666213989,0.23499999940395355,0.02312188409268856,0.01155550591647625
sinusoidal,T+F+S,2042,0.012649057433009148,0.6751770326240578,1.661826668204842,2.172318379590466,0.9478108800317986,0.6504152465749322,1.3992275988261615,0.1787596195936203,0.7849999666213989,0.23499999940395355,0.15200842916965485,0.18834081292152405
sinusoidal,T+F,3042,0.003092713886871934,0.822625732421875,1.5136471623959749,2.0174470427852347,0.7057373977151908,0.5266121611150433,0.6812449785362453,0.11720936745405197,0.7450000047683716,0.23999999463558197,0.011201197281479836,0.0051466189324855804
sinusoidal,T+F+S,3042,0.003092713886871934,0.8234157562255859,1.5288349649180537,1.966619914010067,0.6740792817034995,0.49402507698051085,0.6607173718344095,0.15079276263713837,0.7450000047683716,0.23999999463558197,0.12768235802650452,0.3048010468482971
sinusoidal,T+F,4042,0.003672531805932522,0.9332258605957031,1.7354119269402473,1.9707003141704358,0.7753585469467433,0.5996572895805018,0.7044730660043571,0.18034376204013824,0.7599999904632568,0.29999998211860657,0.02480456233024597,0.006193180568516254
sinusoidal,T+F+S,4042,0.003672531805932522,0.9420870208740234,1.8231075412624484,2.1594157971833883,0.7351354173400698,0.5783174988133314,0.7428934981182624,0.18642978370189667,0.7599999904632568,0.29999998211860657,0.1479535847902298,0.23019452393054962
sinusoidal,T+F,5042,0.00036726793041452765,0.6139900970458985,1.3027803154401882,1.7261835235396241,0.7469346839119192,0.45324698013571135,0.9836351956951106,0.12259117513895035,0.7649999856948853,0.26499998569488525,0.007867462001740932,0.0013869678368791938
sinusoidal,T+F+S,5042,0.00036726793041452765,0.6240605163574219,1.3784839260962702,1.8632581124897876,0.8279751634333684,0.5204026417386644,1.0433268822105841,0.19443652033805847,0.7649999856948853,0.26499998569488525,0.35358548164367676,0.16462792456150055
sinusoidal,T+F,6042,0.0046022385358810425,0.6660008239746094,1.3582386125837054,1.744036321770655,0.7176170004191871,0.5647818943274395,0.9167005634020361,0.1643398255109787,0.7299999594688416,0.3050000071525574,0.026826493442058563,0.01014984492212534
sinusoidal,T+F+S,6042,0.0046022385358810425,0.6734300231933594,1.4383577183314733,1.9727615983518836,0.9594484344715184,0.6568157679849629,1.177053727738356,0.2266882210969925,0.7299999594688416,0.3050000071525574,0.19096152484416962,0.20541110634803772
sinusoidal,T+F,7042,0.006685693748295307,0.8048434616932317,1.5757784279443885,1.8592459485421773,0.6183244074036396,0.42498638242163334,0.6272261779693453,0.13042320311069489,0.7649999856948853,0.26999998092651367,0.026273686438798904,0.007200342603027821
sinusoidal,T+F+S,7042,0.006685693748295307,0.801335857142156,1.586160147061912,1.8984297210094976,0.6010702308476354,0.4367320073111391,0.6741842472423795,0.13376589119434357,0.7649999856948853,0.26999998092651367,0.23146462440490723,0.23119443655014038
sinusoidal,T+F,8042,0.0007488977862522006,0.5162365341186523,0.9704046046480219,1.363987664756535,0.7306233982067933,0.4611384226660719,1.005478748908093,0.1517726331949234,0.7949999570846558,0.29999998211860657,0.0071839820593595505,0.002909046597778797
sinusoidal,T+F+S,8042,0.0007488977862522006,0.527369270324707,1.0544130041244182,1.555970293920745,0.6398705894897787,0.4933658567497288,0.7880656897217883,0.13450929522514343,0.7949999570846558,0.29999998211860657,0.16344773769378662,0.28101447224617004
sinusoidal,T+F,9042,0.005070711951702833,0.7579204559326171,1.5675133877113216,1.9217049448113692,0.6525506439296576,0.7582477666613192,0.9277960533733107,0.13527461886405945,0.7599999904632568,0.3199999928474426,0.03321946784853935,0.0020124651491642
sinusoidal,T+F+S,9042,0.005070711951702833,0.7628553009033203,1.588683081454918,1.9450259961579974,0.6622500381246744,0.7855962286687552,0.9696930450224975,0.14533279836177826,0.7599999904632568,0.3199999928474426,0.14885364472866058,0.292873740196228
quartic_dome,T+F,42,0.01666243188083172,0.7263172912597656,1.847479778787364,2.177261651731005,3.6147790612067054,0.4426818204080429,0.6031792373453795,0.14932547509670258,0.7649999856948853,0.23999999463558197,0.0875944122672081,0.024346616119146347
quartic_dome,T+F+S,42,0.01666243188083172,0.736004638671875,1.9095619865085767,2.411293977226307,3.7110144585082057,0.5198019324919765,0.8639493646877523,0.1886194497346878,0.7649999856948853,0.23999999463558197,0.2050030678510666,0.427541583776474
quartic_dome,T+F,1042,0.02498326636850834,0.8454450291005811,1.5154682268415178,1.8622834947374132,3.5297271777336894,0.4156713010092091,0.5690551684902975,0.14891177415847778,0.7199999690055847,0.26499998569488525,0.3824579417705536,0.02930603176355362
quartic_dome,T+F+S,1042,0.02498326636850834,0.8465568504141803,1.5991458565848213,2.0862227545844183,3.5459181004959626,0.496615627731468,0.6298670224571717,0.14209026098251343,0.7199999690055847,0.26499998569488525,0.29514965415000916,0.4005647301673889
quartic_dome,T+F,2042,0.0150291221216321,0.764271185026696,2.274090609707675,2.6529187244974124,3.471262709182065,0.5214168022797524,1.1513725195137487,0.2173597663640976,0.7849999666213989,0.23499999940395355,0.18686333298683167,0.025858595967292786
quartic_dome,T+F+S,2042,0.0150291221216321,0.7774944976346576,2.381592802949004,2.8865397265002986,3.492980638542893,0.6612351502855013,1.3491308635649593,0.2248687595129013,0.7849999666213989,0.23499999940395355,0.24198143184185028,0.4369107484817505
quartic_dome,T+F,3042,0.030653303489089012,0.8206482696533203,2.0340204653532608,2.154891865365457,3.4093648445120657,0.3339805602527816,0.36003268193651033,0.12506958842277527,0.7450000047683716,0.23999999463558197,0.36990952491760254,0.12314307689666748
quartic_dome,T+F+S,3042,0.030653303489089012,0.8289888000488281,2.114826202392578,2.2588556276871854,3.4310650126631237,0.4016726745841371,0.5215594794807029,0.1543663889169693,0.7450000047683716,0.23999999463558197,0.3488531708717346,0.5861028432846069
quartic_dome,T+F,4042,0.01763206347823143,0.7947285461425782,2.247121119237208,2.105381413509971,2.991346273576251,0.706608380509482,1.0221854746966705,0.19865818321704865,0.7599999904632568,0.29999998211860657,0.1486528217792511,0.046255841851234436
quartic_dome,T+F+S,4042,0.01763206347823143,0.8073466491699218,2.322337391612294,2.308797735916941,3.074007883594184,0.8097758732680904,1.345130632675903,0.21803821623325348,0.7599999904632568,0.29999998211860657,0.2237696498632431,0.2531851828098297
quartic_dome,T+F,5042,0.06372515857219696,1.0573930358886718,2.143424577610467,2.8401371575648486,3.857181373825451,0.6233340819782816,0.9589830381032811,0.18727225065231323,0.7649999856948853,0.26499998569488525,0.31397634744644165,0.012203427962958813
quartic_dome,T+F+S,5042,0.06372515857219696,1.0764865112304687,2.1827994726037465,2.843582053589665,3.960816084398999,0.6497209307086868,0.9309032931538886,0.2345443069934845,0.7649999856948853,0.26499998569488525,0.4880186915397644,0.5717856884002686
quartic_dome,T+F,6042,0.03173932060599327,1.108716278076172,2.310994349888393,2.540766258762307,2.4090027032576438,0.6540925340196608,0.7539447004097131,0.17092807590961456,0.7299999594688416,0.3050000071525574,0.16429981589317322,0.030123746022582054
quartic_dome,T+F+S,6042,0.03173932060599327,1.1151302337646485,2.3961467633928573,2.69943738963506,2.4527592110697642,0.8106334454868996,1.1241700242186172,0.22860664129257202,0.7299999594688416,0.3050000071525574,0.3001597225666046,0.2109614461660385
quartic_dome,T+F,7042,0.011165367439389229,0.84026010791261,1.88552003265709,2.5005357530381946,3.5088825160750723,0.5605494872988842,0.7143938145012977,0.2316455841064453,0.7649999856948853,0.26999998092651367,0.10949490964412689,0.03273899108171463
quartic_dome,T+F+S,7042,0.011165367439389229,0.8447894379122174,1.9261771581506217,2.5088812136182597,3.4613312935777434,0.6143930860226655,0.8367259729065506,0.22994911670684814,0.7649999856948853,0.26999998092651367,0.21926701068878174,0.28465142846107483
quartic_dome,T+F,8042,0.02346225269138813,0.8728353118896485,1.841887778424202,2.2664771889740565,3.155150486562668,0.6135795858253531,0.7067377531116341,0.1651751548051834,0.7949999570846558,0.29999998211860657,0.1525692641735077,0.05378732085227966
quartic_dome,T+F+S,8042,0.02346225269138813,0.8795930480957032,1.9259094887591424,2.420673298385908,3.2410366815778637,0.7896099530183698,1.1475322359267717,0.1918603628873825,0.7949999570846558,0.29999998211860657,0.2962016463279724,0.33037084341049194
quartic_dome,T+F,9042,0.017942678183317184,1.242699432373047,2.0394864108393103,2.638578314530222,3.4482574566606816,0.7558047562264173,0.7339790370484025,0.13281653821468353,0.7599999904632568,0.3199999928474426,0.12713028490543365,0.05804568529129028
quartic_dome,T+F+S,9042,0.017942678183317184,1.2565255737304688,2.149165919569672,2.862513491981908,3.5266149922228336,0.9442543865826843,1.184846135646741,0.2036990374326706,0.7599999904632568,0.3199999928474426,0.17194251716136932,0.25846588611602783
