surface,config,seed,distance,reconstruction,tangent,cov_tangent,drift_tangent,normal_drift_learned,normal_drift_true
paraboloid,baseline,42,0.0,0.10455109179019928,0.4171277582645416,19.920591354370117,3.4359850883483887,6.62859582901001,2.731569528579712
paraboloid,baseline,42,0.1,0.5127096176147461,0.5511271357536316,94.21868896484375,7.660928249359131,10.870482444763184,2.870952844619751
paraboloid,baseline,42,0.2,0.8828984498977661,0.5665541291236877,150.1335906982422,8.96712875366211,12.343107223510742,2.9934229850769043
paraboloid,baseline,42,0.3,1.3891798257827759,0.5515971183776855,257.7888488769531,10.873248100280762,14.760844230651855,3.255439043045044
paraboloid,baseline,42,0.4,2.478588342666626,0.5764815211296082,400.0946960449219,15.981593132019043,21.291170120239258,3.70939564704895
paraboloid,baseline,42,0.5,3.6766088008880615,0.6016204357147217,610.4288330078125,19.468502044677734,25.199569702148438,3.848813533782959
paraboloid,T,42,0.0,0.0930745080113411,0.015199456363916397,0.2860866189002991,0.1740076094865799,3.179457664489746,2.731569528579712
paraboloid,T,42,0.1,0.6245409250259399,0.06040145829319954,4.8781304359436035,1.3707085847854614,5.609993934631348,2.870952844619751
paraboloid,T,42,0.2,1.0156866312026978,0.08818662166595459,15.09476375579834,2.194864511489868,6.765466690063477,2.9934229850769043
paraboloid,T,42,0.3,1.6254197359085083,0.12353311479091644,41.86299514770508,4.159493446350098,9.16688060760498,3.255439043045044
paraboloid,T,42,0.4,3.10052752494812,0.19791005551815033,107.08165740966797,9.315387725830078,14.606583595275879,3.70939564704895
paraboloid,T,42,0.5,4.217329025268555,0.2242354452610016,182.79086303710938,10.631149291992188,15.657737731933594,3.848813533782959
paraboloid,K,42,0.0,0.12321779131889343,0.13499858975410461,5.469959259033203,1.3195693492889404,4.677389144897461,2.731569528579712
paraboloid,K,42,0.1,0.6215100288391113,0.20581932365894318,39.524131774902344,3.6039657592773438,7.067071437835693,2.870952844619751
paraboloid,K,42,0.2,1.0063681602478027,0.2056576907634735,77.70877075195312,4.561500072479248,8.551216125488281,2.9934229850769043
paraboloid,K,42,0.3,1.594697117805481,0.21911250054836273,171.87513732910156,6.413235187530518,11.209284782409668,3.255439043045044
paraboloid,K,42,0.4,3.0191433429718018,0.2609834671020508,386.8916320800781,12.022955894470215,18.022279739379883,3.70939564704895
paraboloid,K,42,0.5,4.246511459350586,0.2821546196937561,591.1550903320312,14.732524871826172,21.266647338867188,3.848813533782959
paraboloid,T+K,42,0.0,0.06788865476846695,0.015450550243258476,0.224195197224617,0.15648405253887177,3.175713300704956,2.731569528579712
paraboloid,T+K,42,0.1,0.5052851438522339,0.048962585628032684,3.2012314796447754,1.4050086736679077,5.560606956481934,2.870952844619751
paraboloid,T+K,42,0.2,0.843863844871521,0.07799627631902695,9.677910804748535,2.385148763656616,6.74554967880249,2.9934229850769043
paraboloid,T+K,42,0.3,1.3941227197647095,0.11613979190587997,28.06618309020996,4.612517833709717,8.97230339050293,3.255439043045044
paraboloid,T+K,42,0.4,2.743547201156616,0.19193440675735474,76.3604736328125,9.544380187988281,13.20524787902832,3.70939564704895
paraboloid,T+K,42,0.5,3.729069471359253,0.21674463152885437,129.56944274902344,10.382623672485352,13.596362113952637,3.848813533782959
paraboloid,T+F,42,0.0,0.011890532448887825,0.0074631161987781525,0.9680931568145752,0.10069812834262848,3.169664144515991,2.731569528579712
paraboloid,T+F,42,0.1,0.1550813913345337,0.02803048864006996,15.194271087646484,0.6657102108001709,5.604161262512207,2.870952844619751
paraboloid,T+F,42,0.2,0.34212908148765564,0.04047451168298721,36.963191986083984,1.0800220966339111,6.78624963760376,2.9934229850769043
paraboloid,T+F,42,0.3,0.7149205803871155,0.054697729647159576,82.5546646118164,1.8476064205169678,8.683533668518066,3.255439043045044
paraboloid,T+F,42,0.4,1.8697625398635864,0.0984010100364685,163.80813598632812,4.642995357513428,13.562969207763672,3.70939564704895
paraboloid,T+F,42,0.5,2.904247760772705,0.14012281596660614,258.56146240234375,7.167572021484375,16.334768295288086,3.848813533782959
paraboloid,T+F+K,42,0.0,0.01342643704265356,0.004865370690822601,0.16478592157363892,0.050273675471544266,3.0322790145874023,2.731569528579712
paraboloid,T+F+K,42,0.1,0.14161819219589233,0.01527378335595131,1.6940778493881226,0.342861533164978,4.4052228927612305,2.870952844619751
paraboloid,T+F+K,42,0.2,0.32999908924102783,0.025164863094687462,4.280684471130371,0.6437505483627319,5.260291576385498,2.9934229850769043
paraboloid,T+F+K,42,0.3,0.7290403246879578,0.04802221432328224,11.582131385803223,1.6034021377563477,6.9793901443481445,3.255439043045044
paraboloid,T+F+K,42,0.4,1.9281883239746094,0.12017138302326202,30.61652946472168,5.591710090637207,11.734910011291504,3.70939564704895
paraboloid,T+F+K,42,0.5,2.9035634994506836,0.15958887338638306,66.1601791381836,8.029077529907227,13.614998817443848,3.848813533782959
paraboloid,baseline,1042,0.0,0.14522601664066315,0.4137587547302246,64.10553741455078,3.6871237754821777,6.786367416381836,2.7577669620513916
paraboloid,baseline,1042,0.1,0.7312958836555481,0.5557356476783752,302.0638732910156,8.23963451385498,11.896191596984863,2.8828494548797607
paraboloid,baseline,1042,0.2,1.365553617477417,0.5734217166900635,637.2578125,11.51455307006836,16.154407501220703,3.094160556793213
paraboloid,baseline,1042,0.3,2.270212411880493,0.5965259075164795,1209.7242431640625,15.285229682922363,20.52115249633789,3.2548229694366455
paraboloid,baseline,1042,0.4,3.6645829677581787,0.6169279217720032,2038.062744140625,20.14026641845703,26.26835060119629,3.6068503856658936
paraboloid,baseline,1042,0.5,5.359472751617432,0.625886082649231,3154.916748046875,24.939451217651367,31.235218048095703,3.7114546298980713
paraboloid,T,1042,0.0,0.04549066349864006,0.012064281851053238,0.7808936238288879,0.0819012001156807,2.8563232421875,2.7577669620513916
paraboloid,T,1042,0.1,0.4399572014808655,0.06333733350038528,11.586613655090332,0.5209513306617737,3.9175615310668945,2.8828494548797607
paraboloid,T,1042,0.2,1.0916577577590942,0.12851396203041077,43.70167541503906,1.3155606985092163,5.194077491760254,3.094160556793213
paraboloid,T,1042,0.3,1.9803663492202759,0.19459255039691925,117.47710418701172,2.447796583175659,6.6974687576293945,3.2548229694366455
paraboloid,T,1042,0.4,3.495037078857422,0.3064500689506531,290.6084899902344,4.761032581329346,9.330647468566895,3.6068503856658936
paraboloid,T,1042,0.5,5.370870590209961,0.3872999846935272,590.7804565429688,7.509359359741211,11.941448211669922,3.7114546298980713
paraboloid,K,1042,0.0,0.3423701226711273,0.6879640817642212,24.978879928588867,3.0879995822906494,0.3501721918582916,2.7577669620513916
paraboloid,K,1042,0.1,0.8038352727890015,0.5907766222953796,76.0604019165039,3.407700538635254,0.5109275579452515,2.8828494548797607
paraboloid,K,1042,0.2,1.149067759513855,0.5804789662361145,129.44935607910156,3.8930680751800537,0.5584345459938049,3.094160556793213
paraboloid,K,1042,0.3,1.5773228406906128,0.5899650454521179,183.10072326660156,4.172044277191162,0.6084111332893372,3.2548229694366455
paraboloid,K,1042,0.4,2.363023042678833,0.5886479616165161,257.1107482910156,4.744640350341797,0.7217384576797485,3.6068503856658936
paraboloid,K,1042,0.5,3.409681797027588,0.559298038482666,334.1759033203125,4.746632099151611,0.6593635678291321,3.7114546298980713
paraboloid,T+K,1042,0.0,0.04400017485022545,0.010393268428742886,0.8661618828773499,0.07645785808563232,2.8792545795440674,2.7577669620513916
paraboloid,T+K,1042,0.1,0.44013845920562744,0.0553286112844944,11.298036575317383,0.48262935876846313,3.935722827911377,2.8828494548797607
paraboloid,T+K,1042,0.2,1.095157504081726,0.11414632201194763,41.299583435058594,1.20613694190979,5.174963474273682,3.094160556793213
paraboloid,T+K,1042,0.3,1.9985038042068481,0.1772099733352661,108.3306884765625,2.2428550720214844,6.585856914520264,3.2548229694366455
paraboloid,T+K,1042,0.4,3.528127670288086,0.28915244340896606,267.9176940917969,4.405357360839844,9.041357040405273,3.6068503856658936
paraboloid,T+K,1042,0.5,5.414616584777832,0.373104989528656,545.3304443359375,7.072643756866455,11.589871406555176,3.7114546298980713
paraboloid,T+F,1042,0.0,0.01818426512181759,0.008274232037365437,0.5675486922264099,0.07551022619009018,3.1748838424682617,2.7577669620513916
paraboloid,T+F,1042,0.1,0.11977365612983704,0.023140836507081985,4.69826078414917,0.3472079336643219,4.634646415710449,2.8828494548797607
paraboloid,T+F,1042,0.2,0.32224687933921814,0.03476831689476967,14.061870574951172,0.5954138040542603,5.603442668914795,3.094160556793213
paraboloid,T+F,1042,0.3,0.7084677219390869,0.0451267808675766,38.523319244384766,0.9392099380493164,6.717384338378906,3.2548229694366455
paraboloid,T+F,1042,0.4,1.5305887460708618,0.05544733628630638,94.35670471191406,1.5341925621032715,8.619043350219727,3.6068503856658936
paraboloid,T+F,1042,0.5,2.829707384109497,0.07053966075181961,235.533447265625,2.441281795501709,10.647127151489258,3.7114546298980713
paraboloid,T+F+K,1042,0.0,0.012861689552664757,0.003835915122181177,0.13405799865722656,0.020004507154226303,2.902191638946533,2.7577669620513916
paraboloid,T+F+K,1042,0.1,0.09041708707809448,0.010635203681886196,0.7118768095970154,0.0767492949962616,3.480470895767212,2.8828494548797607
paraboloid,T+F+K,1042,0.2,0.2745293378829956,0.018885966390371323,2.389702558517456,0.171286478638649,4.134768962860107,3.094160556793213
paraboloid,T+F+K,1042,0.3,0.6366932392120361,0.026553940027952194,9.600231170654297,0.3243158459663391,4.915381908416748,3.2548229694366455
paraboloid,T+F+K,1042,0.4,1.4207063913345337,0.03510662168264389,38.66107177734375,0.6531075239181519,6.385725498199463,3.6068503856658936
paraboloid,T+F+K,1042,0.5,2.695382833480835,0.0525357685983181,149.14016723632812,1.4330874681472778,8.393648147583008,3.7114546298980713
paraboloid,baseline,2042,0.0,0.04580652713775635,0.054358016699552536,9.31027889251709,0.3860394358634949,3.7896833419799805,2.7902584075927734
paraboloid,baseline,2042,0.1,0.39919954538345337,0.10085534304380417,60.97825241088867,1.4081751108169556,6.825943470001221,2.959735870361328
paraboloid,baseline,2042,0.2,0.855934739112854,0.13050752878189087,131.06048583984375,1.664061427116394,7.344267845153809,2.958683729171753
paraboloid,baseline,2042,0.3,1.513597011566162,0.15863727033138275,188.5696258544922,2.1095471382141113,8.702435493469238,3.2749381065368652
paraboloid,baseline,2042,0.4,2.83760142326355,0.23527537286281586,393.53155517578125,3.3385796546936035,11.18427848815918,3.613997459411621
paraboloid,baseline,2042,0.5,4.540463447570801,0.23741760849952698,834.9542236328125,6.020308494567871,15.49976634979248,3.867738962173462
paraboloid,T,2042,0.0,0.06674431264400482,0.015245254151523113,0.43017393350601196,0.0766725018620491,2.9629263877868652,2.7902584075927734
paraboloid,T,2042,0.1,0.35635706782341003,0.023425405845046043,5.633623123168945,0.3078148066997528,4.358354568481445,2.959735870361328
paraboloid,T,2042,0.2,0.8346272706985474,0.045009952038526535,47.75979232788086,0.5460031032562256,4.833049297332764,2.958683729171753
paraboloid,T,2042,0.3,1.5685768127441406,0.09035822004079819,169.67149353027344,1.1327385902404785,5.987936973571777,3.2749381065368652
paraboloid,T,2042,0.4,2.9115829467773438,0.15803799033164978,420.0114440917969,2.1187877655029297,7.495157718658447,3.613997459411621
paraboloid,T,2042,0.5,4.841617107391357,0.24595145881175995,669.1696166992188,3.9141297340393066,10.27921199798584,3.867738962173462
paraboloid,K,2042,0.0,0.12181929498910904,0.14217804372310638,6.9059882164001465,0.7693279981613159,2.908259630203247,2.7902584075927734
paraboloid,K,2042,0.1,0.7833160758018494,0.2538631558418274,37.71257400512695,1.5462446212768555,2.6589887142181396,2.959735870361328
paraboloid,K,2042,0.2,1.081978440284729,0.2699436545372009,42.79977035522461,1.4272940158843994,2.444690227508545,2.958683729171753
paraboloid,K,2042,0.3,1.5225012302398682,0.30209192633628845,58.407928466796875,1.6809064149856567,2.6693694591522217,3.2749381065368652
paraboloid,K,2042,0.4,2.3736727237701416,0.332401305437088,103.74585723876953,1.558573603630066,3.241837978363037,3.613997459411621
paraboloid,K,2042,0.5,3.502260208129883,0.27893581986427307,186.87069702148438,1.9197239875793457,4.418426036834717,3.867738962173462
paraboloid,T+K,2042,0.0,0.027342362329363823,0.005890227854251862,0.3378371596336365,0.034002505242824554,2.9482851028442383,2.7902584075927734
paraboloid,T+K,2042,0.1,0.2732011377811432,0.020036188885569572,4.37837028503418,0.18830546736717224,3.930818557739258,2.959735870361328
paraboloid,T+K,2042,0.2,0.7122136354446411,0.0414927639067173,35.688690185546875,0.39429572224617004,4.440691947937012,2.958683729171753
paraboloid,T+K,2042,0.3,1.4054101705551147,0.08601157367229462,139.58067321777344,0.8631085157394409,5.386836528778076,3.2749381065368652
paraboloid,T+K,2042,0.4,2.701846122741699,0.1571369767189026,361.8298645019531,1.6856600046157837,6.616168975830078,3.613997459411621
paraboloid,T+K,2042,0.5,4.523938179016113,0.2463398575782776,584.779541015625,3.2366745471954346,8.985702514648438,3.867738962173462
paraboloid,T+F,2042,0.0,0.009449328295886517,0.010017980821430683,0.8905804753303528,0.07353855669498444,3.218303680419922,2.7902584075927734
paraboloid,T+F,2042,0.1,0.07483720779418945,0.028666118159890175,7.987668991088867,0.378210186958313,4.714651584625244,2.959735870361328
paraboloid,T+F,2042,0.2,0.22523480653762817,0.04051452875137329,20.18240737915039,0.623454749584198,5.375321388244629,2.958683729171753
paraboloid,T+F,2042,0.3,0.5322095155715942,0.05260646715760231,44.27801513671875,0.9719671010971069,6.6797194480896,3.2749381065368652
paraboloid,T+F,2042,0.4,1.334153413772583,0.07238078117370605,93.7615737915039,1.3315035104751587,7.902225971221924,3.613997459411621
paraboloid,T+F,2042,0.5,2.2800402641296387,0.10181822627782822,171.47064208984375,2.021989345550537,9.664294242858887,3.867738962173462
paraboloid,T+F+K,2042,0.0,0.013767385855317116,0.005582424346357584,0.29068177938461304,0.03270273655653,3.037787675857544,2.7902584075927734
paraboloid,T+F+K,2042,0.1,0.07165329158306122,0.011091993190348148,2.450047254562378,0.1536065936088562,3.987926483154297,2.959735870361328
paraboloid,T+F+K,2042,0.2,0.21874278783798218,0.016893837600946426,6.539660453796387,0.23057623207569122,4.290816783905029,2.958683729171753
paraboloid,T+F+K,2042,0.3,0.5221121907234192,0.026906346902251244,15.538196563720703,0.3953302502632141,5.248594284057617,3.2749381065368652
paraboloid,T+F+K,2042,0.4,1.3200609683990479,0.05652661994099617,42.9599723815918,0.6623148322105408,6.352510452270508,3.613997459411621
paraboloid,T+F+K,2042,0.5,2.2268850803375244,0.07551568001508713,78.35425567626953,1.1169641017913818,7.897179126739502,3.867738962173462
paraboloid,baseline,3042,0.0,0.07984045892953873,0.04612709581851959,6.153984546661377,0.4183051288127899,3.808274984359741,2.766871929168701
paraboloid,baseline,3042,0.1,0.40469086170196533,0.13132023811340332,62.03965759277344,2.2538821697235107,8.241134643554688,2.9472672939300537
paraboloid,baseline,3042,0.2,0.7498389482498169,0.1661188006401062,122.32892608642578,3.2428953647613525,9.73926067352295,3.026327133178711
paraboloid,baseline,3042,0.3,1.4564785957336426,0.20585714280605316,205.3816680908203,5.024990558624268,12.296247482299805,3.344125509262085
paraboloid,baseline,3042,0.4,2.5946102142333984,0.23086176812648773,416.844482421875,7.099614143371582,15.796181678771973,3.7162277698516846
paraboloid,baseline,3042,0.5,4.192766189575195,0.2643904983997345,706.700927734375,9.696657180786133,19.10013198852539,3.9826672077178955
paraboloid,T,3042,0.0,0.030033115297555923,0.006346389651298523,0.3004312813282013,0.06668699532747269,2.987138032913208,2.766871929168701
paraboloid,T,3042,0.1,0.32877907156944275,0.03362205997109413,6.930485725402832,0.5900534987449646,4.636248588562012,2.9472672939300537
paraboloid,T,3042,0.2,0.8334571123123169,0.06667988747358322,32.87433624267578,1.1720143556594849,5.5643744468688965,3.026327133178711
paraboloid,T,3042,0.3,1.885615587234497,0.1499137431383133,118.97798156738281,2.8460116386413574,7.586872100830078,3.344125509262085
paraboloid,T,3042,0.4,3.395404815673828,0.2697260081768036,459.7484436035156,5.0794501304626465,9.629263877868652,3.7162277698516846
paraboloid,T,3042,0.5,5.507809162139893,0.3870592415332794,795.202392578125,8.21031665802002,12.274286270141602,3.9826672077178955
paraboloid,K,3042,0.0,0.04373868927359581,0.03931078314781189,0.544975757598877,0.3527853488922119,3.61435604095459,2.766871929168701
paraboloid,K,3042,0.1,0.34815406799316406,0.10458305478096008,5.240597724914551,1.4712629318237305,5.807715892791748,2.9472672939300537
paraboloid,K,3042,0.2,0.7846823930740356,0.11928629875183105,16.772502899169922,2.0159430503845215,6.844507217407227,3.026327133178711
paraboloid,K,3042,0.3,1.6860110759735107,0.16232186555862427,48.8070068359375,3.572160005569458,9.207159042358398,3.344125509262085
paraboloid,K,3042,0.4,3.0847036838531494,0.2196318805217743,197.30752563476562,5.662282943725586,12.59334659576416,3.7162277698516846
paraboloid,K,3042,0.5,5.020884990692139,0.28374505043029785,407.1466064453125,8.242754936218262,15.47700023651123,3.9826672077178955
paraboloid,T+K,3042,0.0,0.027950981631875038,0.006854956969618797,0.3145720064640045,0.06296063214540482,2.960850238800049,2.766871929168701
paraboloid,T+K,3042,0.1,0.2835875451564789,0.03335336968302727,7.104559421539307,0.5274684429168701,4.492141246795654,2.9472672939300537
paraboloid,T+K,3042,0.2,0.7522516846656799,0.06392727047204971,34.39797592163086,1.0465245246887207,5.383329391479492,3.026327133178711
paraboloid,T+K,3042,0.3,1.7570768594741821,0.1423051804304123,130.83335876464844,2.5745718479156494,7.329199314117432,3.344125509262085
paraboloid,T+K,3042,0.4,3.264320135116577,0.2647315561771393,523.0018310546875,4.960352420806885,9.521646499633789,3.7162277698516846
paraboloid,T+K,3042,0.5,5.309139728546143,0.3778470754623413,891.6657104492188,8.178786277770996,12.340975761413574,3.9826672077178955
paraboloid,T+F,3042,0.0,0.011163034476339817,0.008200153708457947,1.4656450748443604,0.08845315873622894,3.1700644493103027,2.766871929168701
paraboloid,T+F,3042,0.1,0.06674482673406601,0.019954871386289597,20.001541137695312,0.5422607064247131,5.41932487487793,2.9472672939300537
paraboloid,T+F,3042,0.2,0.2222963273525238,0.028615616261959076,48.89176559448242,0.8839483857154846,6.44298791885376,3.026327133178711
paraboloid,T+F,3042,0.3,0.6687495112419128,0.043499525636434555,100.01837158203125,1.6779909133911133,8.622720718383789,3.344125509262085
paraboloid,T+F,3042,0.4,1.5490326881408691,0.07095061242580414,239.8842315673828,2.6809821128845215,11.056648254394531,3.7162277698516846
paraboloid,T+F,3042,0.5,3.0178534984588623,0.11620208621025085,403.5937805175781,4.143352508544922,13.70965576171875,3.9826672077178955
paraboloid,T+F+K,3042,0.0,0.004692950285971165,0.002498964313417673,0.11117691546678543,0.0441741980612278,2.9633870124816895,2.766871929168701
paraboloid,T+F+K,3042,0.1,0.06707730144262314,0.010831319727003574,0.9772337079048157,0.28867003321647644,4.114277362823486,2.9472672939300537
paraboloid,T+F+K,3042,0.2,0.23553234338760376,0.017179448157548904,2.637925863265991,0.4505726099014282,4.601253986358643,3.026327133178711
paraboloid,T+F+K,3042,0.3,0.7328488230705261,0.035497281700372696,8.928407669067383,1.0571017265319824,6.2886786460876465,3.344125509262085
paraboloid,T+F+K,3042,0.4,1.6990742683410645,0.07772534340620041,47.18272018432617,1.8193278312683105,8.095719337463379,3.7162277698516846
paraboloid,T+F+K,3042,0.5,3.276252031326294,0.14031937718391418,124.60054016113281,3.2511582374572754,10.34738540649414,3.9826672077178955
paraboloid,baseline,4042,0.0,0.059077586978673935,0.08528147637844086,21.121021270751953,0.9942514896392822,5.061417102813721,2.8104963302612305
paraboloid,baseline,4042,0.1,0.4530286490917206,0.17001654207706451,135.4899444580078,3.541804313659668,10.08694076538086,2.9062862396240234
paraboloid,baseline,4042,0.2,1.0902765989303589,0.18802820146083832,221.61300659179688,4.826793670654297,12.37182903289795,3.044782876968384
paraboloid,baseline,4042,0.3,2.0849335193634033,0.22907814383506775,436.4892883300781,6.030381679534912,14.001004219055176,3.2252209186553955
paraboloid,baseline,4042,0.4,3.490811824798584,0.2778756320476532,764.21240234375,8.038520812988281,16.41378402709961,3.5164437294006348
paraboloid,baseline,4042,0.5,5.635965824127197,0.35354477167129517,1716.1170654296875,12.338369369506836,21.521238327026367,3.8965184688568115
paraboloid,T,4042,0.0,0.05010296031832695,0.01207724865525961,2.7414278984069824,0.07348775118589401,3.1051876544952393,2.8104963302612305
paraboloid,T,4042,0.1,0.36016571521759033,0.03266015276312828,25.469982147216797,0.3283666968345642,4.273362159729004,2.9062862396240234
paraboloid,T,4042,0.2,0.8705487847328186,0.05643967539072037,51.026248931884766,0.6345045566558838,5.002275466918945,3.044782876968384
paraboloid,T,4042,0.3,1.6475082635879517,0.0901244580745697,115.01958465576172,1.154736876487732,5.962151527404785,3.2252209186553955
paraboloid,T,4042,0.4,2.76080584526062,0.13664120435714722,218.27804565429688,1.9460030794143677,7.428864002227783,3.5164437294006348
paraboloid,T,4042,0.5,4.558640003204346,0.18821966648101807,563.5007934570312,3.402874231338501,10.109148979187012,3.8965184688568115
paraboloid,K,4042,0.0,0.08812379837036133,0.07432516664266586,8.56535816192627,0.551234781742096,4.128601551055908,2.8104963302612305
paraboloid,K,4042,0.1,0.5906451940536499,0.12372568249702454,95.8102035522461,1.8015758991241455,7.003637313842773,2.9062862396240234
paraboloid,K,4042,0.2,1.2663748264312744,0.16610506176948547,221.29649353027344,2.8642680644989014,8.523433685302734,3.044782876968384
paraboloid,K,4042,0.3,2.3353915214538574,0.2385992407798767,553.0,5.3573408126831055,11.158647537231445,3.2252209186553955
paraboloid,K,4042,0.4,3.886864185333252,0.3100301921367645,1012.412841796875,8.619184494018555,14.936419486999512,3.5164437294006348
paraboloid,K,4042,0.5,6.152917385101318,0.42098191380500793,2259.88720703125,15.662073135375977,21.085031509399414,3.8965184688568115
paraboloid,T+K,4042,0.0,0.050581131130456924,0.009765270166099072,1.6115245819091797,0.049289971590042114,2.9477012157440186,2.8104963302612305
paraboloid,T+K,4042,0.1,0.3676469326019287,0.031240835785865784,16.28006935119629,0.23928219079971313,3.6639318466186523,2.9062862396240234
paraboloid,T+K,4042,0.2,0.9031150341033936,0.06125546619296074,36.98492431640625,0.5539602041244507,4.258968353271484,3.044782876968384
paraboloid,T+K,4042,0.3,1.6940158605575562,0.1016973927617073,88.5776596069336,1.0694917440414429,5.198788642883301,3.2252209186553955
paraboloid,T+K,4042,0.4,2.8110148906707764,0.15272755920886993,174.38233947753906,1.821641206741333,6.655679702758789,3.5164437294006348
paraboloid,T+K,4042,0.5,4.610743999481201,0.20615559816360474,458.8677673339844,3.1421782970428467,9.098514556884766,3.8965184688568115
paraboloid,T+F,4042,0.0,0.0238586887717247,0.00997796468436718,3.166754961013794,0.13771037757396698,3.4150121212005615,2.8104963302612305
paraboloid,T+F,4042,0.1,0.17397375404834747,0.03364647552371025,29.093137741088867,0.7802487015724182,5.594568729400635,2.9062862396240234
paraboloid,T+F,4042,0.2,0.4776080250740051,0.05733847990632057,62.61806869506836,1.7467633485794067,7.619204998016357,3.044782876968384
paraboloid,T+F,4042,0.3,1.0466314554214478,0.07600966095924377,146.9263458251953,2.728515625,9.730591773986816,3.2252209186553955
paraboloid,T+F,4042,0.4,1.9819295406341553,0.09458759427070618,282.98681640625,3.7648510932922363,12.005729675292969,3.5164437294006348
paraboloid,T+F,4042,0.5,3.7476768493652344,0.12496921420097351,839.0615844726562,5.9086432456970215,16.233734130859375,3.8965184688568115
paraboloid,T+F+K,4042,0.0,0.020394276827573776,0.005332374945282936,0.9415392279624939,0.07016627490520477,3.147564172744751,2.8104963302612305
paraboloid,T+F+K,4042,0.1,0.16422098875045776,0.019894177094101906,11.066761016845703,0.42953693866729736,4.603843688964844,2.9062862396240234
paraboloid,T+F+K,4042,0.2,0.47614821791648865,0.03993216156959534,31.624698638916016,1.0642086267471313,6.200965881347656,3.044782876968384
paraboloid,T+F+K,4042,0.3,1.0561457872390747,0.05702533200383186,86.01335144042969,1.6944328546524048,7.853002071380615,3.2252209186553955
paraboloid,T+F+K,4042,0.4,2.015597343444824,0.07521351426839828,178.57736206054688,2.395958423614502,9.689013481140137,3.5164437294006348
paraboloid,T+F+K,4042,0.5,3.8007373809814453,0.10962118208408356,652.6725463867188,4.173480033874512,13.52876091003418,3.8965184688568115
paraboloid,baseline,5042,0.0,0.41170650720596313,0.44787031412124634,8.736250877380371,3.2456259727478027,4.1669392585754395,2.7439613342285156
paraboloid,baseline,5042,0.1,1.2107003927230835,0.4808211028575897,37.5493278503418,5.598874568939209,6.112778663635254,2.9922103881835938
paraboloid,baseline,5042,0.2,1.7005478143692017,0.5175567269325256,60.36416244506836,6.184462070465088,6.395573139190674,3.0635881423950195
paraboloid,baseline,5042,0.3,2.3735461235046387,0.5251007080078125,103.27920532226562,7.5662407875061035,7.49217414855957,3.3412768840789795
paraboloid,baseline,5042,0.4,3.1511435508728027,0.5264488458633423,138.1580047607422,8.375706672668457,8.047489166259766,3.3385400772094727
paraboloid,baseline,5042,0.5,5.419281005859375,0.5267672538757324,246.3755645751953,11.245712280273438,10.162247657775879,3.9203009605407715
paraboloid,T,5042,0.0,0.32420089840888977,0.12042552977800369,3.6247212886810303,1.3807293176651,4.6742658615112305,2.7439613342285156
paraboloid,T,5042,0.1,1.3678858280181885,0.32408657670021057,19.668241500854492,5.2526631355285645,7.820804595947266,2.9922103881835938
paraboloid,T,5042,0.2,2.0059292316436768,0.39639145135879517,39.4799690246582,6.383495807647705,8.314288139343262,3.0635881423950195
paraboloid,T,5042,0.3,2.934950590133667,0.4302658140659332,89.1549301147461,8.530362129211426,9.486418724060059,3.3412768840789795
paraboloid,T,5042,0.4,3.9814343452453613,0.4480491578578949,123.49983215332031,9.885090827941895,9.826059341430664,3.3385400772094727
paraboloid,T,5042,0.5,6.853597640991211,0.45737001299858093,325.8070983886719,13.998954772949219,12.54244327545166,3.9203009605407715
paraboloid,K,5042,0.0,0.5405705571174622,0.5114774703979492,7.112861633300781,3.193844795227051,2.7271347045898438,2.7439613342285156
paraboloid,K,5042,0.1,1.3290578126907349,0.45587801933288574,24.972379684448242,4.641668319702148,4.473178386688232,2.9922103881835938
paraboloid,K,5042,0.2,1.7688605785369873,0.4730899930000305,37.60205841064453,4.934797286987305,4.806206703186035,3.0635881423950195
paraboloid,K,5042,0.3,2.3990559577941895,0.45049360394477844,64.3361587524414,5.628313064575195,5.64455509185791,3.3412768840789795
paraboloid,K,5042,0.4,3.113736629486084,0.4354718029499054,83.16632080078125,6.1387739181518555,5.979970932006836,3.3385400772094727
paraboloid,K,5042,0.5,5.364170551300049,0.47043734788894653,189.79444885253906,7.9780497550964355,8.145540237426758,3.9203009605407715
paraboloid,T+K,5042,0.0,0.3506632149219513,0.1318964660167694,4.090830326080322,1.4671353101730347,4.630020618438721,2.7439613342285156
paraboloid,T+K,5042,0.1,1.401995301246643,0.35284140706062317,22.70513916015625,5.283166885375977,7.459982872009277,2.9922103881835938
paraboloid,T+K,5042,0.2,2.046992778778076,0.4237149655818939,43.67429733276367,6.401086330413818,7.932925701141357,3.0635881423950195
paraboloid,T+K,5042,0.3,2.950773239135742,0.44248974323272705,92.2428970336914,8.486785888671875,9.1869535446167,3.3412768840789795
paraboloid,T+K,5042,0.4,3.9976255893707275,0.4575475752353668,124.53849792480469,9.81067943572998,9.590429306030273,3.3385400772094727
paraboloid,T+K,5042,0.5,6.849188804626465,0.4601258635520935,319.7850646972656,13.854061126708984,12.297846794128418,3.9203009605407715
paraboloid,T+F,5042,0.0,0.3919251263141632,0.19125261902809143,4.3417534828186035,1.9246479272842407,5.058565616607666,2.7439613342285156
paraboloid,T+F,5042,0.1,1.4036600589752197,0.3073878586292267,27.172195434570312,5.19990348815918,8.79605484008789,2.9922103881835938
paraboloid,T+F,5042,0.2,2.011629343032837,0.36836346983909607,61.163143157958984,6.0659685134887695,9.677289962768555,3.0635881423950195
paraboloid,T+F,5042,0.3,2.8517942428588867,0.4140930473804474,252.5020751953125,8.533537864685059,12.505768775939941,3.3412768840789795
paraboloid,T+F,5042,0.4,3.837327718734741,0.46299606561660767,251.45408630371094,9.637933731079102,12.714371681213379,3.3385400772094727
paraboloid,T+F,5042,0.5,6.577167987823486,0.5118379592895508,816.3093872070312,15.265008926391602,18.321107864379883,3.9203009605407715
paraboloid,T+F+K,5042,0.0,0.27957141399383545,0.14185485243797302,3.2163102626800537,1.564097285270691,4.98898983001709,2.7439613342285156
paraboloid,T+F+K,5042,0.1,1.1891307830810547,0.26307395100593567,15.243961334228516,4.895564079284668,8.438360214233398,2.9922103881835938
paraboloid,T+F+K,5042,0.2,1.750353455543518,0.3190373182296753,30.22222328186035,5.6455793380737305,8.878250122070312,3.0635881423950195
paraboloid,T+F+K,5042,0.3,2.579000473022461,0.37244611978530884,73.869140625,7.679588794708252,10.466279983520508,3.3412768840789795
paraboloid,T+F+K,5042,0.4,3.5904805660247803,0.42625054717063904,108.38654327392578,9.213526725769043,11.231019020080566,3.3385400772094727
paraboloid,T+F+K,5042,0.5,6.401296138763428,0.4923419952392578,352.5173645019531,14.413679122924805,15.300474166870117,3.9203009605407715
paraboloid,baseline,6042,0.0,0.2864665985107422,0.31850603222846985,17.373523712158203,2.784431219100952,4.600419044494629,2.7590012550354004
paraboloid,baseline,6042,0.1,0.9076986312866211,0.3545798659324646,102.84608459472656,6.879825592041016,9.755692481994629,2.8829991817474365
paraboloid,baseline,6042,0.2,1.6845747232437134,0.3982268273830414,220.33299255371094,9.378740310668945,12.686502456665039,3.215468168258667
paraboloid,baseline,6042,0.3,2.158205986022949,0.35605818033218384,501.7508850097656,10.134976387023926,15.09264850616455,3.3535821437835693
paraboloid,baseline,6042,0.4,3.3252453804016113,0.4040088951587677,910.354736328125,13.17678165435791,18.97398567199707,3.7521255016326904
paraboloid,baseline,6042,0.5,4.579103469848633,0.3719029724597931,1278.071533203125,14.441764831542969,20.76288604736328,3.7914211750030518
paraboloid,T,6042,0.0,0.11056029051542282,0.019062066450715065,1.5730595588684082,0.1815716028213501,3.3210561275482178,2.7590012550354004
paraboloid,T,6042,0.1,0.6607588529586792,0.05590168386697769,19.117998123168945,0.9818950891494751,5.260226726531982,2.8829991817474365
paraboloid,T,6042,0.2,1.3435524702072144,0.09636751562356949,53.612945556640625,1.7029075622558594,6.611483573913574,3.215468168258667
paraboloid,T,6042,0.3,1.8567204475402832,0.11011838912963867,114.5142822265625,1.9913870096206665,7.332928657531738,3.3535821437835693
paraboloid,T,6042,0.4,2.90926194190979,0.13548214733600616,252.1865692138672,3.2280728816986084,9.782085418701172,3.7521255016326904
paraboloid,T,6042,0.5,4.057711124420166,0.14659419655799866,368.4818115234375,3.414797306060791,9.979715347290039,3.7914211750030518
paraboloid,K,6042,0.0,0.2564670443534851,0.2700468897819519,1.5771875381469727,2.4214494228363037,4.327556133270264,2.7590012550354004
paraboloid,K,6042,0.1,0.919888436794281,0.29532021284103394,10.406149864196777,5.999772071838379,8.733550071716309,2.8829991817474365
paraboloid,K,6042,0.2,1.7609074115753174,0.32236966490745544,29.60184669494629,8.587531089782715,11.908949851989746,3.215468168258667
paraboloid,K,6042,0.3,2.4104228019714355,0.2669931948184967,73.95806121826172,8.892960548400879,12.976783752441406,3.3535821437835693
paraboloid,K,6042,0.4,3.7567288875579834,0.31087496876716614,181.26820373535156,11.579192161560059,16.668853759765625,3.7521255016326904
paraboloid,K,6042,0.5,5.276417255401611,0.2802412211894989,299.43634033203125,14.515745162963867,19.739404678344727,3.7914211750030518
paraboloid,T+K,6042,0.0,0.10148241370916367,0.019791439175605774,1.0770694017410278,0.21286769211292267,3.402235507965088,2.7590012550354004
paraboloid,T+K,6042,0.1,0.5935478210449219,0.052029430866241455,14.028541564941406,1.0130808353424072,5.337847709655762,2.8829991817474365
paraboloid,T+K,6042,0.2,1.2383532524108887,0.09323056042194366,43.829673767089844,1.740569829940796,6.664046764373779,3.215468168258667
paraboloid,T+K,6042,0.3,1.7616063356399536,0.10550717264413834,91.77716064453125,1.9217818975448608,7.063863754272461,3.3535821437835693
paraboloid,T+K,6042,0.4,2.7861320972442627,0.1307874470949173,207.11122131347656,3.0068676471710205,9.311563491821289,3.7521255016326904
paraboloid,T+K,6042,0.5,3.940347909927368,0.1415824443101883,323.32708740234375,3.2682652473449707,9.554689407348633,3.7914211750030518
paraboloid,T+F,6042,0.0,0.12743942439556122,0.08444733172655106,10.19261360168457,1.0655838251113892,4.977092266082764,2.7590012550354004
paraboloid,T+F,6042,0.1,0.6073688268661499,0.20190569758415222,101.95832824707031,3.9522743225097656,9.582743644714355,2.8829991817474365
paraboloid,T+F,6042,0.2,1.1144310235977173,0.27215901017189026,233.60324096679688,5.859646320343018,12.052828788757324,3.215468168258667
paraboloid,T+F,6042,0.3,1.4189447164535522,0.2797446548938751,546.5318603515625,7.340629577636719,14.521484375,3.3535821437835693
paraboloid,T+F,6042,0.4,2.2875027656555176,0.3070923686027527,1014.6697387695312,10.25848388671875,18.99825668334961,3.7521255016326904
paraboloid,T+F,6042,0.5,3.208279848098755,0.32303398847579956,1386.18798828125,12.128750801086426,21.178295135498047,3.7914211750030518
paraboloid,T+F+K,6042,0.0,0.1445741355419159,0.09441275149583817,2.7924749851226807,1.07253897190094,4.247489929199219,2.7590012550354004
paraboloid,T+F+K,6042,0.1,0.5808913707733154,0.16553369164466858,23.00551414489746,2.926211357116699,6.272243022918701,2.8829991817474365
paraboloid,T+F+K,6042,0.2,1.0159780979156494,0.21255868673324585,57.31492233276367,3.692946195602417,6.904773712158203,3.215468168258667
paraboloid,T+F+K,6042,0.3,1.24900484085083,0.1818350851535797,104.6643295288086,3.377176523208618,6.9775848388671875,3.3535821437835693
paraboloid,T+F+K,6042,0.4,2.066387414932251,0.21171030402183533,216.49815368652344,4.94482421875,9.519658088684082,3.7521255016326904
paraboloid,T+F+K,6042,0.5,2.851191997528076,0.19668713212013245,323.2027282714844,4.9957170486450195,9.404565811157227,3.7914211750030518
paraboloid,baseline,7042,0.0,0.15897919237613678,0.1714545488357544,17.480762481689453,1.208465576171875,4.909891605377197,2.7986340522766113
paraboloid,baseline,7042,0.1,0.8504406809806824,0.34465649724006653,108.17361450195312,3.913550615310669,9.54177188873291,2.910869598388672
paraboloid,baseline,7042,0.2,1.661982536315918,0.41622504591941833,244.2012176513672,5.939077377319336,11.887250900268555,2.987438440322876
paraboloid,baseline,7042,0.3,2.730494737625122,0.4980323612689972,394.8022766113281,9.853959083557129,16.131263732910156,3.3095743656158447
paraboloid,baseline,7042,0.4,3.9333906173706055,0.551688015460968,679.5245361328125,13.08697509765625,18.938283920288086,3.4019689559936523
paraboloid,baseline,7042,0.5,5.657036781311035,0.6146611571311951,1410.5484619140625,21.49187660217285,27.134654998779297,4.133221626281738
paraboloid,T,7042,0.0,0.11315467208623886,0.025675542652606964,3.228031873703003,0.09757079184055328,3.081904411315918,2.7986340522766113
paraboloid,T,7042,0.1,0.6829457879066467,0.1215912401676178,35.57145690917969,0.6434383392333984,4.4000630378723145,2.910869598388672
paraboloid,T,7042,0.2,1.3995914459228516,0.19884628057479858,119.6377944946289,1.5091474056243896,5.6756272315979,2.987438440322876
paraboloid,T,7042,0.3,2.4001271724700928,0.2909369170665741,202.77505493164062,2.727569818496704,7.431238174438477,3.3095743656158447
paraboloid,T,7042,0.4,3.504685401916504,0.3396891951560974,388.9191589355469,4.072476387023926,9.15860366821289,3.4019689559936523
paraboloid,T,7042,0.5,5.05209493637085,0.3626159727573395,781.3350830078125,6.226778507232666,12.437962532043457,4.133221626281738
paraboloid,K,7042,0.0,0.18392926454544067,0.21047934889793396,5.969385147094727,0.9605351686477661,2.8376495838165283,2.7986340522766113
paraboloid,K,7042,0.1,0.7682763338088989,0.2531954348087311,30.718786239624023,1.1668124198913574,3.3136870861053467,2.910869598388672
paraboloid,K,7042,0.2,1.4656217098236084,0.2787933945655823,80.5545425415039,1.6684705018997192,4.682241439819336,2.987438440322876
paraboloid,K,7042,0.3,2.4105916023254395,0.3338596224784851,146.40826416015625,2.5131008625030518,6.353245735168457,3.3095743656158447
paraboloid,K,7042,0.4,3.5043234825134277,0.3605443239212036,282.5174560546875,3.5127222537994385,8.033504486083984,3.4019689559936523
paraboloid,K,7042,0.5,5.053123474121094,0.36851903796195984,623.3565673828125,5.720209121704102,12.10261344909668,4.133221626281738
paraboloid,T+K,7042,0.0,0.14118601381778717,0.028565336018800735,2.9464030265808105,0.09974151849746704,2.9852442741394043,2.7986340522766113
paraboloid,T+K,7042,0.1,0.7896977663040161,0.14709684252738953,27.504148483276367,0.6629859209060669,3.9597175121307373,2.910869598388672
paraboloid,T+K,7042,0.2,1.5163440704345703,0.22640852630138397,84.16697692871094,1.4738492965698242,4.922779083251953,2.987438440322876
paraboloid,T+K,7042,0.3,2.521409749984741,0.3250768780708313,146.20635986328125,2.7317955493927,6.50255823135376,3.3095743656158447
paraboloid,T+K,7042,0.4,3.6368589401245117,0.3782590329647064,272.69854736328125,4.146170616149902,8.072081565856934,3.4019689559936523
paraboloid,T+K,7042,0.5,5.137544631958008,0.3853112757205963,544.4202270507812,6.098994731903076,10.896832466125488,4.133221626281738
paraboloid,T+F,7042,0.0,0.033098217099905014,0.018703289330005646,3.195180892944336,0.1426476091146469,3.4517323970794678,2.7986340522766113
paraboloid,T+F,7042,0.1,0.28034836053848267,0.04681439325213432,29.69761848449707,0.7179568409919739,5.641097545623779,2.910869598388672
paraboloid,T+F,7042,0.2,0.7713867425918579,0.08737493306398392,92.67073059082031,1.2851413488388062,6.720813751220703,2.987438440322876
paraboloid,T+F,7042,0.3,1.6048831939697266,0.1530296504497528,160.57179260253906,2.346036434173584,8.743509292602539,3.3095743656158447
paraboloid,T+F,7042,0.4,2.6164257526397705,0.20593580603599548,315.41082763671875,3.354675054550171,10.267349243164062,3.4019689559936523
paraboloid,T+F,7042,0.5,4.11503267288208,0.28087925910949707,676.88232421875,6.05792760848999,14.649901390075684,4.133221626281738
paraboloid,T+F+K,7042,0.0,0.04146844893693924,0.012822456657886505,0.8427238464355469,0.06961283087730408,3.0896759033203125,2.7986340522766113
paraboloid,T+F+K,7042,0.1,0.4006725251674652,0.04027208313345909,11.294708251953125,0.3402904272079468,4.308123588562012,2.910869598388672
paraboloid,T+F+K,7042,0.2,1.029979944229126,0.094833604991436,43.167266845703125,0.7598268389701843,4.995758056640625,2.987438440322876
paraboloid,T+F+K,7042,0.3,2.004575490951538,0.18482914566993713,88.29004669189453,1.6827715635299683,6.574587345123291,3.3095743656158447
paraboloid,T+F+K,7042,0.4,3.1194539070129395,0.24878133833408356,165.3253936767578,2.5963683128356934,7.742117881774902,3.4019689559936523
paraboloid,T+F+K,7042,0.5,4.708722114562988,0.33032169938087463,330.99945068359375,5.116847515106201,11.112380981445312,4.133221626281738
paraboloid,baseline,8042,0.0,0.19699780642986298,0.32441961765289307,51.223819732666016,3.2870161533355713,5.847986698150635,2.8398022651672363
paraboloid,baseline,8042,0.1,0.8077830076217651,0.4094960391521454,256.1365966796875,8.243502616882324,11.584657669067383,3.058595895767212
paraboloid,baseline,8042,0.2,1.329278826713562,0.383317232131958,455.11767578125,9.936201095581055,13.486757278442383,3.1509487628936768
paraboloid,baseline,8042,0.3,2.1086714267730713,0.39160796999931335,593.7389526367188,11.873434066772461,16.177453994750977,3.361070156097412
paraboloid,baseline,8042,0.4,3.114086866378784,0.4051550030708313,901.3765258789062,14.407422065734863,18.775556564331055,3.6478400230407715
paraboloid,baseline,8042,0.5,4.465363502502441,0.38145896792411804,1099.4581298828125,14.351356506347656,19.180953979492188,3.677980422973633
paraboloid,T,8042,0.0,0.09331242740154266,0.03292960301041603,8.571635246276855,0.4422043561935425,3.922792911529541,2.8398022651672363
paraboloid,T,8042,0.1,0.5081685185432434,0.11513282358646393,60.971641540527344,2.0174753665924072,7.121367931365967,3.058595895767212
paraboloid,T,8042,0.2,1.0000734329223633,0.13796809315681458,154.30531311035156,3.2641489505767822,9.017560958862305,3.1509487628936768
paraboloid,T,8042,0.3,1.9346226453781128,0.16823764145374298,256.361328125,4.7516560554504395,11.426962852478027,3.361070156097412
paraboloid,T,8042,0.4,3.1492505073547363,0.19720175862312317,460.19769287109375,7.001556396484375,14.56039810180664,3.6478400230407715
paraboloid,T,8042,0.5,5.027961730957031,0.23145049810409546,688.8175048828125,8.830892562866211,16.738428115844727,3.677980422973633
paraboloid,K,8042,0.0,0.2575813829898834,0.3495870530605316,45.652156829833984,2.8185782432556152,4.08521842956543,2.8398022651672363
paraboloid,K,8042,0.1,0.8932892084121704,0.3897237777709961,207.43983459472656,7.221236705780029,9.252335548400879,3.058595895767212
paraboloid,K,8042,0.2,1.2817442417144775,0.35938766598701477,281.1034851074219,7.699648857116699,10.058526039123535,3.1509487628936768
paraboloid,K,8042,0.3,1.9616032838821411,0.3602302074432373,366.0098571777344,9.293722152709961,12.40066146850586,3.361070156097412
paraboloid,K,8042,0.4,2.849687337875366,0.3656778931617737,544.437744140625,11.126227378845215,14.380666732788086,3.6478400230407715
paraboloid,K,8042,0.5,4.209721565246582,0.3534811735153198,751.359619140625,11.93051528930664,15.569557189941406,3.677980422973633
paraboloid,T+K,8042,0.0,0.09969943016767502,0.02465115115046501,6.389059543609619,0.30589020252227783,3.6633355617523193,2.8398022651672363
paraboloid,T+K,8042,0.1,0.5569101572036743,0.10536724328994751,51.9487419128418,1.6431529521942139,6.403741359710693,3.058595895767212
paraboloid,T+K,8042,0.2,1.0893505811691284,0.13032367825508118,136.0702362060547,2.850205421447754,8.318660736083984,3.1509487628936768
paraboloid,T+K,8042,0.3,2.0990633964538574,0.16584840416908264,231.8755340576172,4.442951202392578,10.898014068603516,3.361070156097412
paraboloid,T+K,8042,0.4,3.376107692718506,0.20072121918201447,421.69708251953125,6.918469429016113,14.364952087402344,3.6478400230407715
paraboloid,T+K,8042,0.5,5.290823459625244,0.2411854863166809,653.475341796875,9.155293464660645,17.03572654724121,3.677980422973633
paraboloid,T+F,8042,0.0,0.10573513060808182,0.02487802319228649,11.286120414733887,0.3005332946777344,3.8529932498931885,2.8398022651672363
paraboloid,T+F,8042,0.1,0.48991864919662476,0.06052987277507782,96.81697845458984,1.4416208267211914,7.143575191497803,3.058595895767212
paraboloid,T+F,8042,0.2,1.058728575706482,0.08575873076915741,324.8936767578125,2.7319600582122803,9.149429321289062,3.1509487628936768
paraboloid,T+F,8042,0.3,1.9082521200180054,0.12998206913471222,667.8603515625,4.681280612945557,11.885366439819336,3.361070156097412
paraboloid,T+F,8042,0.4,3.0662384033203125,0.19438958168029785,1383.177490234375,7.91933012008667,15.252885818481445,3.6478400230407715
paraboloid,T+F,8042,0.5,4.663752555847168,0.2648938298225403,2173.052490234375,10.615556716918945,16.892963409423828,3.677980422973633
paraboloid,T+F+K,8042,0.0,0.052623070776462555,0.014952694065868855,7.653934955596924,0.19034744799137115,3.5202789306640625,2.8398022651672363
paraboloid,T+F+K,8042,0.1,0.3008500337600708,0.037771813571453094,72.34530639648438,0.9104803800582886,5.618844509124756,3.058595895767212
paraboloid,T+F+K,8042,0.2,0.740630030632019,0.05926138907670975,285.6987609863281,2.108956813812256,7.529696941375732,3.1509487628936768
paraboloid,T+F+K,8042,0.3,1.4060875177383423,0.098704494535923,627.9476318359375,3.866649627685547,9.860508918762207,3.361070156097412
paraboloid,T+F+K,8042,0.4,2.3923208713531494,0.16029910743236542,1350.22509765625,7.369507312774658,13.492700576782227,3.6478400230407715
paraboloid,T+F+K,8042,0.5,3.801039457321167,0.23082195222377777,2119.207275390625,10.290002822875977,15.172136306762695,3.677980422973633
paraboloid,baseline,9042,0.0,0.15573807060718536,0.2999698519706726,15.835712432861328,1.3737605810165405,3.8551602363586426,2.8411271572113037
paraboloid,baseline,9042,0.1,0.772284209728241,0.41769346594810486,86.14035034179688,2.315351724624634,5.041916370391846,2.9173271656036377
paraboloid,baseline,9042,0.2,1.2098309993743896,0.43756306171417236,157.39645385742188,2.7057809829711914,5.72299861907959,3.0931077003479004
paraboloid,baseline,9042,0.3,1.930466651916504,0.41876450181007385,323.5634765625,3.3618602752685547,7.126529693603516,3.357618570327759
paraboloid,baseline,9042,0.4,3.0922231674194336,0.46682530641555786,871.0940551757812,6.074062824249268,10.252761840820312,3.5924625396728516
paraboloid,baseline,9042,0.5,4.6953125,0.5154662728309631,1848.5191650390625,11.429648399353027,14.760538101196289,3.8696978092193604
paraboloid,T,9042,0.0,0.09933996945619583,0.017470359802246094,1.3929378986358643,0.08195521682500839,3.1677138805389404,2.8411271572113037
paraboloid,T,9042,0.1,0.6988968849182129,0.11998609453439713,16.878520965576172,0.5792583227157593,4.029167652130127,2.9173271656036377
paraboloid,T,9042,0.2,1.127041220664978,0.18344584107398987,37.790950775146484,1.1032969951629639,4.593984127044678,3.0931077003479004
paraboloid,T,9042,0.3,1.7565786838531494,0.2535214424133301,70.9280776977539,2.1601109504699707,5.9617156982421875,3.357618570327759
paraboloid,T,9042,0.4,2.589667558670044,0.3241977095603943,153.6405487060547,3.1712865829467773,6.803922176361084,3.5924625396728516
paraboloid,T,9042,0.5,3.922515630722046,0.40435877442359924,305.56024169921875,5.062592506408691,8.383525848388672,3.8696978092193604
paraboloid,K,9042,0.0,0.15972843766212463,0.2498081773519516,8.708489418029785,1.0351154804229736,2.7804994583129883,2.8411271572113037
paraboloid,K,9042,0.1,0.7745737433433533,0.35300177335739136,42.04269027709961,1.4640016555786133,2.554844379425049,2.9173271656036377
paraboloid,K,9042,0.2,1.1927357912063599,0.37592557072639465,88.4681396484375,1.679644227027893,3.273350477218628,3.0931077003479004
paraboloid,K,9042,0.3,1.925093650817871,0.3693123161792755,264.1239013671875,2.5961246490478516,5.3514180183410645,3.357618570327759
paraboloid,K,9042,0.4,3.0309274196624756,0.423034131526947,720.6885986328125,5.198003768920898,8.775552749633789,3.5924625396728516
paraboloid,K,9042,0.5,4.659055233001709,0.4867438077926636,1508.5828857421875,9.754130363464355,12.819770812988281,3.8696978092193604
paraboloid,T+K,9042,0.0,0.10244116932153702,0.018666168674826622,1.3011726140975952,0.07866203039884567,3.1073522567749023,2.8411271572113037
paraboloid,T+K,9042,0.1,0.7234499454498291,0.12931913137435913,16.433345794677734,0.5604930520057678,3.7153115272521973,2.9173271656036377
paraboloid,T+K,9042,0.2,1.143128752708435,0.18956048786640167,34.286048889160156,0.9698866605758667,3.9488630294799805,3.0931077003479004
paraboloid,T+K,9042,0.3,1.7571790218353271,0.25911271572113037,56.262149810791016,1.8607959747314453,4.92193078994751,3.357618570327759
paraboloid,T+K,9042,0.4,2.5603294372558594,0.32645171880722046,116.07369232177734,2.6326863765716553,5.414942264556885,3.5924625396728516
paraboloid,T+K,9042,0.5,3.844628095626831,0.40165939927101135,210.42237854003906,4.124851226806641,6.622683525085449,3.8696978092193604
paraboloid,T+F,9042,0.0,0.028082016855478287,0.018882032483816147,4.080294132232666,0.14174243807792664,3.411896228790283,2.8411271572113037
paraboloid,T+F,9042,0.1,0.26216092705726624,0.05131387338042259,34.06140899658203,0.5630778670310974,4.745397090911865,2.9173271656036377
paraboloid,T+F,9042,0.2,0.6202768087387085,0.06659729778766632,84.93120574951172,0.9110420942306519,5.770183563232422,3.0931077003479004
paraboloid,T+F,9042,0.3,1.147803783416748,0.09218744188547134,197.8899688720703,1.4273282289505005,7.237846851348877,3.357618570327759
paraboloid,T+F,9042,0.4,2.244657516479492,0.1419478803873062,393.61297607421875,2.1025073528289795,8.745818138122559,3.5924625396728516
paraboloid,T+F,9042,0.5,3.670863389968872,0.19232764840126038,692.81005859375,2.9729204177856445,10.415486335754395,3.8696978092193604
paraboloid,T+F+K,9042,0.0,0.035561393946409225,0.012174374423921108,1.2008377313613892,0.07633531838655472,3.096421480178833,2.8411271572113037
paraboloid,T+F+K,9042,0.1,0.3405541181564331,0.04075377807021141,12.047432899475098,0.3588082194328308,3.4494528770446777,2.9173271656036377
paraboloid,T+F+K,9042,0.2,0.790895402431488,0.06963061541318893,36.008453369140625,0.6671417355537415,3.931821823120117,3.0931077003479004
paraboloid,T+F+K,9042,0.3,1.3393425941467285,0.107267826795578,78.80321502685547,0.8859667778015137,4.495326995849609,3.357618570327759
paraboloid,T+F+K,9042,0.4,2.414416551589966,0.17018209397792816,178.5589599609375,1.0559492111206055,4.91452693939209,3.5924625396728516
paraboloid,T+F+K,9042,0.5,3.824366569519043,0.21720176935195923,321.10357666015625,1.5777292251586914,5.987257957458496,3.8696978092193604
