surface,D,N,seed,ae_condition,drift_method,E_mu,E_Sigma,rcMTE@0.1,rcMTE@0.5,rcMTE@1.0,MTE@0.1,MTE@0.5,MTE@1.0,W2@1.0,sW2@0.1,sW2@0.2,sW2@0.5,sW2@1.0,MMD@1.0,survival@1.0,stopped@1.0
paraboloid,201,20,42,baseline,enc-pull,5.5762553215026855,21.482192993164062,0.38479188084602356,0.7131074666976929,0.801828145980835,0.7446191868431584,1.1297788691699953,1.2563763209751675,1.190667921614972,0.44850763969828583,0.5083878768472756,0.7665576988144023,1.0573757191016393,0.36665159463882446,0.2800000011920929,0.04200000315904617
paraboloid,201,20,42,baseline,dec-side,5.5762553215026855,21.482192993164062,0.3873123526573181,0.8880758881568909,1.1717697381973267,0.752667195547397,1.3818806813175517,1.7709274291992188,1.4192609229518844,0.44214071248503206,0.4884831239741394,0.7776063772743689,1.1738457871481944,0.3362831175327301,0.2800000011920929,0.04200000315904617
paraboloid,201,20,42,T+F,enc-pull,1.97011399269104,7.46231746673584,0.7699180245399475,1.3262993097305298,1.5400595664978027,1.3284044839226057,2.032467031837406,2.3870511736188615,1.5353895810851161,0.7731457488979847,1.0097213275035961,1.386600956539627,2.0236626773472985,0.40893882513046265,0.2800000011920929,0.04200000315904617
paraboloid,201,20,42,T+F,dec-side,1.97011399269104,7.46231746673584,0.7840500473976135,1.4937260150909424,1.7677035331726074,1.3684828318572522,2.347784974521264,2.9563092912946427,2.2558875746135136,0.8483515545661814,1.190410131316486,1.8035082784536867,2.975335001430486,0.44216814637184143,0.2800000011920929,0.04200000315904617
paraboloid,201,20,1042,baseline,enc-pull,9.335455894470215,31.23298454284668,0.7959142327308655,1.3143107891082764,1.5048308372497559,1.1998630855025056,1.7778876208904508,1.9862142473259228,1.1323694963916904,0.5298108179287833,0.668840277399485,0.6743421442685887,0.9063315031341683,0.265913188457489,0.2980000078678131,0.06200000271201134
paraboloid,201,20,1042,baseline,dec-side,9.335455894470215,31.23298454284668,0.8114580512046814,1.4992181062698364,1.7696807384490967,1.2335714837225082,2.0833256944847816,2.4098928566747064,1.4069091640193119,0.6236545526571947,0.8856555884758852,1.2133236362574769,1.4105039509960897,0.2953703999519348,0.2980000078678131,0.06200000271201134
paraboloid,201,20,1042,T+F,enc-pull,1.475466012954712,2.542098045349121,0.5304909944534302,0.9690454006195068,1.1632550954818726,0.9350912183324054,1.516548695617449,1.7694827086173448,1.1864251280033995,0.6952298618133558,1.0661497676873275,1.1688815564796557,1.7696986883546115,0.20147593319416046,0.2980000078678131,0.06200000271201134
paraboloid,201,20,1042,T+F,dec-side,1.475466012954712,2.542098045349121,0.5365978479385376,1.0852130651474,1.489043116569519,0.9588574110001392,1.7318440830840498,2.3558476595270554,2.019478013490272,0.7704501599216818,1.2368965837844863,1.5604785636193081,2.6828007489837766,0.3362242877483368,0.2980000078678131,0.06200000271201134
paraboloid,201,20,2042,baseline,enc-pull,4.922497749328613,13.575977325439453,0.40558290481567383,0.7502370476722717,0.8520214557647705,0.7243553295470121,1.1533028738839286,1.2958195048167294,1.0704457923507684,0.4498000274576593,0.4846999430316536,0.7112084685968717,1.0542355098723628,0.18345637619495392,0.26600000262260437,0.04800000041723251
paraboloid,201,20,2042,baseline,dec-side,4.922497749328613,13.575977325439453,0.39727702736854553,0.7383391857147217,0.9693002700805664,0.7149412590160704,1.1411883641803076,1.5013393316053807,1.2283553796624747,0.44733357269780677,0.465921886054984,0.7421929888545131,1.0920945946176963,0.34935081005096436,0.26600000262260437,0.04800000041723251
paraboloid,201,20,2042,T+F,enc-pull,0.9860384464263916,1.6160372495651245,0.27559274435043335,0.5187736749649048,0.6418448090553284,0.5583713598418654,0.9344098530118428,1.081454743120007,0.9780148710528118,0.35970164809945987,0.43578402205803607,0.8173201681879222,1.009044901585198,0.24029541015625,0.26600000262260437,0.04800000041723251
paraboloid,201,20,2042,T+F,dec-side,0.9860384464263916,1.6160372495651245,0.2765437662601471,0.6085827946662903,0.8869070410728455,0.556834103768332,1.1262261526925224,1.525429173519737,1.593374450322125,0.393517923781898,0.5162401028374147,1.079922901508899,1.8391676697953703,0.41548559069633484,0.26600000262260437,0.04800000041723251
paraboloid,201,20,3042,baseline,enc-pull,6.6313018798828125,13.113975524902344,0.2885313034057617,0.448678582906723,0.5412400960922241,0.6383019424066311,0.7900433326835063,0.9219530890969669,0.7973210605397675,0.4047429853798926,0.4195364167957388,0.4393856664107891,0.7758611324860047,0.27868691086769104,0.2720000147819519,0.05000000074505806
paraboloid,201,20,3042,baseline,dec-side,6.6313018798828125,13.113975524902344,0.3030180335044861,0.7170900702476501,1.3323928117752075,0.6874609564466116,1.2465327248644473,2.0759863011977253,2.0211287024870708,0.5118956853612424,0.5978306578544801,0.9939462049731947,1.8505775117304888,0.39909592270851135,0.2720000147819519,0.05000000074505806
paraboloid,201,20,3042,T+F,enc-pull,0.7000296115875244,0.9106422066688538,0.23215265572071075,0.4400161802768707,0.5640383958816528,0.5950174606560075,0.8508818896848764,0.9970662734087776,0.7806920870000755,0.40472897885754455,0.42234940266649174,0.6510605540347983,1.0855867151373784,0.2927251160144806,0.2720000147819519,0.05000000074505806
paraboloid,201,20,3042,T+F,dec-side,0.7000296115875244,0.9106422066688538,0.23785680532455444,0.5802335143089294,0.9772350192070007,0.5910464538438885,1.0923098663785564,1.7591093848733341,1.908620488864798,0.441975780058858,0.49309623665090774,1.067356780567428,1.9471223015875192,0.4589386582374573,0.2720000147819519,0.05000000074505806
paraboloid,201,20,4042,baseline,enc-pull,7.8972859382629395,32.76221466064453,0.582330584526062,0.8813737034797668,0.7862114906311035,0.976150479595987,1.290797031286991,1.1629983888450244,0.7119554565272473,0.5006396956614697,0.5958078787900692,0.5472599277663471,0.7238006616780521,0.16561661660671234,0.28200000524520874,0.06000000238418579
paraboloid,201,20,4042,baseline,dec-side,7.8972859382629395,32.76221466064453,0.5907894968986511,1.0844967365264893,1.1347459554672241,0.9933090375457565,1.5396185210256865,1.577637584496897,1.0597947236445262,0.5590221834489085,0.7618870065825311,0.7514602421288437,0.9291273465126283,0.26213836669921875,0.28200000524520874,0.06000000238418579
paraboloid,201,20,4042,T+F,enc-pull,1.331188678741455,2.248904228210449,0.5616048574447632,0.910193920135498,0.898134171962738,0.8973516435271489,1.3422409982392283,1.3731312853224733,0.5706969373501275,0.4467453831993817,0.6421126174272466,0.3982059901742974,0.9948154040528671,0.25600820779800415,0.28200000524520874,0.06000000238418579
paraboloid,201,20,4042,T+F,dec-side,1.331188678741455,2.248904228210449,0.5779855847358704,1.035050630569458,1.1927516460418701,0.920111335539249,1.5577098962032434,1.8683497652094414,1.2797936587745524,0.5196262394804373,0.846151152452942,0.6354722636616149,1.4836873894593177,0.4097673296928406,0.28200000524520874,0.06000000238418579
paraboloid,201,20,5042,baseline,enc-pull,7.49368953704834,30.15866470336914,0.5804373025894165,1.0097018480300903,0.9839771389961243,0.9371969034383585,1.448403446436808,1.3592144870018774,0.8430544628390063,0.46720613383027354,0.5600528693960555,0.5693164724245117,0.8435156514953156,0.24162596464157104,0.2580000162124634,0.06599999964237213
paraboloid,201,20,5042,baseline,dec-side,7.49368953704834,30.15866470336914,0.5961041450500488,1.1678467988967896,1.3531020879745483,0.9615756192050138,1.6901481600265222,1.8766550463299418,1.4083909734635052,0.531913836627827,0.7156216059031568,0.9498152734458565,1.3724450749689383,0.36376330256462097,0.2580000162124634,0.06599999964237213
paraboloid,201,20,5042,T+F,enc-pull,1.2218936681747437,2.6562864780426025,0.6513767838478088,1.0779248476028442,1.0421695709228516,1.0581533578725961,1.5533460778943726,1.452769907870034,0.7905521424823646,0.6436732491866411,0.8068453501850327,0.7485024231312046,0.755621711059667,0.2706153094768524,0.2580000162124634,0.06599999964237213
paraboloid,201,20,5042,T+F,dec-side,1.2218936681747437,2.6562864780426025,0.6730427742004395,1.2552839517593384,1.3491939306259155,1.1216350848858172,1.9601996727975093,2.0875083272771318,1.8993300967710554,0.8252719528262774,1.1946559893176567,1.55743554367364,1.4641558097944354,0.43008044362068176,0.2580000162124634,0.06599999964237213
paraboloid,201,20,6042,baseline,enc-pull,5.291629314422607,20.109756469726562,0.278470516204834,0.46081116795539856,0.49583300948143005,0.5620819629551556,0.8555264210137795,0.8239391551298254,0.7192162506969365,0.40844940072396385,0.4054777392313512,0.47960691551051626,0.46588610724932294,0.14921486377716064,0.2720000147819519,0.06000000238418579
paraboloid,201,20,6042,baseline,dec-side,5.291629314422607,20.109756469726562,0.27416548132896423,0.5764247179031372,0.9044331312179565,0.5702790919904667,1.1212924747016486,1.7085811390596277,1.6462419515219868,0.3879943041982608,0.40423373193877654,0.7327804403237121,1.3297637045002828,0.40902671217918396,0.2720000147819519,0.06000000238418579
paraboloid,201,20,6042,T+F,enc-pull,1.4104982614517212,1.8133740425109863,0.24156975746154785,0.42184287309646606,0.5831655263900757,0.44770826432148264,0.7538998821588951,0.9689672133501839,0.8960870798403545,0.2780069803579025,0.3261210385719773,0.5527462852934427,0.7178280598104485,0.24235086143016815,0.2720000147819519,0.06000000238418579
paraboloid,201,20,6042,T+F,dec-side,1.4104982614517212,1.8133740425109863,0.2313079833984375,0.5109870433807373,0.8467875123023987,0.424408832835731,0.9384653286671075,1.4825363159179688,1.4992037449617788,0.28392262001978874,0.38023435256074556,0.7915945587991782,1.2028863067328115,0.425163596868515,0.2720000147819519,0.06000000238418579
paraboloid,201,20,7042,baseline,enc-pull,3.6763010025024414,9.669454574584961,0.47683635354042053,0.8483614921569824,0.9373156428337097,0.8047408049327162,1.2750981928228022,1.3715012868245442,1.0979225108017066,0.39038815380067104,0.49256883765959986,1.003117436057736,0.6835243257494603,0.12004471570253372,0.2880000174045563,0.058000002056360245
paraboloid,201,20,7042,baseline,dec-side,3.6763010025024414,9.669454574584961,0.565432071685791,1.4714851379394531,2.5574429035186768,0.9266343305814634,2.2807818402300826,4.114375644259983,4.894594174002836,0.6085311490989457,1.1518619377303754,2.623442433140497,4.207912412025063,0.400296688079834,0.2880000174045563,0.058000002056360245
paraboloid,201,20,7042,T+F,enc-pull,0.7164103984832764,1.4223527908325195,0.5013386011123657,0.7849010229110718,0.7872905731201172,0.9307369282592236,1.2457765013307005,1.2666051652696397,1.0160808131338361,0.49247976719228226,0.4797006886856633,0.5998179932896179,0.6995511573845956,0.27810952067375183,0.2880000174045563,0.058000002056360245
paraboloid,201,20,7042,T+F,dec-side,0.7164103984832764,1.4223527908325195,0.5295662879943848,1.0939412117004395,1.2569302320480347,1.0069525630463587,1.794250264709249,2.103253470526801,1.990617387554272,0.7369321199194238,1.1077241817294001,1.2418071331092557,1.4418752477833905,0.22715367376804352,0.2880000174045563,0.058000002056360245
paraboloid,201,20,8042,baseline,enc-pull,7.486405849456787,32.6455078125,0.5099290013313293,0.8430929183959961,0.9917649626731873,0.9362671715872628,1.2565864784588952,1.4413709852430556,1.11131724823005,0.5345243718535703,0.5945327549488003,0.7659876949524161,1.0463405212656949,0.2665309011936188,0.27000001072883606,0.058000002056360245
paraboloid,201,20,8042,baseline,dec-side,7.486405849456787,32.6455078125,0.5429455637931824,1.0640003681182861,1.4856802225112915,0.9746076038905552,1.5424888262610217,2.10718994140625,1.9072642463682072,0.62606147868143,0.7622878614010793,1.310043379287006,2.462749975915406,0.3051474690437317,0.27000001072883606,0.058000002056360245
paraboloid,201,20,8042,T+F,enc-pull,1.1267309188842773,2.3868865966796875,0.51375812292099,1.0746431350708008,1.6238137483596802,0.9364329746791294,1.8381769330669735,2.702463333695023,2.54203101605711,0.6463985081691089,0.8778958704838873,1.5093615939573486,2.520451057784951,0.6027016639709473,0.27000001072883606,0.058000002056360245
paraboloid,201,20,8042,T+F,dec-side,1.1267309188842773,2.3868865966796875,0.5035881996154785,0.926925778388977,1.243083119392395,0.9470924649919782,1.6044120313715637,2.0930065013744215,1.8708469964085206,0.6909946527826804,0.8935261032174084,1.5156652391847805,2.25078497636382,0.26150983572006226,0.27000001072883606,0.058000002056360245
paraboloid,201,20,9042,baseline,enc-pull,4.637370586395264,14.665258407592773,0.6112871170043945,0.9260570406913757,1.1316235065460205,1.0525936177123485,1.4269510498046876,1.6310587132230718,0.8566053156161068,0.5519048702677535,0.5696050817436803,0.6815978105743623,0.8021171946248151,0.16183927655220032,0.28200000524520874,0.04400000348687172
paraboloid,201,20,9042,baseline,dec-side,4.637370586395264,14.665258407592773,0.6305640935897827,1.1477618217468262,1.7014654874801636,1.1008044675583357,1.882689453125,2.698347808621454,2.183875772264171,0.7022228472122731,0.8905276129792544,1.453920803484963,2.2092077925534883,0.3288585841655731,0.28200000524520874,0.04400000348687172
paraboloid,201,20,9042,T+F,enc-pull,1.0512595176696777,1.4338221549987793,0.8382195830345154,1.237626075744629,1.3359990119934082,1.376398431046944,1.76751025390625,1.8192333464926862,0.5086704995203194,0.7013391610176938,0.8530258322493636,0.9175282657345718,0.8108773785032648,0.13925392925739288,0.28200000524520874,0.04400000348687172
paraboloid,201,20,9042,T+F,dec-side,1.0512595176696777,1.4338221549987793,0.8826559782028198,1.621629238128662,2.032867908477783,1.4669653266537033,2.43504833984375,2.9383553579343973,2.260141238331374,0.9750050426054072,1.4657503474686808,2.193681436729557,2.6366482123499027,0.3717321455478668,0.28200000524520874,0.04400000348687172
hyperbolic_paraboloid,201,20,42,baseline,enc-pull,4.610175609588623,29.40025520324707,0.6082801818847656,1.0585589408874512,1.2272040843963623,1.0388830647967706,1.5616597340519267,1.6973859514508929,1.0348011051290147,0.5592555636656669,0.7220712441141249,0.8332654380094917,1.3731849341055142,0.22532738745212555,0.2800000011920929,0.04200000315904617
hyperbolic_paraboloid,201,20,42,baseline,dec-side,4.610175609588623,29.40025520324707,0.6187005043029785,1.1561081409454346,1.3397330045700073,1.0553338065710258,1.710355830371828,1.8762505667550222,1.1450742109746375,0.5826260901872764,0.7810145839836826,0.9982397348850295,1.6099406274382153,0.2722000479698181,0.2800000011920929,0.04200000315904617
hyperbolic_paraboloid,201,20,42,T+F,enc-pull,1.7294422388076782,4.978701591491699,0.5654569864273071,1.0708171129226685,1.1995205879211426,1.0776384859148802,1.7573721749441964,1.8195216587611607,1.1071728884671577,0.6969083862783045,0.9390975584937987,1.2477423306785298,1.3314501673947003,0.29982852935791016,0.2800000011920929,0.04200000315904617
hyperbolic_paraboloid,201,20,42,T+F,dec-side,1.7294422388076782,4.978701591491699,0.5830808281898499,1.2395166158676147,1.603420376777649,1.1259111094315493,2.094347043144972,2.553284345354353,2.0671447796037774,0.7839927849523329,1.1426997054477839,1.8044881933219588,2.5152729124258357,0.3793846368789673,0.2800000011920929,0.04200000315904617
hyperbolic_paraboloid,201,20,1042,baseline,enc-pull,3.3385565280914307,38.77717208862305,0.5782778263092041,0.8826563954353333,1.07343327999115,0.9549729107217427,1.3264389321706551,1.5689004987678272,1.1972848117247872,0.5178610517903051,0.6114080269681725,0.7173270679922236,1.0804655671570522,0.27081215381622314,0.2980000078678131,0.06200000271201134
hyperbolic_paraboloid,201,20,1042,baseline,dec-side,3.3385565280914307,38.77717208862305,0.5823232531547546,0.9356916546821594,1.0975242853164673,0.9682583883238794,1.4151863183230715,1.6199211786257341,1.1972038688892634,0.5388616876983784,0.6649382410122978,0.7730770297292736,1.0512016993170017,0.23792427778244019,0.2980000078678131,0.06200000271201134
hyperbolic_paraboloid,201,20,1042,T+F,enc-pull,0.8040658235549927,2.036442756652832,0.8141260743141174,1.4596753120422363,1.6559444665908813,1.3087370262910634,2.0624319310525094,2.243948917260906,1.1122926825945425,0.5301887085859412,0.7886727478946021,0.9077158856708648,1.2319455146395684,0.23367713391780853,0.2980000078678131,0.06200000271201134
hyperbolic_paraboloid,201,20,1042,T+F,dec-side,0.8040658235549927,2.036442756652832,0.8175575733184814,1.4828956127166748,1.6693637371063232,1.318090358130916,2.1365957721015336,2.3526699398988047,1.2036575957947317,0.5540321862208248,0.853490909813025,1.0662227682938583,1.373321208925476,0.25238001346588135,0.2980000078678131,0.06200000271201134
hyperbolic_paraboloid,201,20,2042,baseline,enc-pull,3.676738739013672,11.165925979614258,0.44322261214256287,0.7857547998428345,0.760621964931488,0.7525353013423451,1.160017346578931,1.1468306233112078,0.9133593657668263,0.3760499025016117,0.45965033219205215,0.6548937803841978,0.6288452474258475,0.22080977261066437,0.26600000262260437,0.04800000041723251
hyperbolic_paraboloid,201,20,2042,baseline,dec-side,3.676738739013672,11.165925979614258,0.4686426520347595,1.013885736465454,1.1295466423034668,0.7858279713413172,1.4644286140562996,1.6480321669040765,1.3855281574135785,0.4626801671108861,0.6009909104614749,1.009999179945981,1.277723514515005,0.2814309298992157,0.26600000262260437,0.04800000041723251
hyperbolic_paraboloid,201,20,2042,T+F,enc-pull,0.8403429985046387,1.962989330291748,0.27666300535202026,0.5302131772041321,0.6140063405036926,0.4891446766100432,0.887368641202412,1.0327263165237313,0.8416197894169556,0.3354571429688348,0.3996599709816226,0.6223767449837656,0.7458252082325303,0.24450655281543732,0.26600000262260437,0.04800000041723251
hyperbolic_paraboloid,201,20,2042,T+F,dec-side,0.8403429985046387,1.962989330291748,0.28552520275115967,0.585471510887146,0.7497785091400146,0.49950907523171945,0.9620123969184028,1.1688948322955828,1.0495599296561378,0.3730772904545461,0.498637686641478,0.8110627595652184,0.9980200548045864,0.2783982455730438,0.26600000262260437,0.04800000041723251
hyperbolic_paraboloid,201,20,3042,baseline,enc-pull,3.625141143798828,15.42429256439209,0.35051557421684265,0.4914986193180084,0.5589818358421326,0.7006375805501663,0.8747722568796642,0.9403572082519531,0.6866549931687573,0.41474965051513674,0.42387089074497997,0.4901860538992452,0.7293844373757655,0.2133515328168869,0.2720000147819519,0.05000000074505806
hyperbolic_paraboloid,201,20,3042,baseline,dec-side,3.625141143798828,15.42429256439209,0.3614388108253479,0.643923819065094,1.0251593589782715,0.7177207929860726,1.112359687463561,1.6535640043370865,1.4885149550364944,0.44989440334056147,0.4890390686231944,0.7824503319277988,1.6421561415098291,0.3204587399959564,0.2720000147819519,0.05000000074505806
hyperbolic_paraboloid,201,20,3042,T+F,enc-pull,0.6200531721115112,1.9532232284545898,0.7295281291007996,1.2228360176086426,1.2832481861114502,1.310832156838969,1.930512841068097,2.0541848575367645,1.6101745313840217,0.8120552456960943,0.9784865784657049,1.5333217915714044,2.243937504193904,0.2422507405281067,0.2720000147819519,0.05000000074505806
hyperbolic_paraboloid,201,20,3042,T+F,dec-side,0.6200531721115112,1.9532232284545898,0.7470759749412537,1.354958176612854,1.4826765060424805,1.3484817809381928,2.1354212974434468,2.361312417423024,1.9234785478245653,0.8857905124199673,1.1300909223173392,1.6748973518807349,2.2825204723814667,0.33732619881629944,0.2720000147819519,0.05000000074505806
hyperbolic_paraboloid,201,20,4042,baseline,enc-pull,3.2140839099884033,11.776060104370117,0.5812073349952698,0.9084746837615967,0.8348013758659363,0.965534930115408,1.3427577163233901,1.2499480551861701,0.4928668215870326,0.3843546772333596,0.5132510692162933,0.483475253007832,0.7605560323081957,0.1755722463130951,0.28200000524520874,0.06000000238418579
hyperbolic_paraboloid,201,20,4042,baseline,dec-side,3.2140839099884033,11.776060104370117,0.594761312007904,1.1515381336212158,1.4328162670135498,0.9921827336971258,1.6928116769501658,2.0086003296764185,1.4329770469209835,0.46138314367536437,0.7382787308504789,0.9556919005442667,1.2857984304645875,0.345174103975296,0.28200000524520874,0.06000000238418579
hyperbolic_paraboloid,201,20,4042,T+F,enc-pull,0.6116273403167725,0.8714695572853088,0.5666651129722595,0.9329619407653809,0.9996976256370544,0.9656806333463259,1.4750278357303503,1.5624786809826574,0.7915731669770502,0.47467809375918046,0.6752316163364812,0.5808147639694899,1.1211336826562852,0.2962314188480377,0.28200000524520874,0.06000000238418579
hyperbolic_paraboloid,201,20,4042,T+F,dec-side,0.6116273403167725,0.8714695572853088,0.5810534954071045,1.0211036205291748,1.06669282913208,0.9898950407148184,1.576041944099195,1.6527696974734043,0.9103454420147754,0.5618957797746279,0.886968644718211,0.782124467138993,0.9789661976693963,0.3100372552871704,0.28200000524520874,0.06000000238418579
hyperbolic_paraboloid,201,20,5042,baseline,enc-pull,3.9381632804870605,27.97043800354004,0.5595611929893494,0.867376446723938,0.862377405166626,0.9351902553013393,1.2828454724976937,1.2109777169634206,1.0687570629252243,0.42774575727201075,0.555060557955108,0.7446837487240596,1.0406996830801243,0.3054285943508148,0.2580000162124634,0.06599999964237213
hyperbolic_paraboloid,201,20,5042,baseline,dec-side,3.9381632804870605,27.97043800354004,0.5724542737007141,1.0826233625411987,1.3173502683639526,0.9466047014508928,1.5521780767124078,1.819993484851926,1.7069963471222123,0.46223402641619143,0.6413621654221332,1.019918636366004,1.6664998998799483,0.28564390540122986,0.2580000162124634,0.06599999964237213
hyperbolic_paraboloid,201,20,5042,T+F,enc-pull,0.8713008761405945,2.404684066772461,0.6579996347427368,1.1425951719284058,1.0939300060272217,1.1140075012877748,1.7267620466732012,1.59282288070797,0.6803819822973127,0.525403370855328,0.7031009100880596,0.681997907277151,0.7753751424331673,0.24226181209087372,0.2580000162124634,0.06599999964237213
hyperbolic_paraboloid,201,20,5042,T+F,dec-side,0.8713008761405945,2.404684066772461,0.6618682146072388,1.2024942636489868,1.2153719663619995,1.126927503648695,1.8836703705171818,1.870235236116158,1.204269607066773,0.5563048643790802,0.7764682679981812,0.8646657715146121,1.3646181994679907,0.29407647252082825,0.2580000162124634,0.06599999964237213
hyperbolic_paraboloid,201,20,6042,baseline,enc-pull,3.2098183631896973,22.420169830322266,0.5735660791397095,0.9742255210876465,0.9941834807395935,0.9556758393275055,1.4522681048535926,1.4268030278822954,0.8703086407175327,0.4402430336228547,0.4767254380090566,0.5165006069352933,0.6595095956599322,0.2075752466917038,0.2720000147819519,0.06000000238418579
hyperbolic_paraboloid,201,20,6042,baseline,dec-side,3.2098183631896973,22.420169830322266,0.5764198303222656,1.10822594165802,1.314720869064331,0.9666922817146201,1.6602453997754676,1.855392007266774,1.1094670628871752,0.4655909058108922,0.5639247269006715,0.7429498593216549,1.03307732992317,0.2650112509727478,0.2720000147819519,0.06000000238418579
hyperbolic_paraboloid,201,20,6042,T+F,enc-pull,1.013898253440857,1.793700098991394,0.5920489430427551,1.0811307430267334,1.0747061967849731,1.068618236659382,1.7260326475609007,1.705605899586397,1.2175774860421797,0.606571923932094,0.749763331454746,1.0462568109307613,1.0412214065051206,0.25315654277801514,0.2720000147819519,0.06000000238418579
hyperbolic_paraboloid,201,20,6042,T+F,dec-side,1.013898253440857,1.793700098991394,0.605168342590332,1.1642687320709229,1.2680244445800781,1.1019154687284898,1.9072969691959891,2.1327586454503678,1.7513630443823764,0.6606351431216437,0.8671471030540585,1.3332239659889191,2.0670824892605846,0.2971106171607971,0.2720000147819519,0.06000000238418579
hyperbolic_paraboloid,201,20,7042,baseline,enc-pull,3.4885966777801514,7.759734153747559,0.5293004512786865,0.9363389015197754,1.1451303958892822,0.872868206007365,1.436625498118418,1.7474081251356337,1.0420692373253055,0.44227544687415954,0.5748104274806919,0.7928147458865393,1.0634532003179076,0.1238580048084259,0.2880000174045563,0.058000002056360245
hyperbolic_paraboloid,201,20,7042,baseline,dec-side,3.4885966777801514,7.759734153747559,0.5840592980384827,1.256372094154358,1.882681131362915,0.9508800758664303,1.9390989869505495,2.934838612874349,2.530905863212001,0.5662348827275928,0.8121466516539197,1.583873887978685,2.6571563567173206,0.3606070280075073,0.2880000174045563,0.058000002056360245
hyperbolic_paraboloid,201,20,7042,T+F,enc-pull,0.7348387837409973,1.2153475284576416,0.48201239109039307,0.8508812785148621,1.0436885356903076,0.8719709623227561,1.400522197122539,1.6541991763644748,1.606616093641269,0.44449211471605515,0.6067339263180291,1.2147092172782445,1.5226885113833553,0.17611493170261383,0.2880000174045563,0.058000002056360245
hyperbolic_paraboloid,201,20,7042,T+F,dec-side,0.7348387837409973,1.2153475284576416,0.48738276958465576,0.9074409604072571,1.0796568393707275,0.8852182800024091,1.5161870600103022,1.7210705015394423,1.2408216739599502,0.4684429466786548,0.6172456772191337,1.1204012266582697,1.256115330303412,0.1990726888179779,0.2880000174045563,0.058000002056360245
hyperbolic_paraboloid,201,20,8042,baseline,enc-pull,3.3016648292541504,20.20163345336914,0.5639393925666809,0.8290539979934692,0.9020746350288391,0.957425594329834,1.2313184302872147,1.2884351942274306,0.9363482589630561,0.47792024402479194,0.5749033768341494,0.6377317298155181,0.9745169848795332,0.22485259175300598,0.27000001072883606,0.058000002056360245
hyperbolic_paraboloid,201,20,8042,baseline,dec-side,3.3016648292541504,20.20163345336914,0.5816302299499512,0.9705474376678467,1.0940042734146118,0.9790941647120884,1.4110515167109698,1.5218686704282407,1.1183595202033547,0.5174416810045952,0.6792126111945969,0.82908123859484,1.2617435544515005,0.19964076578617096,0.27000001072883606,0.058000002056360245
hyperbolic_paraboloid,201,20,8042,T+F,enc-pull,0.9248581528663635,2.0049309730529785,0.49363231658935547,0.7712491750717163,0.8214139342308044,0.8567593438284737,1.2220023380770229,1.2479765715422453,0.8927219170242053,0.42703040984870383,0.4895440972150463,0.6057081402645633,1.0613064145497066,0.21396221220493317,0.27000001072883606,0.058000002056360245
hyperbolic_paraboloid,201,20,8042,T+F,dec-side,0.9248581528663635,2.0049309730529785,0.5037630200386047,0.877662718296051,0.986534833908081,0.8745160784040179,1.3987682548301348,1.567039320203993,1.1857243908170798,0.49322024897989875,0.5986079015833082,0.8820167319558964,1.2724128564852624,0.2525629699230194,0.27000001072883606,0.058000002056360245
hyperbolic_paraboloid,201,20,9042,baseline,enc-pull,3.2989630699157715,39.115478515625,0.5335356593132019,0.8944829702377319,1.108538269996643,0.91281558133432,1.30034033203125,1.5638467775168994,1.143117055204466,0.5446612710095745,0.6207443204662859,0.7639505193931994,1.2309116045494097,0.28816890716552734,0.28200000524520874,0.04400000348687172
hyperbolic_paraboloid,201,20,9042,baseline,dec-side,3.2989630699157715,39.115478515625,0.5284913778305054,0.8716820478439331,1.0553135871887207,0.9019861431373899,1.269822509765625,1.498178576746731,1.031641076607706,0.5370571751185417,0.6121692550577876,0.7532345370671693,0.9440589606898987,0.18536143004894257,0.28200000524520874,0.04400000348687172
hyperbolic_paraboloid,201,20,9042,T+F,enc-pull,0.8600675463676453,1.6292405128479004,0.8640354871749878,1.363721251487732,1.5442664623260498,1.3925629334302725,1.91960546875,2.1268760735261525,1.1662065614826809,0.653699852689347,0.8593237225106136,1.102929170412278,1.2775068881499467,0.22617122530937195,0.28200000524520874,0.04400000348687172
hyperbolic_paraboloid,201,20,9042,T+F,dec-side,0.8600675463676453,1.6292405128479004,0.8721016049385071,1.4675832986831665,1.7097996473312378,1.4148386144428,2.09954736328125,2.4080858162954346,1.4727205298736636,0.7165187241074089,1.0084320681081111,1.3839382291556632,1.3554059514526184,0.2439672201871872,0.28200000524520874,0.04400000348687172
