surface,config,seed,time,MTE_sde,MTE_ode,E_mu,E_Sigma
paraboloid,T+F,42,0.1,1.1473895232689562,0.18067798614501954,0.17133086919784546,0.11414474993944168
paraboloid,T+F,42,0.2,1.4133973817567567,0.2948946660878707,0.1476907730102539,0.11696137487888336
paraboloid,T+F,42,0.5,1.8013228813227076,0.551595720563616,0.15872812271118164,0.08339733630418777
paraboloid,T+F,42,1.0,2.167701188908067,0.9466506047035331,,
paraboloid,T+F+K,42,0.1,1.1823490687779017,0.3019548034667969,0.0388680174946785,0.04563672095537186
paraboloid,T+F+K,42,0.2,1.4305073291580113,0.4031444431580219,0.043449390679597855,0.04093431681394577
paraboloid,T+F+K,42,0.5,1.7807122468948364,0.642722993738511,0.04225943982601166,0.041773684322834015
paraboloid,T+F+K,42,1.0,2.1278559366861978,0.9213777780532837,,
paraboloid,T+F,1042,0.1,0.9972562789916992,0.22085357666015626,0.039084989577531815,0.04489219933748245
paraboloid,T+F,1042,0.2,1.3436922345842635,0.3986193009608768,0.05941563472151756,0.06517268717288971
paraboloid,T+F,1042,0.5,1.4679689808052128,0.6351714664035373,0.09872032701969147,0.031013954430818558
paraboloid,T+F,1042,1.0,1.7493749269297425,0.7714230116977486,,
paraboloid,T+F+K,1042,0.1,1.032409746622302,0.07364002704620361,0.01747179590165615,0.014936239458620548
paraboloid,T+F+K,1042,0.2,1.3893235672351927,0.22357553482055664,0.02082696370780468,0.009599867276847363
paraboloid,T+F+K,1042,0.5,1.5471503102881277,0.36422114372253417,0.018199549987912178,0.010283169336616993
paraboloid,T+F+K,1042,1.0,1.7481691765062737,0.4911007756772249,,
paraboloid,T+F,2042,0.1,0.5043377216045674,0.22650074005126952,0.060245998203754425,0.07795906066894531
paraboloid,T+F,2042,0.2,0.8140416608537946,0.38810251197036433,0.10420626401901245,0.08930912613868713
paraboloid,T+F,2042,0.5,1.528624737849001,0.5980386668238147,0.05008915811777115,0.05498848110437393
paraboloid,T+F,2042,1.0,2.0555171260127314,0.6625648581463358,,
paraboloid,T+F+K,2042,0.1,0.4809393858298277,0.1326134204864502,0.010808569379150867,0.013101066462695599
paraboloid,T+F+K,2042,0.2,0.7611430307452598,0.2150710052645146,0.014383548870682716,0.019457675516605377
paraboloid,T+F+K,2042,0.5,1.1734823355997415,0.39274624415806364,0.015547959133982658,0.018102481961250305
paraboloid,T+F+K,2042,1.0,1.3520534185715665,0.4233052995469835,,
paraboloid,T+F,3042,0.1,1.3385560867634225,0.2583993794966717,0.04348136857151985,0.037218429148197174
paraboloid,T+F,3042,0.2,1.8863625919117648,0.441109225624486,0.05457593873143196,0.04162959009408951
paraboloid,T+F,3042,0.5,2.125616943359375,0.8569289873231132,0.043593935668468475,0.04341764748096466
paraboloid,T+F,3042,1.0,2.405054892263105,1.0176828557794744,,
paraboloid,T+F+K,3042,0.1,1.352977103375374,0.188548963094495,0.01005785632878542,0.01969834975898266
paraboloid,T+F+K,3042,0.2,1.938945792313945,0.3301963806152344,0.013113385066390038,0.025367069989442825
paraboloid,T+F+K,3042,0.5,2.1534597873687744,0.704109568654755,0.014707783237099648,0.021287547424435616
paraboloid,T+F+K,3042,1.0,2.393260955810547,0.9926437237940797,,
paraboloid,T+F,4042,0.1,1.2851459703947368,0.1663491439819336,0.10317470133304596,0.0466984361410141
paraboloid,T+F,4042,0.2,1.6523663624223457,0.3825774002075195,0.07474175095558167,0.034713082015514374
paraboloid,T+F,4042,0.5,2.1734831143269497,0.8834443965428312,0.05711236968636513,0.035453859716653824
paraboloid,T+F,4042,1.0,2.368475914001465,0.8718405460965806,,
paraboloid,T+F+K,4042,0.1,1.3430997887436225,0.1749908447265625,0.027226338163018227,0.024521302431821823
paraboloid,T+F+K,4042,0.2,1.6556818762490915,0.36380157470703123,0.018394682556390762,0.02020210400223732
paraboloid,T+F+K,4042,0.5,2.131418364388602,0.8886886200347504,0.020638203248381615,0.021816367283463478
paraboloid,T+F+K,4042,1.0,2.096340548607611,1.139869789024452,,
paraboloid,T+F,5042,0.1,0.9781384153414499,0.28360146373959644,0.17480431497097015,0.3408975601196289
paraboloid,T+F,5042,0.2,1.3071473644625755,0.42920256152595443,0.32042157649993896,0.4219398498535156
paraboloid,T+F,5042,0.5,1.7677238252427843,0.8259221540178572,0.24085839092731476,0.4451535940170288
paraboloid,T+F,5042,1.0,1.9552558990846198,1.45017185684078,,
paraboloid,T+F+K,5042,0.1,0.9458685806117106,0.39386260986328125,0.09842774271965027,0.1671433299779892
paraboloid,T+F+K,5042,0.2,1.2797067061714504,0.5571823898626833,0.11256178468465805,0.23526518046855927
paraboloid,T+F+K,5042,0.5,1.7608866724474677,1.0318938168612393,0.19338834285736084,0.35749930143356323
paraboloid,T+F+K,5042,1.0,1.9993545177371004,1.328569130819352,,
paraboloid,T+F,6042,0.1,1.0026385721735929,0.2013481643599302,0.10893372446298599,0.07901370525360107
paraboloid,T+F,6042,0.2,1.3805619163074712,0.3603438929507607,0.1476699858903885,0.22400183975696564
paraboloid,T+F,6042,0.5,1.6964928578522245,0.6484230144603832,0.1457635462284088,0.17807559669017792
paraboloid,T+F,6042,1.0,1.5483080350435696,0.9538681172878942,,
paraboloid,T+F+K,6042,0.1,1.0347890903295014,0.3043158367426709,0.03283930569887161,0.06326469779014587
paraboloid,T+F+K,6042,0.2,1.3840599508846507,0.5458063813030417,0.04592004790902138,0.0923382118344307
paraboloid,T+F+K,6042,0.5,1.653261457170759,0.8478195287619427,0.036406926810741425,0.09795564413070679
paraboloid,T+F+K,6042,1.0,1.621159949669471,1.2125225682412424,,
paraboloid,T+F,7042,0.1,0.9949872166977316,0.17535533905029296,0.1328311562538147,0.10922233760356903
paraboloid,T+F,7042,0.2,1.3960052818380377,0.3064406967163086,0.11416876316070557,0.10229786485433578
paraboloid,T+F,7042,0.5,1.7391252909621147,0.49984873896059784,0.09593969583511353,0.04898669943213463
paraboloid,T+F,7042,1.0,1.9870782611013829,0.7556690761021205,,
paraboloid,T+F+K,7042,0.1,0.9803483837147049,0.07590486526489258,0.04076316952705383,0.01111284364014864
paraboloid,T+F+K,7042,0.2,1.3933761760752688,0.17516647338867186,0.02480020932853222,0.008933302015066147
paraboloid,T+F+K,7042,0.5,1.708309040202961,0.3544418170887937,0.023904990404844284,0.006314428523182869
paraboloid,T+F+K,7042,1.0,1.978258042108445,0.700266486720035,,
paraboloid,T+F,8042,0.1,1.101196839637363,0.14127199172973634,0.11973042786121368,0.04539424553513527
paraboloid,T+F,8042,0.2,1.4185840735274755,0.25756336212158204,0.10686749219894409,0.055144984275102615
paraboloid,T+F,8042,0.5,1.8374135114144587,0.689755098319348,0.11942490935325623,0.029940085485577583
paraboloid,T+F,8042,1.0,1.9461692722364403,0.8561730925569829,,
paraboloid,T+F+K,8042,0.1,1.0667422579735826,0.21166431427001953,0.04517092928290367,0.03324336186051369
paraboloid,T+F+K,8042,0.2,1.3786350207382374,0.34030723571777344,0.04199899360537529,0.0347762368619442
paraboloid,T+F+K,8042,0.5,1.826675860551152,0.86819892705873,0.023912398144602776,0.029199302196502686
paraboloid,T+F+K,8042,1.0,1.9050716218494235,1.1281690216064453,,
paraboloid,T+F,9042,0.1,1.0809948979591837,0.1837855339050293,0.08776205778121948,0.04145464673638344
paraboloid,T+F,9042,0.2,1.4945675320095486,0.24878063872830952,0.0760217010974884,0.04088560491800308
paraboloid,T+F,9042,0.5,1.4357261657714844,0.5891617257254465,0.06041353940963745,0.043078307062387466
paraboloid,T+F,9042,1.0,1.7698508597709037,0.6418231355042017,,
paraboloid,T+F+K,9042,0.1,1.0570998191833496,0.2712619400024414,0.05199114978313446,0.04365122318267822
paraboloid,T+F+K,9042,0.2,1.4315061183334086,0.4905760875299348,0.03512858971953392,0.02711380273103714
paraboloid,T+F+K,9042,0.5,1.3941007434812367,0.7712577016730058,0.03708094358444214,0.01767772063612938
paraboloid,T+F+K,9042,1.0,1.7481842041015625,0.8971268913962624,,
hyperbolic_paraboloid,T+F,42,0.1,1.2316928352277303,0.6051532227789337,0.867000162601471,1.8505585193634033
hyperbolic_paraboloid,T+F,42,0.2,1.5444532825100807,0.8082938680843431,0.9892562031745911,2.361382246017456
hyperbolic_paraboloid,T+F,42,0.5,2.050667953491211,1.2255044899239445,0.8893147706985474,3.2555015087127686
hyperbolic_paraboloid,T+F,42,1.0,2.1866226196289062,1.5680966584578804,,
hyperbolic_paraboloid,T+F+K,42,0.1,1.214791218439738,0.6436843077341715,0.7140454649925232,1.727554202079773
hyperbolic_paraboloid,T+F+K,42,0.2,1.523603117867802,0.8172558526307838,0.7177363038063049,1.9501709938049316
hyperbolic_paraboloid,T+F+K,42,0.5,1.9686676238800263,1.338282163451318,0.6822246313095093,3.0104198455810547
hyperbolic_paraboloid,T+F+K,42,1.0,2.149847152385306,1.6242878397957223,,
hyperbolic_paraboloid,T+F,1042,0.1,1.1289937183110401,0.05457402229309082,0.026849329471588135,0.05528940260410309
hyperbolic_paraboloid,T+F,1042,0.2,1.3779723618056747,0.07496960163116455,0.02895278111100197,0.03265552967786789
hyperbolic_paraboloid,T+F,1042,0.5,1.7373329105233788,0.2647959978152544,0.02470853552222252,0.04559765383601189
hyperbolic_paraboloid,T+F,1042,1.0,1.8151757511091822,0.31314188026520146,,
hyperbolic_paraboloid,T+F+K,1042,0.1,1.1395367186273162,0.08232145309448242,0.0149946678429842,0.02685278281569481
hyperbolic_paraboloid,T+F+K,1042,0.2,1.3903028700086806,0.09495441436767578,0.01782425493001938,0.03462189435958862
hyperbolic_paraboloid,T+F+K,1042,0.5,1.804622765743371,0.2372684381940038,0.026027783751487732,0.04396241530776024
hyperbolic_paraboloid,T+F+K,1042,1.0,1.852086008330922,0.3237092960515671,,
hyperbolic_paraboloid,T+F,2042,0.1,0.9163582541725852,0.1459958267211914,0.035140510648489,0.05630987882614136
hyperbolic_paraboloid,T+F,2042,0.2,1.3716441386454814,0.20580646514892578,0.022679850459098816,0.06090612709522247
hyperbolic_paraboloid,T+F,2042,0.5,1.8804456467596478,0.26579251132168613,0.03157749027013779,0.10531969368457794
hyperbolic_paraboloid,T+F,2042,1.0,2.0958689880371093,0.3287211068068879,,
hyperbolic_paraboloid,T+F+K,2042,0.1,0.9129934646376413,0.11916349411010742,0.02366938814520836,0.07324812561273575
hyperbolic_paraboloid,T+F+K,2042,0.2,1.3462396840580175,0.12687767028808594,0.024962466210126877,0.04792602360248566
hyperbolic_paraboloid,T+F+K,2042,0.5,1.9621443714169289,0.25923784255981447,0.028030848130583763,0.06872877478599548
hyperbolic_paraboloid,T+F+K,2042,1.0,2.0967783610026043,0.3733432006835937,,
hyperbolic_paraboloid,T+F,3042,0.1,0.915097139319595,0.03805393695831299,0.010122670792043209,0.005231132265180349
hyperbolic_paraboloid,T+F,3042,0.2,1.2367308243461277,0.06354912757873535,0.005928379949182272,0.0035161273553967476
hyperbolic_paraboloid,T+F,3042,0.5,1.6104547600997121,0.1886621725679648,0.011479646898806095,0.004122546873986721
hyperbolic_paraboloid,T+F,3042,1.0,2.0656241237527073,0.3062807582916423,,
hyperbolic_paraboloid,T+F+K,3042,0.1,0.9114131538235412,0.03365856647491455,0.006660168990492821,0.004250530153512955
hyperbolic_paraboloid,T+F+K,3042,0.2,1.2314618220094775,0.06032845497131348,0.004426748491823673,0.003803769126534462
hyperbolic_paraboloid,T+F+K,3042,0.5,1.6589363344254033,0.16232533670550015,0.006772339344024658,0.0035343675408512354
hyperbolic_paraboloid,T+F+K,3042,1.0,2.0711317340147146,0.27720488303618906,,
hyperbolic_paraboloid,T+F,4042,0.1,1.3365062924485709,0.05878888130187988,0.07656033337116241,0.10633090138435364
hyperbolic_paraboloid,T+F,4042,0.2,1.6711132152660473,0.10259801864624024,0.05394113063812256,0.059512872248888016
hyperbolic_paraboloid,T+F,4042,0.5,2.2206828541999317,0.34876251220703125,0.0871255174279213,0.08393228054046631
hyperbolic_paraboloid,T+F,4042,1.0,2.221104139692328,0.4930008130195813,,
hyperbolic_paraboloid,T+F+K,4042,0.1,1.3393757115656406,0.04114763259887695,0.020468659698963165,0.07819417119026184
hyperbolic_paraboloid,T+F+K,4042,0.2,1.73211604643633,0.07109914779663086,0.022682327777147293,0.04431048780679703
hyperbolic_paraboloid,T+F+K,4042,0.5,2.2514196084746234,0.34060111999511716,0.0321522019803524,0.07769854366779327
hyperbolic_paraboloid,T+F+K,4042,1.0,2.191580878363715,0.44793740805093346,,
hyperbolic_paraboloid,T+F,5042,0.1,0.8811872863769531,0.13050070762634278,0.04813147708773613,0.142049640417099
hyperbolic_paraboloid,T+F,5042,0.2,1.2575293216608503,0.1948516273498535,0.05060553923249245,0.1531534492969513
hyperbolic_paraboloid,T+F,5042,0.5,1.7249913015765344,0.4918636745876736,0.09896806627511978,0.5696984529495239
hyperbolic_paraboloid,T+F,5042,1.0,1.9497043542694628,0.9354027057516163,,
hyperbolic_paraboloid,T+F+K,5042,0.1,0.89342529296875,0.18111209869384765,0.02531558647751808,0.2099618762731552
hyperbolic_paraboloid,T+F+K,5042,0.2,1.2997340478267767,0.22831645965576172,0.02457277476787567,0.15556004643440247
hyperbolic_paraboloid,T+F+K,5042,0.5,1.7146402370710314,0.548120420806262,0.05674811452627182,0.37107259035110474
hyperbolic_paraboloid,T+F+K,5042,1.0,1.9494118430397727,0.9546774675746164,,
hyperbolic_paraboloid,T+F,6042,0.1,0.6522965094055793,0.18008769989013673,0.03449581190943718,0.13690045475959778
hyperbolic_paraboloid,T+F,6042,0.2,0.880966104925635,0.22538318634033203,0.0333503857254982,0.07788901031017303
hyperbolic_paraboloid,T+F,6042,0.5,1.2287809244791668,0.47533934598142,0.062249816954135895,0.8357831835746765
hyperbolic_paraboloid,T+F,6042,1.0,1.4972794032332921,0.6828506469726563,,
hyperbolic_paraboloid,T+F+K,6042,0.1,0.6483269893761837,0.17129928588867188,0.019009675830602646,0.11446287482976913
hyperbolic_paraboloid,T+F+K,6042,0.2,0.8865328849630153,0.2168782424926758,0.017994942143559456,0.08590373396873474
hyperbolic_paraboloid,T+F+K,6042,0.5,1.2107280009501689,0.5567966950245392,0.035424426198005676,0.6194455027580261
hyperbolic_paraboloid,T+F+K,6042,1.0,1.3818469489972616,0.6501300209446957,,
hyperbolic_paraboloid,T+F,7042,0.1,0.8657581309981758,0.04736799240112305,0.012122662737965584,0.006433445028960705
hyperbolic_paraboloid,T+F,7042,0.2,1.1849168346774193,0.08817249298095703,0.023901700973510742,0.011555518954992294
hyperbolic_paraboloid,T+F,7042,0.5,1.6137304242873034,0.19914996685759392,0.02983018569648266,0.0109954122453928
hyperbolic_paraboloid,T+F,7042,1.0,2.017840665929458,0.3829304863424862,,
hyperbolic_paraboloid,T+F+K,7042,0.1,0.8610273641983265,0.047261228561401365,0.004047454800456762,0.0071305157616734505
hyperbolic_paraboloid,T+F+K,7042,0.2,1.2150345256621824,0.08515318870544433,0.0109827546402812,0.013337965123355389
hyperbolic_paraboloid,T+F+K,7042,0.5,1.6127403660824424,0.2091877995705118,0.007373238913714886,0.011323077604174614
hyperbolic_paraboloid,T+F+K,7042,1.0,1.9761593158428485,0.34415699236959385,,
hyperbolic_paraboloid,T+F,8042,0.1,1.098481611772017,0.06734026908874512,0.03504907339811325,0.023142214864492416
hyperbolic_paraboloid,T+F,8042,0.2,1.2835404590893817,0.1090166187286377,0.027588171884417534,0.016942938789725304
hyperbolic_paraboloid,T+F,8042,0.5,1.6114790063155324,0.4250053864359204,0.05586794763803482,0.05844540894031525
hyperbolic_paraboloid,T+F,8042,1.0,1.8706777236040901,0.273954345703125,,
hyperbolic_paraboloid,T+F+K,8042,0.1,1.093676262095495,0.12308994293212891,0.008847899734973907,0.02085811272263527
hyperbolic_paraboloid,T+F+K,8042,0.2,1.2628191148912584,0.14148490905761718,0.010359104722738266,0.017539504915475845
hyperbolic_paraboloid,T+F+K,8042,0.5,1.6588559358016304,0.29419336927698014,0.020810848101973534,0.026388494297862053
hyperbolic_paraboloid,T+F+K,8042,1.0,1.8529370282147382,0.3564607259389517,,
hyperbolic_paraboloid,T+F,9042,0.1,1.0284141114520542,0.1649336814880371,0.04890419915318489,0.08478890359401703
hyperbolic_paraboloid,T+F,9042,0.2,1.3223023467011503,0.19041023254394532,0.0346187949180603,0.08938382565975189
hyperbolic_paraboloid,T+F,9042,0.5,1.431397129112566,0.31621796193749013,0.03860270977020264,0.07994402945041656
hyperbolic_paraboloid,T+F,9042,1.0,1.7645242130055148,0.5187284096904184,,
hyperbolic_paraboloid,T+F+K,9042,0.1,1.0474217093769629,0.11804168701171874,0.019879698753356934,0.09987189620733261
hyperbolic_paraboloid,T+F+K,9042,0.2,1.357029815840591,0.13086731910705565,0.021162036806344986,0.06155167892575264
hyperbolic_paraboloid,T+F+K,9042,0.5,1.5035983569001499,0.2337001609802246,0.023719795048236847,0.04592109099030495
hyperbolic_paraboloid,T+F+K,9042,1.0,1.6534650079135238,0.3704685731367631,,
quartic_dome,T+F,42,0.1,0.7512936232677058,0.12539743423461913,0.15798965096473694,0.031870268285274506
quartic_dome,T+F,42,0.2,1.2674062506196462,0.1678645706176758,0.265156090259552,0.03811071813106537
quartic_dome,T+F,42,0.5,1.9381685045030381,0.29180971125966493,0.3989419937133789,0.07765708118677139
quartic_dome,T+F,42,1.0,2.1393131565403296,0.4078662141840509,,
quartic_dome,T+F+K,42,0.1,0.8467962091619318,0.1104663372039795,0.1778537631034851,0.057006850838661194
quartic_dome,T+F+K,42,0.2,1.2948600492329176,0.15125614834814957,0.21374616026878357,0.05266892910003662
quartic_dome,T+F+K,42,0.5,1.9419310078818417,0.267068036737289,0.5789538621902466,0.12334927916526794
quartic_dome,T+F+K,42,1.0,2.1228617647268475,0.3818247151929279,,
quartic_dome,T+F,1042,0.1,0.9640584673200335,0.15824801445007325,0.4529741406440735,0.298856645822525
quartic_dome,T+F,1042,0.2,1.3243383853993518,0.24639957427978515,0.5225411057472229,0.3431112766265869
quartic_dome,T+F,1042,0.5,1.6669244122651456,0.458237419128418,0.3404107689857483,0.29803794622421265
quartic_dome,T+F,1042,1.0,1.6812418787932593,0.6920224290397299,,
quartic_dome,T+F+K,1042,0.1,0.9584624621332908,0.14743505477905272,0.46423444151878357,0.16199612617492676
quartic_dome,T+F+K,1042,0.2,1.327040313392557,0.23485450744628905,0.5591698884963989,0.19289648532867432
quartic_dome,T+F+K,1042,0.5,1.6909872055053712,0.43342962119785056,0.29503440856933594,0.14531442523002625
quartic_dome,T+F+K,1042,1.0,1.7127258818028337,0.6839746775360882,,
quartic_dome,T+F,2042,0.1,0.7280014972297513,0.09046385765075683,0.34480080008506775,0.08951477706432343
quartic_dome,T+F,2042,0.2,1.1943863832234034,0.1303261947631836,0.22346735000610352,0.0773228332400322
quartic_dome,T+F,2042,0.5,2.103833162331883,0.22228078842163085,0.5819324254989624,0.09421399980783463
quartic_dome,T+F,2042,1.0,2.2961264913396318,0.31598061931376553,,
quartic_dome,T+F+K,2042,0.1,0.7361542367693131,0.07913443565368652,0.19791525602340698,0.05712902173399925
quartic_dome,T+F+K,2042,0.2,1.221346354616281,0.1323383617401123,0.1540353149175644,0.04180032014846802
quartic_dome,T+F+K,2042,0.5,2.1076347002016953,0.2814857276710304,0.32459595799446106,0.038287773728370667
quartic_dome,T+F+K,2042,1.0,2.338605644289127,0.3544138858192845,,
quartic_dome,T+F,3042,0.1,1.0387295532226561,0.11381893157958985,0.8415831923484802,0.20876164734363556
quartic_dome,T+F,3042,0.2,1.8920544746594552,0.16328868865966797,0.8011779189109802,0.25656113028526306
quartic_dome,T+F,3042,0.5,2.1626597878461826,0.27939361572265625,0.6804161071777344,0.2776215970516205
quartic_dome,T+F,3042,1.0,2.14045751953125,0.45312007904052737,,
quartic_dome,T+F+K,3042,0.1,1.0271423031585385,0.11066659927368164,0.2122168093919754,0.10620857030153275
quartic_dome,T+F+K,3042,0.2,1.8767180266203705,0.16918277740478516,0.29710716009140015,0.13807669281959534
quartic_dome,T+F+K,3042,0.5,2.2633019195743866,0.3027409144810268,0.20717698335647583,0.112883061170578
quartic_dome,T+F+K,3042,1.0,2.03866110557367,0.4153798725790606,,
quartic_dome,T+F,4042,0.1,1.072718174613301,0.1445041847229004,0.38500362634658813,0.06982582807540894
quartic_dome,T+F,4042,0.2,1.3635873459092336,0.18338951110839843,0.2020176649093628,0.0581744983792305
quartic_dome,T+F,4042,0.5,2.4794614935196893,0.2834498596191406,0.6376045942306519,0.07847300171852112
quartic_dome,T+F,4042,1.0,2.289575241904222,0.4262687683105469,,
quartic_dome,T+F+K,4042,0.1,1.0681078361742424,0.09327844619750976,0.18798743188381195,0.03257667273283005
quartic_dome,T+F+K,4042,0.2,1.3043098449707031,0.14791819061895814,0.18855784833431244,0.028264109045267105
quartic_dome,T+F+K,4042,0.5,2.2544963886211447,0.2958703292043586,0.14827822148799896,0.024824880063533783
quartic_dome,T+F+K,4042,1.0,2.19938227335612,0.43603347519696767,,
quartic_dome,T+F,5042,0.1,0.8210922241210937,0.24598739624023438,0.823599636554718,0.7378534078598022
quartic_dome,T+F,5042,0.2,1.0495835923656975,0.30026233673095704,0.7613235712051392,0.8268568515777588
quartic_dome,T+F,5042,0.5,1.7292289056721524,0.4718644446933392,1.0084789991378784,1.0089731216430664
quartic_dome,T+F,5042,1.0,2.148071849018062,0.6134387057251726,,
quartic_dome,T+F+K,5042,0.1,0.8417626953125,0.2729780960083008,0.5169657468795776,0.7015293836593628
quartic_dome,T+F+K,5042,0.2,1.0562703658123405,0.3918683624267578,0.529885470867157,1.02035653591156
quartic_dome,T+F+K,5042,0.5,1.720610378840782,0.5271559893074682,0.5403749942779541,1.0735204219818115
quartic_dome,T+F+K,5042,1.0,2.222440931532118,0.6482425611846301,,
quartic_dome,T+F,6042,0.1,0.7908386537178078,0.14297210693359375,0.1747945100069046,0.21941858530044556
quartic_dome,T+F,6042,0.2,1.18026717078877,0.18578474044799806,0.4207334816455841,0.2366487979888916
quartic_dome,T+F,6042,0.5,1.5713277652563638,0.303856258392334,0.3117325007915497,0.18780475854873657
quartic_dome,T+F,6042,1.0,1.803701961741728,0.4519683224471969,,
quartic_dome,T+F+K,6042,0.1,0.7714996337890625,0.11093796730041504,0.12241071462631226,0.09524860978126526
quartic_dome,T+F+K,6042,0.2,1.1807295411497682,0.17852638244628907,0.18662956357002258,0.12904620170593262
quartic_dome,T+F+K,6042,0.5,1.6312643116918104,0.3239469325288813,0.18166615068912506,0.16005796194076538
quartic_dome,T+F+K,6042,1.0,1.9041620427911932,0.5103336952252095,,
quartic_dome,T+F,7042,0.1,0.70850830078125,0.08672542572021484,0.19087284803390503,0.06847415119409561
quartic_dome,T+F,7042,0.2,1.0917980112928025,0.1315166759490967,0.23979537189006805,0.08268609642982483
quartic_dome,T+F,7042,0.5,1.5347331482687114,0.22586704254150392,0.22443662583827972,0.06010109931230545
quartic_dome,T+F,7042,1.0,1.9067801483406508,0.33533220914141015,,
quartic_dome,T+F+K,7042,0.1,0.7275618728326292,0.08811166763305664,0.08792787790298462,0.02353714220225811
quartic_dome,T+F+K,7042,0.2,1.0937308646537163,0.17080676974962705,0.09667370468378067,0.02534068375825882
quartic_dome,T+F+K,7042,0.5,1.4441132576234879,0.24795892385131155,0.07483454048633575,0.03291797637939453
quartic_dome,T+F+K,7042,1.0,1.8005426080377251,0.3522609095419607,,
quartic_dome,T+F,8042,0.1,0.8811802673339844,0.13820703506469725,0.5312312841415405,0.13949814438819885
quartic_dome,T+F,8042,0.2,1.1577343940734863,0.1929134750366211,0.7982350587844849,0.14278970658779144
quartic_dome,T+F,8042,0.5,1.6984906364889707,0.33276546478271485,0.39203357696533203,0.13467949628829956
quartic_dome,T+F,8042,1.0,1.9091878575602854,0.4940428924560547,,
quartic_dome,T+F+K,8042,0.1,0.8708220672607422,0.13225468635559082,0.2543249726295471,0.13870520889759064
quartic_dome,T+F+K,8042,0.2,1.1251877880601024,0.1774236297607422,0.3928045630455017,0.10298369824886322
quartic_dome,T+F+K,8042,0.5,1.6048915235302117,0.31726893889598357,0.2636917233467102,0.1346791386604309
quartic_dome,T+F+K,8042,1.0,1.743185620789134,0.5248622894287109,,
quartic_dome,T+F,9042,0.1,1.1990597212134892,0.13058977127075194,0.5449867248535156,0.06351177394390106
quartic_dome,T+F,9042,0.2,1.4115840252781413,0.16899385452270507,0.22766388952732086,0.06961426883935928
quartic_dome,T+F,9042,0.5,1.754814779682524,0.26625694274902345,0.2545374631881714,0.07473336160182953
quartic_dome,T+F,9042,1.0,1.8387332950626407,0.390445242122728,,
quartic_dome,T+F+K,9042,0.1,1.188561229216747,0.145853853225708,0.19732286036014557,0.053142037242650986
quartic_dome,T+F+K,9042,0.2,1.3932136577335212,0.20376575469970704,0.18300919234752655,0.04936108738183975
quartic_dome,T+F+K,9042,0.5,1.7190751056281888,0.3279248751126803,0.19522814452648163,0.05400916188955307
quartic_dome,T+F+K,9042,1.0,2.163232026276765,0.45133901897229645,,
sinusoidal,T+F,42,0.1,0.8315519714355468,0.045753555297851564,0.0360509529709816,0.018858768045902252
sinusoidal,T+F,42,0.2,1.1086892700195312,0.0722519588470459,0.03757058084011078,0.018434196710586548
sinusoidal,T+F,42,0.5,1.576874622323895,0.1406966495513916,0.0379391573369503,0.028840389102697372
sinusoidal,T+F,42,1.0,1.7857381886449353,0.2237873077392578,,
sinusoidal,T+F+K,42,0.1,0.8394306945800781,0.10918004989624024,0.00684206560254097,0.004800364375114441
sinusoidal,T+F+K,42,0.2,1.1110054016113282,0.11010534286499024,0.0067027476616203785,0.005794977769255638
sinusoidal,T+F+K,42,0.5,1.507197862260797,0.15957910537719727,0.006369573995471001,0.006392890587449074
sinusoidal,T+F+K,42,1.0,1.7168718610491072,0.3050687217712402,,
sinusoidal,T+F,1042,0.1,0.8466023967493719,0.051088414192199706,0.02996724471449852,0.01912422850728035
sinusoidal,T+F,1042,0.2,1.1200048417007367,0.0748210859298706,0.03269020840525627,0.02774350717663765
sinusoidal,T+F,1042,0.5,1.5204110281808036,0.14352912902832032,0.03527040779590607,0.03560100495815277
sinusoidal,T+F,1042,1.0,1.9110770847486414,0.23910442352294922,,
sinusoidal,T+F+K,1042,0.1,0.8639975696352858,0.035923795700073244,0.021257098764181137,0.015856504440307617
sinusoidal,T+F+K,1042,0.2,1.1467176051955148,0.04976287841796875,0.026445625349879265,0.019335061311721802
sinusoidal,T+F+K,1042,0.5,1.5591779436383928,0.09165981292724609,0.025324592366814613,0.024825319647789
sinusoidal,T+F+K,1042,1.0,1.9255219619639599,0.1600658416748047,,
sinusoidal,T+F,2042,0.1,0.6597058473519943,0.10849165916442871,0.04784783720970154,0.04354013502597809
sinusoidal,T+F,2042,0.2,1.0227908991315038,0.11331918716430664,0.042438771575689316,0.045813918113708496
sinusoidal,T+F,2042,0.5,1.5268057491002458,0.14163395881652832,0.0715181827545166,0.04779685288667679
sinusoidal,T+F,2042,1.0,1.8454714781485948,0.19131471633911132,,
sinusoidal,T+F+K,2042,0.1,0.6586259238084956,0.11299152374267578,0.004092740826308727,0.005781151354312897
sinusoidal,T+F+K,2042,0.2,1.0192666610485406,0.1086553955078125,0.004616854712367058,0.0062306784093379974
sinusoidal,T+F+K,2042,0.5,1.4956813316560735,0.12077591896057129,0.005455157719552517,0.008413414470851421
sinusoidal,T+F+K,2042,1.0,1.79436799133716,0.16811134338378905,,
sinusoidal,T+F,3042,0.1,1.0922808837890625,0.056148104667663574,0.036551740020513535,0.026820426806807518
sinusoidal,T+F,3042,0.2,1.4918194206393496,0.07401154518127441,0.03439570963382721,0.030130524188280106
sinusoidal,T+F,3042,0.5,2.054624463691086,0.13063571929931642,0.042322054505348206,0.023813385516405106
sinusoidal,T+F,3042,1.0,2.4180469781580105,0.23004295349121093,,
sinusoidal,T+F+K,3042,0.1,1.0827220153808594,0.13142730712890624,0.005135871469974518,0.002497038571164012
sinusoidal,T+F+K,3042,0.2,1.4880023878447863,0.13636293411254882,0.005507250316441059,0.0031138050835579634
sinusoidal,T+F+K,3042,0.5,2.032664147882514,0.1529778289794922,0.005009994376450777,0.003372028935700655
sinusoidal,T+F+K,3042,1.0,2.4150411965963725,0.19951128005981444,,
sinusoidal,T+F,4042,0.1,0.6393497467041016,0.07323617935180664,0.05104602128267288,0.024181168526411057
sinusoidal,T+F,4042,0.2,0.8930374145507812,0.11036535263061524,0.042820900678634644,0.027599701657891273
sinusoidal,T+F,4042,0.5,1.4247040300738087,0.20674057006835939,0.06022917851805687,0.03048861026763916
sinusoidal,T+F,4042,1.0,1.7083543313516152,0.3343795394897461,,
sinusoidal,T+F+K,4042,0.1,0.6357997131347656,0.06015181541442871,0.04542270675301552,0.020033296197652817
sinusoidal,T+F+K,4042,0.2,0.8900373840332031,0.09340981483459472,0.03283074125647545,0.026522772386670113
sinusoidal,T+F+K,4042,0.5,1.4050574408637153,0.1773863410949707,0.05114329606294632,0.029046811163425446
sinusoidal,T+F+K,4042,1.0,1.7152764975619155,0.28380552291870115,,
sinusoidal,T+F,5042,0.1,0.6378133773803711,0.08240737915039062,0.005493136588484049,0.001946044503711164
sinusoidal,T+F,5042,0.2,0.9366317132506707,0.10649909973144531,0.007390911225229502,0.0030775219202041626
sinusoidal,T+F,5042,0.5,1.3597181568975034,0.15943027496337892,0.00691261375322938,0.006381108891218901
sinusoidal,T+F,5042,1.0,1.6677444458007813,0.2155630874633789,,
sinusoidal,T+F+K,5042,0.1,0.6399755859375,0.08916227340698242,0.001081446185708046,0.0003810324124060571
sinusoidal,T+F+K,5042,0.2,0.9356916793669113,0.11249262809753419,0.0012036378029733896,0.0006369769107550383
sinusoidal,T+F+K,5042,0.5,1.3503296893575918,0.17247745513916016,0.001724695204757154,0.0015798744279891253
sinusoidal,T+F+K,5042,1.0,1.6730058225866866,0.23377834320068358,,
sinusoidal,T+F,6042,0.1,0.43747032165527344,0.12892019271850585,0.019994260743260384,0.01092575490474701
sinusoidal,T+F,6042,0.2,0.5663875520538172,0.13198238372802734,0.018462976440787315,0.010702869854867458
sinusoidal,T+F,6042,0.5,0.7989973747867277,0.16272098541259766,0.03081268072128296,0.015117231756448746
sinusoidal,T+F,6042,1.0,0.8951214306975064,0.2405792236328125,,
sinusoidal,T+F+K,6042,0.1,0.40564727783203125,0.03945221185684204,0.0012909398647025228,0.0010455441661179066
sinusoidal,T+F+K,6042,0.2,0.5400710427081646,0.06324817180633545,0.0016539643984287977,0.0008804355165921152
sinusoidal,T+F+K,6042,0.5,0.764247087751116,0.12444881439208984,0.0023589329794049263,0.0019862193148583174
sinusoidal,T+F+K,6042,1.0,0.8539580776266855,0.18702808380126953,,
sinusoidal,T+F,7042,0.1,0.6389539709043264,0.0469826602935791,0.05590953677892685,0.030888177454471588
sinusoidal,T+F,7042,0.2,0.8929256863064237,0.07592739582061768,0.05602458119392395,0.034407567232847214
sinusoidal,T+F,7042,0.5,1.4276414808336195,0.14770569801330566,0.10888247191905975,0.0415862575173378
sinusoidal,T+F,7042,1.0,1.8304710910744864,0.2314307975769043,,
sinusoidal,T+F+K,7042,0.1,0.6483816789023241,0.15109533309936524,0.03555821254849434,0.022485997527837753
sinusoidal,T+F+K,7042,0.2,0.9221242268880209,0.15760915756225585,0.03417772054672241,0.02408885769546032
sinusoidal,T+F+K,7042,0.5,1.4363919771634615,0.18591018676757812,0.0516275018453598,0.019977783784270287
sinusoidal,T+F+K,7042,1.0,1.7604148757289833,0.2322109031677246,,
sinusoidal,T+F,8042,0.1,0.9018129730224609,0.10601399421691894,0.006876928266137838,0.0031509792897850275
sinusoidal,T+F,8042,0.2,1.0946659920784423,0.14196646690368653,0.006408401764929295,0.003072268795222044
sinusoidal,T+F,8042,0.5,1.4552920727019614,0.2410684585571289,0.01335238479077816,0.006962733808904886
sinusoidal,T+F,8042,1.0,1.733185774125393,0.35768592834472657,,
sinusoidal,T+F+K,8042,0.1,0.9055377960205078,0.08409189224243165,0.004935565870255232,0.0016198221128433943
sinusoidal,T+F+K,8042,0.2,1.1098035628420448,0.1257442283630371,0.005029167048633099,0.00212659128010273
sinusoidal,T+F+K,8042,0.5,1.47632290454621,0.22905536651611327,0.009184380993247032,0.0031109959818422794
sinusoidal,T+F+K,8042,1.0,1.7218015634330215,0.34134239196777344,,
sinusoidal,T+F,9042,0.1,0.7717362976074219,0.053821678161621096,0.07278632372617722,0.05034630000591278
sinusoidal,T+F,9042,0.2,1.124630830725845,0.08408387184143067,0.07361392676830292,0.037814028561115265
sinusoidal,T+F,9042,0.5,1.5083380230402543,0.1581902313232422,0.12953531742095947,0.052613649517297745
sinusoidal,T+F,9042,1.0,1.8178587159910402,0.25530702590942383,,
sinusoidal,T+F+K,9042,0.1,0.7892079162597656,0.08674640655517578,0.04376921057701111,0.032259926199913025
sinusoidal,T+F+K,9042,0.2,1.1393176487513952,0.0917691421508789,0.03950853645801544,0.03451433777809143
sinusoidal,T+F+K,9042,0.5,1.5084797949764315,0.11466601371765137,0.05282890424132347,0.05445357784628868
sinusoidal,T+F+K,9042,1.0,1.7382820977105036,0.15405515670776368,,
