surface,D,N,seed,loss_mode,E_mu,E_Sigma_chart,E_Sigma_diff,MTE@0.1,MTE@0.5,MTE@1.0,W2@1.0,sW2@0.1,sW2@0.2,sW2@0.5,sW2@1.0,MMD@1.0,survival@1.0,stopped@1.0
paraboloid,11,20,42,ambient,0.6863560676574707,1.5584959983825684,0.1331407048485496,0.5457719492752993,1.190508390727796,1.7891547066824778,1.5142942721630812,0.3541012743504332,0.4511341409931006,0.9410657530049458,1.6007246477537387,0.429474800825119,0.2800000011920929,0.04200000315904617
paraboloid,11,20,42,latent,0.6863560676574707,1.5584959983825684,0.12193674390966242,0.5499668248777666,1.153917814555921,1.688934108189174,1.4131177421287513,0.343469258971979,0.43497914258478126,0.8852344051603153,1.5267955282560355,0.4192030131816864,0.2800000011920929,0.04200000315904617
paraboloid,11,20,1042,ambient,0.21940775215625763,0.3434789180755615,0.10881027308377353,0.9535474203742692,1.80878933477579,2.1521094405411074,1.5181070308105695,0.5442065565160316,0.8622635874416402,1.3152784817175116,1.5984776811171788,0.35126617550849915,0.2980000078678131,0.06200000271201134
paraboloid,11,20,1042,latent,0.21940775215625763,0.3434789180755615,0.08407700061798096,0.9463690606947731,1.7934075678148234,2.1441728220690015,1.4924788418325357,0.5411038514712819,0.8281046007151024,1.2624809174281573,1.5325385003427132,0.3531321883201599,0.2980000078678131,0.06200000271201134
paraboloid,11,20,2042,ambient,0.15471503138542175,0.1780742108821869,0.10473540696230801,1.4049626400596218,2.5980418371775795,2.6906733692140508,2.1663255884779278,0.9797145257599286,1.4388344626370015,2.2519697717924942,2.6532612881666697,0.4314330220222473,0.26600000262260437,0.04800000041723251
paraboloid,11,20,2042,latent,0.15471503138542175,0.1780742108821869,0.07623417269099843,1.3920338948567708,2.589110359312996,2.6345887148290648,2.048492756578607,0.971997394170223,1.4444952769377934,2.2630284788107184,2.55972833981257,0.41529232263565063,0.26600000262260437,0.04800000041723251
paraboloid,11,20,3042,ambient,0.10978412628173828,0.21291349828243256,0.21202265132557263,0.8358587362285199,1.4333316176684934,2.0378287820255054,1.8335519958564912,0.561205866264593,0.6706602954995816,1.3602716957990368,2.420304040666232,0.4082012176513672,0.2720000147819519,0.05000000074505806
paraboloid,11,20,3042,latent,0.10978412628173828,0.21291349828243256,0.15496911785819314,0.8880211942211752,1.4299003259459537,1.7782402038574219,1.4313672567541593,0.4936593877967081,0.6386451777371321,0.9904900577033934,1.6899040786337283,0.3686109483242035,0.2720000147819519,0.05000000074505806
paraboloid,11,20,4042,ambient,0.37981629371643066,0.6205891370773315,0.17397016828710382,0.9564549245441296,1.721586747602983,2.1852090172733822,1.8589924389718875,0.46225990450053794,0.7297093820072428,1.2107808093155557,2.352548110921288,0.3356297016143799,0.28200000524520874,0.06000000238418579
paraboloid,11,20,4042,latent,0.37981629371643066,0.6205891370773315,0.11594256487759677,0.8991765417401031,1.6265187118992661,2.0912739638741136,1.7781074434525397,0.4629481224703341,0.7031794237747034,1.1943287554039612,2.420971533320805,0.3952702283859253,0.28200000524520874,0.06000000238418579
paraboloid,11,20,5042,ambient,0.16385914385318756,0.32267752289772034,0.10164069045673717,1.3545449057778158,2.281312161266144,2.48765623107437,1.8294266500138123,0.8280174921757,1.1952519301039612,1.6337472677764653,1.902940336725731,0.44215020537376404,0.2580000162124634,0.06599999964237213
paraboloid,11,20,5042,latent,0.16385914385318756,0.32267752289772034,0.0766730471090837,1.362532462654533,2.2922232652502306,2.4689463534096414,1.8009886361226601,0.8446556412638947,1.2195662525559159,1.6398829438825224,1.9018901203150764,0.4322036802768707,0.2580000162124634,0.06599999964237213
paraboloid,11,20,6042,ambient,0.2423660308122635,0.2937122583389282,0.13062706860628995,0.6797852369132021,1.1413547786202018,1.1963058920467602,0.815169865625551,0.31195057879308424,0.38399980567622405,0.4666185718633799,0.7917309074103331,0.3157822787761688,0.2720000147819519,0.06000000238418579
paraboloid,11,20,6042,latent,0.2423660308122635,0.2937122583389282,0.0539019758051092,0.371799149702299,0.7593919048159141,1.2358755223891313,1.2239621165538974,0.22063770692465381,0.32455797276635656,0.6696859482830309,0.9281750769329752,0.40518224239349365,0.2720000147819519,0.06000000238418579
paraboloid,11,20,7042,ambient,0.1897733062505722,0.413204550743103,0.17469662969762628,0.9228995571052451,1.6706212082188645,1.919852574666341,1.1393833662072814,0.6677617415818844,0.9688623341202687,1.1072322081296482,1.0617009024755644,0.381081223487854,0.2880000174045563,0.058000002056360245
paraboloid,11,20,7042,latent,0.1897733062505722,0.413204550743103,0.15762320431795987,0.939537686923527,1.658210726448031,1.9318809509277344,1.1618461161103486,0.6821900201037122,0.9758280107163737,1.0806522878242892,1.050041418480116,0.38683199882507324,0.2880000174045563,0.058000002056360245
paraboloid,11,20,8042,ambient,0.27242615818977356,0.7133978605270386,0.2301938317038796,0.7419704709734235,1.3261518676251296,1.5705438684534143,1.074979675619979,0.5041669281962536,0.6468425545545096,1.257478609028189,1.824580852008018,0.24950145184993744,0.27000001072883606,0.058000002056360245
paraboloid,11,20,8042,latent,0.27242615818977356,0.7133978605270386,0.18237512761896307,0.671814101082938,1.2284405340297588,1.4563985188802084,1.0103199207880174,0.4898125235420811,0.6058931127439712,1.1707163174855353,1.6824436546019046,0.2804526388645172,0.27000001072883606,0.058000002056360245
paraboloid,11,20,9042,ambient,0.2525229752063751,0.4304327368736267,0.08792419867082076,0.4590432927471951,0.8798408813476563,1.3656263419076906,1.466113621966604,0.44191207742517974,0.46612337422777755,0.7030343888682856,0.7124498764915118,0.36227473616600037,0.28200000524520874,0.04400000348687172
paraboloid,11,20,9042,latent,0.2525229752063751,0.4304327368736267,0.07074207067489624,0.4598580583076645,0.9063642578125,1.4077035890403369,1.495798405370035,0.4533378171778338,0.48046162191712827,0.6709464935826218,0.6345845723205056,0.3848249316215515,0.28200000524520874,0.04400000348687172
paraboloid,11,100,42,ambient,0.03366420418024063,0.0993611291050911,0.059277068484913216,0.9402997329134187,1.7236126204182332,1.9669498988560268,1.4496551147556676,0.5393333799592588,0.8033431040521528,1.3062817020019337,1.5331515006438559,0.398792028427124,0.2800000011920929,0.04200000315904617
paraboloid,11,100,42,latent,0.03366420418024063,0.0993611291050911,0.05458294261585583,0.9450203740517121,1.7357271811119597,1.9799070085797992,1.4719238385378413,0.5448578666627981,0.8123124253702139,1.3185929714341798,1.5656750218798003,0.3992024064064026,0.2800000011920929,0.04200000315904617
paraboloid,11,100,1042,ambient,0.04874046891927719,0.038087278604507446,0.10905673287131569,0.8414216923023385,1.5900007623722119,1.765435750052433,1.1015491316828174,0.423435849949446,0.7847366888453211,1.0853032307044699,1.1347556399420287,0.2853436768054962,0.2980000078678131,0.06200000271201134
paraboloid,11,100,1042,latent,0.04874046891927719,0.038087278604507446,0.0556520169431513,0.8454211942337138,1.578153588957946,1.8025578236419884,1.176153019971778,0.4305149552165197,0.7862218462369518,1.147784628355825,1.2556423711116431,0.35489144921302795,0.2980000078678131,0.06200000271201134
paraboloid,11,100,2042,ambient,0.03374582529067993,0.142095685005188,0.08582796833731911,1.4311389588473136,2.5929982018849205,2.5879206836671758,1.9624010007013728,1.0334510580318497,1.4887275613164628,2.209445063036946,2.414163882607064,0.4139276146888733,0.26600000262260437,0.04800000041723251
paraboloid,11,100,2042,latent,0.03374582529067993,0.142095685005188,0.07415282184427435,1.4267448291443943,2.5866142151847717,2.5510347982994594,1.9067123928558125,1.0358661910177585,1.4951489219768537,2.2169318036259513,2.387060819858332,0.4076959788799286,0.26600000262260437,0.04800000041723251
paraboloid,11,100,3042,ambient,0.01905640959739685,0.04621225595474243,0.09070936658165672,0.9805703850384562,1.642504222357451,2.221461127786075,1.7348005583105814,0.6065519944639474,0.8178973570222013,1.4598011920990874,1.9517580507038375,0.39439088106155396,0.2720000147819519,0.05000000074505806
paraboloid,11,100,3042,latent,0.01905640959739685,0.04621225595474243,0.04778549346056851,0.9667133069091256,1.6123118614082905,2.1812640919404873,1.7039189077321235,0.6032227155362101,0.7934402549661709,1.4419475522717171,1.9856058451563416,0.38724273443222046,0.2720000147819519,0.05000000074505806
paraboloid,11,100,4042,ambient,0.02955045737326145,0.11464366316795349,0.06845915859395807,1.0199685582887066,1.6740202470259233,1.8765583444148937,1.2673754599940672,0.5061777758697967,0.8612931089886838,1.0483481597758677,1.2889901867244624,0.4245571196079254,0.28200000524520874,0.06000000238418579
paraboloid,11,100,4042,latent,0.02955045737326145,0.11464366316795349,0.20350139791315253,1.082259900140659,1.8661756804495147,2.058459775667664,1.4529951344896739,0.5524075090762846,0.9254683018872346,0.9299638930984784,1.806240210897105,0.35925889015197754,0.28200000524520874,0.06000000238418579
paraboloid,11,100,5042,ambient,0.037372905761003494,0.1578233242034912,0.07416079261086204,1.013639412345467,1.6684357477730052,1.9367255868837816,1.416675904079054,0.7425950065993535,0.9690007801824626,1.2602520401009982,1.4131358629693924,0.4097445011138916,0.2580000162124634,0.06599999964237213
paraboloid,11,100,5042,latent,0.037372905761003494,0.1578233242034912,0.06891018152236938,1.0120441143329326,1.6417758843115775,1.8835090814634812,1.372491131075178,0.7418530579432393,0.9668273714038697,1.2428695468656414,1.3206788735146442,0.40767917037010193,0.2580000162124634,0.06599999964237213
paraboloid,11,100,6042,ambient,0.0500936321914196,0.2058745175600052,0.07883066480809992,0.925609504598878,1.8157209261195866,2.0470904181985294,1.7555568100911663,0.5716201944155453,0.9305555382117366,1.2534561906447192,2.055304002798893,0.40698277950286865,0.2720000147819519,0.06000000238418579
paraboloid,11,100,6042,latent,0.0500936321914196,0.2058745175600052,0.11923185261813077,0.6392191748261977,1.1719586229699803,1.1531784955193014,0.7517340843039368,0.4297270430782413,0.5706645192712345,0.7144313879932362,0.6353597667628372,0.3209560811519623,0.2720000147819519,0.06000000238418579
paraboloid,11,100,7042,ambient,0.013961982913315296,0.01707601174712181,0.06521382115103981,1.0385024285001376,1.7246616908482142,2.1301216549343533,1.6239625801249489,0.730062149895865,1.0951909837893716,1.3143934455283595,1.5944224055326925,0.3991607427597046,0.2880000174045563,0.058000002056360245
paraboloid,11,100,7042,latent,0.013961982913315296,0.01707601174712181,0.053294951265508476,1.034449169814324,1.7169683547247023,2.1493693457709417,1.6376727678959613,0.7240300763216958,1.081332030785854,1.2977947449375689,1.6182865625715241,0.39953985810279846,0.2880000174045563,0.058000002056360245
paraboloid,11,100,8042,ambient,0.02312423288822174,0.07418311387300491,0.08662689815868031,0.4374042919703892,0.8885532236692817,1.1157368977864583,0.806563353889153,0.3730382439239224,0.4432976318420949,0.8094631099767525,1.5851332678010293,0.3437218964099884,0.27000001072883606,0.058000002056360245
paraboloid,11,100,8042,latent,0.02312423288822174,0.07418311387300491,0.07023376768285577,0.4407802309308733,0.8841276683253372,1.0621819390190972,0.7301766300862091,0.3645895763098381,0.4440156823533083,0.8238883556182997,1.4943781067543547,0.3386273682117462,0.27000001072883606,0.058000002056360245
paraboloid,11,100,9042,ambient,0.025411956012248993,0.0725129097700119,0.07758827642960982,0.5209861452884086,1.085577392578125,1.631846326462766,1.4899763779626807,0.4672460753513595,0.4843982561892811,0.8208739706235312,1.1482817875145446,0.3877600133419037,0.28200000524520874,0.04400000348687172
paraboloid,11,100,9042,latent,0.025411956012248993,0.0725129097700119,0.060094811699607155,0.5218034987932785,1.075821044921875,1.5742848714192708,1.4009348298485351,0.4695393065860124,0.4612285853975926,0.8005209045593106,1.0785401440895814,0.3805246353149414,0.28200000524520874,0.04400000348687172
hyperbolic_paraboloid,11,20,42,ambient,0.10076609253883362,0.11509304493665695,0.07403113083405928,0.9353006273707196,1.7829352357333763,1.987782505580357,1.1679714731402486,0.4716890058763026,0.6167690302988791,0.9020837302006617,1.0556927325828513,0.32146042585372925,0.2800000011920929,0.04200000315904617
hyperbolic_paraboloid,11,20,42,latent,0.10076609253883362,0.11509304493665695,0.056154072284698486,0.9330956813752784,1.7658071876468515,1.9437447684151785,1.1175856878160275,0.46652456520257024,0.6101366227206441,0.861639098894101,0.8734287147460353,0.315888911485672,0.2800000011920929,0.04200000315904617
hyperbolic_paraboloid,11,20,1042,ambient,0.10584919899702072,0.10621186345815659,0.05663457783785733,0.9569170639615813,1.737742597728857,1.9610335586855077,1.245134146146046,0.5231040028032985,0.7652151408247307,0.9959215770234715,1.309088210318868,0.2819816768169403,0.2980000078678131,0.06200000271201134
hyperbolic_paraboloid,11,20,1042,latent,0.10584919899702072,0.10621186345815659,0.04304478656161915,0.9489569377261972,1.7059098140900906,1.9059821007235738,1.2088295998331247,0.5190194309341775,0.7503556151749843,0.949998972725236,1.2701807576546664,0.2740158438682556,0.2980000078678131,0.06200000271201134
hyperbolic_paraboloid,11,20,2042,ambient,0.09423301368951797,0.2586555480957031,0.08610166744752364,0.8811939306426466,1.7255513024708582,1.9700101694666354,1.1802583420810204,0.4617355630795305,0.7850744927668127,1.2909311154884013,1.2272598082491812,0.32413360476493835,0.26600000262260437,0.04800000041723251
hyperbolic_paraboloid,11,20,2042,latent,0.09423301368951797,0.2586555480957031,0.053119892423803154,0.877713119774534,1.6940594627743675,1.9046970453477443,1.1390620564174714,0.4714066109152642,0.7989167410086662,1.2839263017284603,1.2287277782431931,0.31073203682899475,0.26600000262260437,0.04800000041723251
hyperbolic_paraboloid,11,20,3042,ambient,0.12465213984251022,0.3201320767402649,0.22209776531566272,0.9592226286420801,1.790082447564424,2.237608516917509,1.3891468253709207,0.41249211253882634,0.514593455914677,0.856003302516538,1.348229165189084,0.28587105870246887,0.2720000147819519,0.05000000074505806
hyperbolic_paraboloid,11,20,3042,latent,0.12465213984251022,0.3201320767402649,0.13583880121057684,0.9368150799871813,1.7886646327687734,2.1006572947782627,1.4047214100728393,0.45337053827324375,0.5763895946348621,1.1084040242744515,1.5732737981650284,0.282988578081131,0.2720000147819519,0.05000000074505806
hyperbolic_paraboloid,11,20,4042,ambient,0.11932238191366196,0.1721017062664032,0.08040738647634332,1.3067952650488068,2.1046124082623106,2.388636812250665,1.6318662800664403,0.5767946893785032,0.9485165176936291,1.273483501306925,2.1427223752800635,0.3013443052768707,0.28200000524520874,0.06000000238418579
hyperbolic_paraboloid,11,20,4042,latent,0.11932238191366196,0.1721017062664032,0.06760756535963579,1.3107118420383677,2.1160844745058003,2.4058387702238475,1.656385316174303,0.5876174349059292,0.9720546773848265,1.2732191762511393,2.1475631562324824,0.2965638339519501,0.28200000524520874,0.06000000238418579
hyperbolic_paraboloid,11,20,5042,ambient,0.10107599198818207,0.2918963134288788,0.0856385285204107,1.3461153470552885,2.1358957888895294,2.197258527888808,1.277972069621507,0.6693474893329493,0.9597023675016916,1.1357537072566626,1.4905371953502229,0.28563743829727173,0.2580000162124634,0.06599999964237213
hyperbolic_paraboloid,11,20,5042,latent,0.10107599198818207,0.2918963134288788,0.07086336612701416,1.3389551854395605,2.1320528262655674,2.17481627944828,1.268915983362712,0.6698140007009689,0.9472814661298549,1.1325992229285784,1.4333838566749721,0.2805291712284088,0.2580000162124634,0.06599999964237213
hyperbolic_paraboloid,11,20,6042,ambient,0.15080487728118896,0.13904422521591187,0.08896266872232611,0.41754755364640694,0.890526538758766,1.2674194784725414,1.0750657586599388,0.23583635207921042,0.35906866901888096,0.7060203346475844,1.0739012370331817,0.3165563642978668,0.2720000147819519,0.06000000238418579
hyperbolic_paraboloid,11,20,6042,latent,0.15080487728118896,0.13904422521591187,0.10918783057819713,0.8679126621868116,1.4275437002106914,1.4283698586856617,0.7511098348487317,0.3633183407687135,0.4279341862423339,0.6003341653054329,0.9522765922702455,0.2527550160884857,0.2720000147819519,0.06000000238418579
hyperbolic_paraboloid,11,20,7042,ambient,0.0756966844201088,0.12359264492988586,0.14043030955574728,0.9663788379551556,1.7672986599988554,1.9489612579345703,0.9418188859802379,0.5104990751557498,0.7284117154913662,0.8570081740329247,0.9741013150147756,0.24578233063220978,0.2880000174045563,0.058000002056360245
hyperbolic_paraboloid,11,20,7042,latent,0.0756966844201088,0.12359264492988586,0.1367407278581099,0.9632120678603386,1.6869151356456045,1.939310285780165,0.9620882826438668,0.5382974598820316,0.7308896333124897,0.9099640003159568,0.8687751767317712,0.265287309885025,0.2880000174045563,0.058000002056360245
hyperbolic_paraboloid,11,20,8042,ambient,0.12041826546192169,0.17728561162948608,0.08719895644621416,0.9430759974888393,1.66100555040035,1.876474451135706,1.0606403257358834,0.4582626266855222,0.5356772716186841,0.9730886139270821,1.5164925512594989,0.26084229350090027,0.27000001072883606,0.058000002056360245
hyperbolic_paraboloid,11,20,8042,latent,0.12041826546192169,0.17728561162948608,0.0770681771365079,0.9360690116882324,1.6141985501491183,1.8354218659577546,1.0155919426648874,0.44729915736008674,0.5282538484426257,0.9466910326063517,1.4863380495061838,0.255448579788208,0.27000001072883606,0.058000002056360245
hyperbolic_paraboloid,11,20,9042,ambient,0.16094154119491577,0.1935601830482483,0.0974527272311124,0.4218009915120801,0.813631591796875,1.117113045766844,0.9491814571307555,0.3622402446722898,0.36191455183816673,0.5691209220994938,0.7184059126106376,0.26051944494247437,0.28200000524520874,0.04400000348687172
hyperbolic_paraboloid,11,20,9042,latent,0.16094154119491577,0.1935601830482483,0.09130242737856778,0.41804605223533864,0.8102478637695313,1.1001039329150044,0.9437721796302017,0.36149636788702094,0.35384567638680914,0.5424735698946984,0.6720610677492403,0.26342126727104187,0.28200000524520874,0.04400000348687172
hyperbolic_paraboloid,11,100,42,ambient,0.017886366695165634,0.06026511639356613,0.1424694603139704,0.8096762744249374,1.514881564262218,1.6816683088030133,0.996888670889513,0.4216457316845071,0.5800187541374969,0.6623301546732588,1.0905842021192789,0.24343428015708923,0.2800000011920929,0.04200000315904617
hyperbolic_paraboloid,11,100,42,latent,0.017886366695165634,0.06026511639356613,0.1335534074089744,0.829455403283338,1.6131518371123121,1.7371608189174108,1.0049856353355404,0.4329741057929343,0.5771655815156826,0.8283046927402643,1.0618307132071756,0.2581925392150879,0.2800000011920929,0.04200000315904617
hyperbolic_paraboloid,11,100,1042,ambient,0.017390400171279907,0.05860108137130737,0.08157702467658302,1.1091470357304427,1.9074836362250231,2.229691063797714,1.1360289306305946,0.4938451239056757,0.6746790701811012,0.8107170779826511,1.362884915896575,0.26708918809890747,0.2980000078678131,0.06200000271201134
hyperbolic_paraboloid,11,100,1042,latent,0.017390400171279907,0.05860108137130737,0.05784525654532693,1.1098299769887945,1.9035081827950744,2.2300546121277267,1.1641919394115237,0.493805532447934,0.6860885031869148,0.7988918559398595,1.3791060583113133,0.2683199942111969,0.2980000078678131,0.06200000271201134
hyperbolic_paraboloid,11,100,2042,ambient,0.010485030710697174,0.029502149671316147,0.060701760378750885,0.8911893074972588,1.7224540104941717,1.9109178127202773,1.2028667827325041,0.4533169077268782,0.7593123925174722,1.2404375028733288,1.1724989226186502,0.30376550555229187,0.26600000262260437,0.04800000041723251
hyperbolic_paraboloid,11,100,2042,latent,0.010485030710697174,0.029502149671316147,0.055041692473671654,0.891110336571409,1.7217014857700892,1.9333872400728382,1.222690519757835,0.45042808133986734,0.749726195258989,1.2394661311881543,1.172952834475688,0.3035356402397156,0.26600000262260437,0.04800000041723251
hyperbolic_paraboloid,11,100,3042,ambient,0.03091949038207531,0.28780317306518555,0.2054843469099565,0.9819437437205516,1.6765947484258394,1.9850647870232077,1.3593139367126408,0.587402357956021,0.7132786848586864,0.9969089070564935,1.509086698242112,0.2804547846317291,0.2720000147819519,0.05000000074505806
hyperbolic_paraboloid,11,100,3042,latent,0.03091949038207531,0.28780317306518555,0.15446783195842395,0.911544901304393,1.5596796291977613,2.0362930297851562,1.3246881232981371,0.5554844036464628,0.648720248861853,1.0154532563854843,1.5742896779175883,0.27693942189216614,0.2720000147819519,0.05000000074505806
hyperbolic_paraboloid,11,100,4042,ambient,0.016544722020626068,0.054078780114650726,0.06952120499177412,1.3407474939838666,2.231498024680398,2.5606455701462765,1.9404298408683422,0.662171847880293,1.059646538821552,1.4291757709863253,2.387513246882306,0.3109816908836365,0.28200000524520874,0.06000000238418579
hyperbolic_paraboloid,11,100,4042,latent,0.016544722020626068,0.054078780114650726,0.06493689797141335,1.3380502961462852,2.221766153971354,2.5507695624168885,1.9347194973138606,0.6586354107435036,1.0526343927920492,1.400191255503134,2.322811800609647,0.30726316571235657,0.28200000524520874,0.06000000238418579
hyperbolic_paraboloid,11,100,5042,ambient,0.07876253873109818,0.20605675876140594,0.1175501129843972,1.3319588126717032,2.0719349991351477,2.1584496313287307,1.3912439257331484,0.657940281680172,0.9210077548025969,1.1546402190101308,1.4019571394303127,0.2853491008281708,0.2580000162124634,0.06599999964237213
hyperbolic_paraboloid,11,100,5042,latent,0.07876253873109818,0.20605675876140594,0.14348425648429178,1.3472711248712226,2.1313967546413743,2.227470457091812,1.4696260441622788,0.6672908638160682,0.935169524070243,1.2465858363496465,1.4804215552174287,0.29481372237205505,0.2580000162124634,0.06599999964237213
hyperbolic_paraboloid,11,100,6042,ambient,0.02363302931189537,0.03813241422176361,0.1451038880781694,0.6807593795171393,1.2631140280896285,1.2671661376953125,0.7079483660333832,0.41286857560292856,0.5097326582264156,0.6101424161063361,0.5955468244776528,0.25946784019470215,0.2720000147819519,0.06000000238418579
hyperbolic_paraboloid,11,100,6042,latent,0.02363302931189537,0.03813241422176361,0.05475534092296253,0.9533432611809953,1.863124817375123,2.068380019244026,1.6031848604320211,0.5997318964028191,0.8856304429180387,1.1741008439240883,1.7556393981665492,0.30536985397338867,0.2720000147819519,0.06000000238418579
hyperbolic_paraboloid,11,100,7042,ambient,0.019785180687904358,0.025937531143426895,0.11720459027723833,0.9001048756065873,1.646685813372825,1.9150291019015842,0.9906146038257331,0.45492161674749965,0.608449815398783,0.7834035564627227,1.004547782229646,0.2559511363506317,0.2880000174045563,0.058000002056360245
hyperbolic_paraboloid,11,100,7042,latent,0.019785180687904358,0.025937531143426895,0.0990291183645075,0.8390585609469645,1.6353525015024037,2.1244990030924478,1.416135006837847,0.4836801735852613,0.7053200382072692,1.1673796738029232,1.7029092043152556,0.2641700804233551,0.2880000174045563,0.058000002056360245
hyperbolic_paraboloid,11,100,8042,ambient,0.028205376118421555,0.16430695354938507,0.09564641388979825,1.097461155482701,1.6651803804136411,1.8419943350332755,0.9237932261484784,0.5436347671270209,0.7458554017403417,0.8421302083184405,0.8897498943740051,0.2576533854007721,0.27000001072883606,0.058000002056360245
hyperbolic_paraboloid,11,100,8042,latent,0.028205376118421555,0.16430695354938507,0.058219850063323975,1.1141236168997628,1.6841682655682702,1.8638285319010417,0.9246467137628313,0.5477194109020632,0.7680711261048898,0.8395597076833142,1.0062360744611638,0.26053979992866516,0.27000001072883606,0.058000002056360245
hyperbolic_paraboloid,11,100,9042,ambient,0.014733470976352692,0.025631966069340706,0.0614809664812955,0.892273890289441,1.5655263671875,2.0772553572417998,1.3297666166885151,0.471302213141504,0.6405014765448546,1.1296771671541725,1.2906498218276385,0.2841501235961914,0.28200000524520874,0.04400000348687172
hyperbolic_paraboloid,11,100,9042,latent,0.014733470976352692,0.025631966069340706,0.04669687964699485,0.9022902434092787,1.561766845703125,2.07451332038176,1.3453258106418684,0.4696729651548854,0.6417737735436679,1.1332367937726842,1.2961397635587533,0.2806045711040497,0.28200000524520874,0.04400000348687172
