D,seed,condition,ae_loss,MTE@0.1,MTE@0.5,MTE@1.0,W2@1.0,sW2@0.5,sW2@1.0,MMD@1.0,survival@1.0,stopped@1.0,E_mu_held,drift_loss_final
3,42,baseline,0.008697204291820526,0.8662412261962891,2.2203253041143003,3.2884088653364993,2.120077434823133,1.5141387051661332,2.499998332668161,0.31780263781547546,0.7649999856948853,0.23999999463558197,0.08791765570640564,0.020658355206251144
3,42,smooth-euc,0.008697204291820526,0.8702628326416015,2.062253205672554,2.849173552070568,1.7074839765403946,1.2998983737584595,2.0827780412935377,0.2605167031288147,0.7649999856948853,0.23999999463558197,0.2721600830554962,0.5069698095321655
3,42,smooth-metric,0.008697204291820526,0.8731747436523437,2.0700890914253565,2.8686964246961804,1.730080757612657,1.3216585692045193,2.1404329562780817,0.26841792464256287,0.7649999856948853,0.23999999463558197,0.3544001281261444,0.5679267048835754
3,1042,baseline,0.011286805383861065,0.8074686635079695,1.6542578125,2.319011688232422,1.2977259352283055,0.7573913406003298,1.4982129775185278,0.23648394644260406,0.7199999690055847,0.26499998569488525,0.11653192341327667,0.015384024940431118
3,1042,smooth-euc,0.011286805383861065,0.8093131367285648,1.6052335030691964,2.085359149509006,1.1645057884902013,0.6739526243464898,1.0692867101422345,0.18199074268341064,0.7199999690055847,0.26499998569488525,0.17881551384925842,0.18360592424869537
3,1042,smooth-metric,0.011286805383861065,0.8098653668734297,1.6193889508928572,2.111788855658637,1.1509992546632997,0.6788913808172149,1.1478152961303734,0.18912532925605774,0.7199999690055847,0.26499998569488525,0.21879218518733978,0.18839244544506073
3,2042,baseline,0.009301172569394112,0.742969915495446,1.843580308851305,2.458037941319168,1.5507405344161795,1.1821852545491371,2.30059751559968,0.1478690207004547,0.7849999666213989,0.23499999940395355,0.09155279397964478,0.06774318218231201
3,2042,smooth-euc,0.009301172569394112,0.7382094033399419,1.7316141652536916,2.2224056948522093,1.3475496387894497,0.8826090607037014,1.7137517882017548,0.13174141943454742,0.7849999666213989,0.23499999940395355,0.18488316237926483,0.4769343137741089
3,2042,smooth-metric,0.009301172569394112,0.7402181194056219,1.729817149403331,2.232131472059116,1.388445737234754,0.8945204288599242,1.7400452362360697,0.14074024558067322,0.7849999666213989,0.23499999940395355,0.18450689315795898,0.5289574861526489
3,3042,baseline,0.009119627997279167,1.0442330169677734,2.190918134606403,2.8704330137111995,1.6481332569595708,1.382124659251587,2.2457584860374484,0.22638380527496338,0.7450000047683716,0.23999999463558197,0.08901441097259521,0.04025117680430412
3,3042,smooth-euc,0.009119627997279167,1.0359840393066406,2.022097380264946,2.457699769295302,1.1899728311283952,1.0613800417694854,1.5560201125993924,0.17665357887744904,0.7450000047683716,0.23999999463558197,0.20606887340545654,0.4638136625289917
3,3042,smooth-metric,0.009119627997279167,1.0381443786621094,2.0305623593537705,2.4872706880505455,1.20352842676623,1.0823199120775278,1.5830653772589276,0.1841733157634735,0.7450000047683716,0.23999999463558197,0.2412276268005371,0.4938754141330719
3,4042,baseline,0.011931064538657665,0.9869035339355469,2.0825171837439904,2.481958088121916,1.1041311341358053,0.9515024849551016,1.9725681403755466,0.17889061570167542,0.7599999904632568,0.29999998211860657,0.09521027654409409,0.03605450689792633
3,4042,smooth-euc,0.011931064538657665,0.9810128021240234,2.0222325587010648,2.2562731692665503,0.8272591209236764,0.7177596661870733,1.6229483373494087,0.08791638910770416,0.7599999904632568,0.29999998211860657,0.1695205569267273,0.3247108459472656
3,4042,smooth-metric,0.011931064538657665,0.9809055328369141,2.0274810791015625,2.2593715065403988,0.8082419941202151,0.7158719891407124,1.6082901719940708,0.08819189667701721,0.7599999904632568,0.29999998211860657,0.19458505511283875,0.35401421785354614
11,42,baseline,0.018612615764141083,1.2197480010986328,2.2520065307617188,2.8042582592933005,1.662879113143117,1.1552654668082114,1.6702758287532407,0.17247839272022247,0.7649999856948853,0.23999999463558197,0.07548108696937561,0.011887525208294392
11,42,smooth-euc,0.018612615764141083,1.2347946929931641,2.3282036159349526,2.7688070060380925,1.6965559468990397,1.1441756353495054,1.48007508095772,0.18860743939876556,0.7649999856948853,0.23999999463558197,0.15735843777656555,0.1272338628768921
11,42,smooth-metric,0.018612615764141083,1.240277557373047,2.3657850182574727,2.8219105838950163,1.7273676807781981,1.1897346777212867,1.5405244209596343,0.19272826611995697,0.7649999856948853,0.23999999463558197,0.16806170344352722,0.14004987478256226
11,1042,baseline,0.009157935157418251,1.1091220414818233,2.083295200892857,2.782821443345812,1.5105891252585957,1.0294512082525216,1.787502094558997,0.2184855341911316,0.7199999690055847,0.26499998569488525,0.04250084236264229,0.005936508532613516
11,1042,smooth-euc,0.009157935157418251,1.1147340554088803,2.0518094308035715,2.65073479546441,1.4313046292547862,0.9452808267630962,1.643398119690347,0.1610262393951416,0.7199999690055847,0.26499998569488525,0.12053732573986053,0.08821392059326172
11,1042,smooth-metric,0.009157935157418251,1.1139682788944723,2.0462555803571427,2.647449493408203,1.4438125430634248,0.9447381517899358,1.640424119384984,0.16410717368125916,0.7199999690055847,0.26499998569488525,0.12589743733406067,0.08839747309684753
11,2042,baseline,0.0043396297842264175,0.9867269238035883,2.387273599813273,2.87104826520203,1.499086448810698,1.2252708173604445,2.07592339239981,0.23646050691604614,0.7849999666213989,0.23499999940395355,0.026676097884774208,0.005037558265030384
11,2042,smooth-euc,0.0043396297842264175,0.9932411232186322,2.31539548098386,2.6893957830538415,1.373475728742307,1.0595103657835223,1.6173427153238145,0.1859825998544693,0.7849999666213989,0.23499999940395355,0.10946337133646011,0.10446654260158539
11,2042,smooth-metric,0.0043396297842264175,0.9920960239429569,2.3127293848729398,2.685276881904359,1.3684891269606962,1.0586166563091375,1.5981552241009738,0.18983091413974762,0.7849999666213989,0.23499999940395355,0.11404987424612045,0.10759764909744263
11,3042,baseline,0.00970526598393917,1.0496620178222655,2.1066796675972315,2.875498726863989,1.7656389027348531,1.1382555025611052,1.691003891071518,0.2723609507083893,0.7450000047683716,0.23999999463558197,0.02402035892009735,0.002652341267094016
11,3042,smooth-euc,0.00970526598393917,1.0447029876708984,1.9832103563391643,2.6369473246119965,1.389981451091746,0.9690099965786038,1.3326840530356534,0.23082536458969116,0.7450000047683716,0.23999999463558197,0.08195453882217407,0.10044677555561066
11,3042,smooth-metric,0.00970526598393917,1.0461354064941406,1.9888980699622112,2.65587662050388,1.4032909136188743,0.9815190816287452,1.3426449190538636,0.23271507024765015,0.7450000047683716,0.23999999463558197,0.08644470572471619,0.10616446286439896
11,4042,baseline,0.01729690283536911,0.7758580780029297,1.7548360300588084,2.168000672992907,1.3525843752417894,0.6634543651556929,0.9314992006924337,0.15950998663902283,0.7599999904632568,0.29999998211860657,0.0474943146109581,0.007000868674367666
11,4042,smooth-euc,0.01729690283536911,0.777684326171875,1.7292393275669642,2.011593868857936,1.3746681166481174,0.6647607874309315,0.6790742358302329,0.15993987023830414,0.7599999904632568,0.29999998211860657,0.1308526247739792,0.1863817572593689
11,4042,smooth-metric,0.01729690283536911,0.7772824096679688,1.723760248540522,2.0126814591257194,1.3767111026962204,0.6598410608909837,0.6898748935856742,0.16271162033081055,0.7599999904632568,0.29999998211860657,0.14474329352378845,0.19145479798316956
201,42,baseline,0.1538219451904297,1.157304458618164,2.2240524291992188,3.0051010231566586,1.9864731419927744,1.2091458315005075,1.9044378218697335,0.20982690155506134,0.7649999856948853,0.23999999463558197,0.011600052937865257,0.0004444067017175257
201,42,smooth-euc,0.1538219451904297,1.1478724670410156,2.226114853568699,3.0169442370046977,2.015698347270983,1.2006176608157697,1.9522529244587656,0.2708088457584381,0.7649999856948853,0.23999999463558197,0.016546666622161865,0.00862674880772829
201,42,smooth-metric,0.1538219451904297,1.1477467346191406,2.2253116110096807,3.016128041385825,2.014888841793127,1.1997303647981008,1.9509033588593578,0.27048951387405396,0.7649999856948853,0.23999999463558197,0.016569865867495537,0.008595939725637436
201,1042,baseline,0.09649579972028732,1.2036531534626256,2.1992184012276788,2.8232654995388455,1.5686463772615553,1.0973886227412324,1.7640536592159568,0.21884861588478088,0.7199999690055847,0.26499998569488525,0.006968082394450903,0.00045302428770810366
201,1042,smooth-euc,0.09649579972028732,1.2036500863693467,2.1939345005580355,2.7745668623182507,1.6486356364049506,1.0586209088885046,1.6840490764107139,0.22840160131454468,0.7199999690055847,0.26499998569488525,0.01214994490146637,0.0042637609876692295
201,1042,smooth-metric,0.09649579972028732,1.2036720927636229,2.1939390345982144,2.7743407355414496,1.6473671219937174,1.0578818905608336,1.6833705432670658,0.22837942838668823,0.7199999690055847,0.26499998569488525,0.012153347954154015,0.004261917434632778
201,2042,baseline,0.07201142609119415,1.2057823296168342,2.4772778186169297,3.0623588804986066,1.8866676170407717,1.685680284226485,2.363457226628238,0.23670664429664612,0.7849999666213989,0.23499999940395355,0.005922822747379541,0.0005040400428697467
201,2042,smooth-euc,0.07201142609119415,1.1915150551340687,2.3942718505859375,2.8643425619526273,1.5381062737785545,1.4644780628642895,1.5857336698776199,0.21231618523597717,0.7849999666213989,0.23499999940395355,0.012975521385669708,0.007422391790896654
201,2042,smooth-metric,0.07201142609119415,1.191680678171129,2.395528101659083,2.8663458368580814,1.5403615468150775,1.4665893677387922,1.591589639944498,0.21279288828372955,0.7849999666213989,0.23499999940395355,0.013025123625993729,0.0074279699474573135
201,3042,baseline,0.05333130806684494,1.2183487701416016,2.313920394234035,3.164792054451552,2.0287702508539787,1.0371725503664913,2.2698444264182616,0.2861219644546509,0.7450000047683716,0.23999999463558197,0.005015991162508726,0.00023056929057929665
201,3042,smooth-euc,0.05333130806684494,1.2077446746826173,2.2122570535411006,2.718857323563339,1.3598621987034507,0.8003425202653357,1.4855896472415666,0.19410055875778198,0.7450000047683716,0.23999999463558197,0.01213961560279131,0.010362907312810421
201,3042,smooth-metric,0.05333130806684494,1.2077691650390625,2.2124061584472656,2.7185666897152894,1.3597854548413424,0.7999207490803366,1.4843461293206985,0.19403880834579468,0.7450000047683716,0.23999999463558197,0.012151745148003101,0.01038410048931837
201,4042,baseline,0.05648762360215187,1.1198257446289062,2.1724246517642514,2.5637126721833883,1.7170377077828172,1.054550617825288,2.09881264265361,0.22088481485843658,0.7599999904632568,0.29999998211860657,0.007303168997168541,0.00040155366878025234
201,4042,smooth-euc,0.05648762360215187,1.1152879333496093,2.1391202486478367,2.4452815808747945,1.5012943245100776,0.9846612983368653,2.0343547465521867,0.1984270066022873,0.7599999904632568,0.29999998211860657,0.01468851137906313,0.00756192859262228
201,4042,smooth-metric,0.05648762360215187,1.1153658294677735,2.1396450839199863,2.445104900159334,1.5009867688672491,0.9841841159074568,2.0322815711199036,0.19843871891498566,0.7599999904632568,0.29999998211860657,0.014738654717803001,0.0075984131544828415
