config,seed,reconstruction,tangent,curvature,E_mu,E_Sigma,sigma_min_min,sigma_min_p5,sigma_min_median
baseline,42,0.009816998,0.04661056,0.06260267,0.06999890506267548,0.03205645829439163,1.0892417430877686,1.1237983703613281,1.2178375720977783
T,42,0.016571248,0.0047705374,0.0068886373,0.010615243576467037,0.003966385964304209,1.0161542892456055,1.056533694267273,1.1780050992965698
K,42,0.005501796,0.012884948,0.02355838,0.015749404206871986,0.008258821442723274,1.0730372667312622,1.1326748132705688,1.2351622581481934
F,42,0.114625394,0.63980734,0.28704178,0.8134247064590454,1.0177973508834839,1.7918040752410889,1.8114815950393677,1.8771474361419678
C,42,0.11438165,0.6482481,0.2889408,0.8506810069084167,1.028111219406128,4.103336334228516,4.177146911621094,4.307633876800537
T+K,42,0.009595972,0.00351796,0.0062018395,0.005880588665604591,0.0020989931654185057,1.004980444908142,1.0471925735473633,1.1834944486618042
T+F,42,0.0003409664,0.0028683073,0.008988441,0.006293802056461573,0.0014424995752051473,1.3613402843475342,1.3986655473709106,1.4922701120376587
F+K,42,0.15222971,0.5518729,0.21817331,0.29359355568885803,0.39822521805763245,1.4198344945907593,1.4373371601104736,1.6504499912261963
T+F+K,42,0.002780067,0.0040641734,0.008909287,0.008584333583712578,0.003149607917293906,1.3767327070236206,1.423064947128296,1.5027672052383423
baseline,1042,0.01932592,0.06494588,0.063381344,0.06531140208244324,0.047658197581768036,1.0483503341674805,1.1282877922058105,1.2222965955734253
T,1042,0.0141961025,0.0074199657,0.0060972166,0.003974368330091238,0.0009699412039481103,1.0355218648910522,1.053795576095581,1.1501976251602173
K,1042,0.018646639,0.032752845,0.025635796,0.019978143274784088,0.014135478064417839,0.9583421945571899,1.0441961288452148,1.206950068473816
F,1042,0.13744436,0.64588046,0.29587463,0.9796550869941711,1.036623239517212,1.5594727993011475,1.6495729684829712,1.8433890342712402
C,1042,0.15056017,0.65646154,0.2982661,0.9794319868087769,1.0386247634887695,4.629820823669434,4.67677640914917,4.841461658477783
T+K,1042,0.013324439,0.0069817095,0.0058035767,0.003384677227586508,0.000875235244166106,1.0437803268432617,1.057492733001709,1.1654796600341797
T+F,1042,0.0036402082,0.008400784,0.010597135,0.005647498182952404,0.0024466775357723236,1.4329503774642944,1.4559032917022705,1.525112509727478
F+K,1042,0.21309207,0.6626927,0.26227608,0.9792545437812805,0.6269499659538269,1.2335307598114014,1.3160706758499146,1.6967673301696777
T+F+K,1042,0.004805189,0.008904344,0.010466518,0.006369148381054401,0.0029211868532001972,1.4518641233444214,1.4609010219573975,1.5236095190048218
baseline,2042,0.022358673,0.047373004,0.04955637,0.07169158011674881,0.02626027725636959,1.1372030973434448,1.1596181392669678,1.222494125366211
T,2042,0.005926534,0.0019611435,0.005121192,0.0026581906713545322,0.0009051384404301643,0.9818326234817505,1.0488581657409668,1.2259262800216675
K,2042,0.011355778,0.015657973,0.01374456,0.013819310814142227,0.0067408159375190735,1.0775632858276367,1.131587266921997,1.2377793788909912
F,2042,0.10096416,0.56752056,0.2652205,0.8388514518737793,0.8366737365722656,1.4980746507644653,1.5136276483535767,1.650344729423523
C,2042,0.121150084,0.6564728,0.29804063,1.039640188217163,0.927574098110199,4.5470380783081055,4.617376804351807,4.77118444442749
T+K,2042,0.008133375,0.0032396552,0.0049407114,0.005649476312100887,0.0021862341091036797,0.9775019288063049,1.0394248962402344,1.2072508335113525
T+F,2042,0.0019685314,0.0025012947,0.0057941545,0.005298593081533909,0.001934277475811541,1.355758786201477,1.3738399744033813,1.4774013757705688
F+K,2042,0.041568086,0.23574023,0.11125862,0.2121940553188324,0.21541133522987366,1.1548503637313843,1.2655705213546753,1.4092200994491577
T+F+K,2042,0.0007306884,0.0024369883,0.0062543266,0.0057439799420535564,0.0019526941468939185,1.3951891660690308,1.407617211341858,1.518701195716858
baseline,3042,0.005713653,0.037322585,0.046594635,0.037607692182064056,0.016463275998830795,1.056735873222351,1.1545413732528687,1.2577091455459595
T,3042,0.00559942,0.0021326076,0.003538145,0.002921284409239888,0.0008072400232777,0.9294844269752502,0.9856175184249878,1.150902509689331
K,3042,0.0043403786,0.018105755,0.013200533,0.009188013151288033,0.008977474644780159,1.080157995223999,1.155190110206604,1.2784273624420166
F,3042,0.11601346,0.59811413,0.26830247,0.5802841186523438,0.7593693733215332,1.6887863874435425,1.7090656757354736,1.7904555797576904
C,3042,0.11427518,0.5955763,0.2650638,0.5558834671974182,0.7653316855430603,3.2870066165924072,3.3513472080230713,3.6211085319519043
T+K,3042,0.008354896,0.0038984164,0.0035784987,0.00729737151414156,0.0033613615669310093,0.9436942934989929,0.9897300004959106,1.1427361965179443
T+F,3042,0.00026013367,0.0022510495,0.0056590284,0.00403868593275547,0.001179513055831194,1.347080945968628,1.358293056488037,1.497840404510498
F+K,3042,0.28805903,0.8447147,0.29466352,0.46593037247657776,0.3804734945297241,1.614023208618164,1.6162570714950562,1.6542057991027832
T+F+K,3042,0.0003182979,0.0023101645,0.0053110044,0.00391786452382803,0.0011491787154227495,1.4249765872955322,1.4402401447296143,1.5409886837005615
baseline,4042,0.009831892,0.050311867,0.058962177,0.056911006569862366,0.02896222099661827,1.0523173809051514,1.0862927436828613,1.1941046714782715
T,4042,0.015695382,0.0039299163,0.0071765603,0.008019637316465378,0.0026871776208281517,1.0308367013931274,1.0546085834503174,1.1713906526565552
K,4042,0.0064231413,0.022549512,0.016079392,0.013953039422631264,0.013949492014944553,1.0509698390960693,1.0956774950027466,1.198999047279358
F,4042,0.118393704,0.62764245,0.26671776,0.8324888348579407,0.8248755931854248,1.6695610284805298,1.6892648935317993,1.7530981302261353
C,4042,0.12630194,0.66871643,0.2847425,0.8822996020317078,0.8913347721099854,4.2483229637146,4.312554359436035,4.5276336669921875
T+K,4042,0.014996461,0.0034937954,0.007959817,0.008239947259426117,0.002539802575483918,1.044252872467041,1.0722732543945312,1.172973394393921
T+F,4042,0.0007097374,0.0031358758,0.006867933,0.007177659310400486,0.002183447824791074,1.3533964157104492,1.369398832321167,1.5233733654022217
F+K,4042,0.18169892,0.5747061,0.22083053,0.3176475763320923,0.3052237629890442,1.350602626800537,1.3873103857040405,1.6919902563095093
T+F+K,4042,0.009032232,0.008466713,0.008125,0.009874634444713593,0.00610903138294816,1.3547195196151733,1.3641815185546875,1.5116581916809082
baseline,5042,0.0063169394,0.044251837,0.050006308,0.04562211409211159,0.028365321457386017,1.1301535367965698,1.167223334312439,1.2695728540420532
T,5042,0.010463041,0.0023804957,0.0064273914,0.004035416524857283,0.0009495384292677045,0.9377994537353516,0.9507054686546326,1.0961649417877197
K,5042,0.0049398793,0.016307367,0.015227835,0.009492956101894379,0.007418184541165829,1.1218557357788086,1.1658118963241577,1.2656058073043823
F,5042,0.14335175,0.68135566,0.28652257,0.9496856331825256,0.9313369989395142,1.8223967552185059,1.8381255865097046,1.8820196390151978
C,5042,0.14533372,0.68633324,0.28706503,0.9759025573730469,0.9312930703163147,3.7916762828826904,3.930974245071411,4.236252307891846
T+K,5042,0.007983727,0.0022296032,0.005494572,0.0025768063496798277,0.0010622969130054116,0.9578898549079895,0.9708240032196045,1.1167210340499878
T+F,5042,0.0012571887,0.0024743383,0.0057865484,0.004394006449729204,0.001422584755346179,1.2315044403076172,1.2575236558914185,1.4023170471191406
F+K,5042,0.17444302,0.5611012,0.22412182,0.2916807532310486,0.26558753848075867,1.283209204673767,1.2948482036590576,1.5510509014129639
T+F+K,5042,0.00037006367,0.0018050402,0.005450088,0.0034035921562463045,0.0009458793792873621,1.2234618663787842,1.2495697736740112,1.4003866910934448
baseline,6042,0.0040176907,0.032516338,0.042803124,0.042230844497680664,0.01759456843137741,1.1311930418014526,1.153774619102478,1.240727186203003
T,6042,0.007429639,0.003800449,0.007332689,0.008639957755804062,0.0026947036385536194,1.0270614624023438,1.0640009641647339,1.2031694650650024
K,6042,0.004988728,0.01823647,0.019677887,0.010568788275122643,0.00817312952131033,1.1371090412139893,1.1742331981658936,1.2462102174758911
F,6042,0.105850495,0.61963356,0.2578778,0.7553824186325073,0.9284636974334717,1.5693585872650146,1.5719850063323975,1.70039701461792
C,6042,0.07868409,0.48739573,0.20173927,0.5009623169898987,0.6544686555862427,2.442172050476074,2.4737818241119385,2.687748670578003
T+K,6042,0.0054293517,0.0028589217,0.006509739,0.006894848309457302,0.002060642698779702,1.0298171043395996,1.0729745626449585,1.216625452041626
T+F,6042,0.00032495242,0.0015794112,0.004358376,0.0035836673341691494,0.001397505635395646,1.403390645980835,1.4195040464401245,1.5209672451019287
F+K,6042,0.2478356,0.6990121,0.23834255,0.4149358868598938,0.2682480812072754,1.592934012413025,1.624569296836853,1.700202226638794
T+F+K,6042,0.00023459822,0.0015122218,0.003884039,0.0031284024007618427,0.001217587385326624,1.3832566738128662,1.4017103910446167,1.4987235069274902
baseline,7042,0.005301536,0.03177085,0.03834934,0.04369935393333435,0.018965721130371094,1.104835867881775,1.1440569162368774,1.2512370347976685
T,7042,0.0037688676,0.0017600248,0.0037613744,0.003874910995364189,0.0013475134037435055,1.044858694076538,1.0936119556427002,1.244760274887085
K,7042,0.0033395153,0.008800213,0.010697233,0.008225648663938046,0.0034489422105252743,1.1122795343399048,1.1362119913101196,1.2641125917434692
F,7042,0.09553688,0.57489645,0.24148962,0.7276044487953186,0.6880475878715515,1.7751880884170532,1.8075742721557617,1.845773696899414
C,7042,0.07091036,0.3722393,0.15741546,0.3003557324409485,0.22484470903873444,2.1937665939331055,2.279144048690796,2.976749897003174
T+K,7042,0.0038502887,0.0017011056,0.003695153,0.0035705738700926304,0.001111913938075304,1.0578054189682007,1.0947679281234741,1.2417176961898804
T+F,7042,0.0020423364,0.0023961158,0.0041764784,0.005628046113997698,0.0022164378315210342,1.3456271886825562,1.3700960874557495,1.5366188287734985
F+K,7042,0.29594913,0.8415824,0.2879744,0.5497056245803833,0.3297659158706665,1.6206883192062378,1.6398749351501465,1.6878831386566162
T+F+K,7042,0.0057381517,0.005742122,0.0052022333,0.010861823335289955,0.004955018870532513,1.3198493719100952,1.3519256114959717,1.5168931484222412
baseline,8042,0.007912178,0.04897429,0.042957652,0.04804997518658638,0.02949357032775879,1.1434624195098877,1.1849724054336548,1.2824019193649292
T,8042,0.0027629733,0.0013991706,0.0025383735,0.0024793928023427725,0.0006963925552554429,1.0521668195724487,1.0938268899917603,1.1982269287109375
K,8042,0.007140561,0.042504143,0.03371618,0.02504424937069416,0.01736290752887726,1.108365535736084,1.1622297763824463,1.251007080078125
F,8042,0.087268375,0.4587937,0.17313403,0.3397299647331238,0.4491741955280304,1.3593642711639404,1.3920732736587524,1.6770811080932617
C,8042,0.13730356,0.69410557,0.28131726,0.784518301486969,0.9905045032501221,4.230251789093018,4.275325298309326,4.409295558929443
T+K,8042,0.0036466804,0.0017308914,0.0029735419,0.003113959450274706,0.0013699213741347194,1.0746325254440308,1.1134965419769287,1.2020084857940674
T+F,8042,0.0009535533,0.002645983,0.005491276,0.006040844134986401,0.0016085740644484758,1.4185588359832764,1.4363538026809692,1.5583701133728027
F+K,8042,0.31187284,0.84190184,0.28679696,0.5005210638046265,0.401149183511734,1.6101269721984863,1.6121593713760376,1.6873347759246826
T+F+K,8042,0.0009771107,0.0022030843,0.0043266807,0.004837035201489925,0.0013921253848820925,1.440673589706421,1.4560506343841553,1.5681756734848022
baseline,9042,0.0055685816,0.026089918,0.023788594,0.032597001641988754,0.019712328910827637,1.0081024169921875,1.094889521598816,1.2051912546157837
T,9042,0.009732649,0.0032594267,0.0034114062,0.005052423104643822,0.0020344506483525038,0.9622945785522461,1.0171482563018799,1.168003797531128
K,9042,0.0056402064,0.022515887,0.015706118,0.01648334600031376,0.016194136813282967,1.053044080734253,1.1214406490325928,1.207822322845459
F,9042,0.06687135,0.4282005,0.18898271,0.6403372287750244,0.5855447053909302,1.5797830820083618,1.6131165027618408,1.8828740119934082
C,9042,0.10542585,0.6144059,0.28003645,1.0597723722457886,0.9001260995864868,4.114815711975098,4.160262584686279,4.335623741149902
T+K,9042,0.0034109084,0.0012708488,0.0026248307,0.0023432732559740543,0.0006038185674697161,0.9823716878890991,1.0359299182891846,1.1824212074279785
T+F,9042,0.013149208,0.0045127473,0.0051271,0.010579144582152367,0.003610825166106224,1.245794653892517,1.2586318254470825,1.434995412826538
F+K,9042,0.17178959,0.60300416,0.23234804,0.3221129775047302,0.3076392412185669,1.425933599472046,1.4402216672897339,1.7681386470794678
T+F+K,9042,0.00036681458,0.0017694521,0.004183979,0.006554445717483759,0.0014970195479691029,1.3204474449157715,1.3378369808197021,1.4937827587127686
